time=2026-09-03T23:24:02.270Z level=INFO msg="waiting for the broker" brokers=[kafka:9092]
time=2026-09-03T23:24:02.272Z level=INFO msg="metrics listening" addr=:2112
time=2026-09-03T23:24:02.361Z level=INFO msg="delivery semantics configured" dedupe=true capacity=50000 ttl=10m0s header=kafka-lab-event-id fault_rate=0.01 fault_seed=pf-s313
time=2026-09-03T23:24:07.638Z level=INFO msg="fault injected: rewinding instead of committing" key=pf-s313-graded:251 partition=2 offset=131 epoch=0
time=2026-09-03T23:24:07.725Z level=INFO msg=redelivery key=pf-s313-graded:251 partition=2 offset=131 suppressed=true
time=2026-09-03T23:24:07.747Z level=INFO msg=redelivery key=pf-s313-graded:252 partition=2 offset=132 suppressed=true
time=2026-09-03T23:24:09.466Z level=INFO msg="fault injected: rewinding instead of committing" key=pf-s313-graded:331 partition=2 offset=177 epoch=0
time=2026-09-03T23:24:09.485Z level=INFO msg=redelivery key=pf-s313-graded:331 partition=2 offset=177 suppressed=true
time=2026-09-03T23:24:09.507Z level=INFO msg=redelivery key=pf-s313-graded:336 partition=2 offset=178 suppressed=true
time=2026-09-03T23:24:09.869Z level=INFO msg="fault injected: rewinding instead of committing" key=pf-s313-graded:350 partition=0 offset=81 epoch=0
time=2026-09-03T23:24:10.219Z level=INFO msg=redelivery key=pf-s313-graded:350 partition=0 offset=81 suppressed=true
time=2026-09-03T23:24:10.240Z level=INFO msg=redelivery key=pf-s313-graded:353 partition=0 offset=82 suppressed=true
time=2026-09-03T23:24:10.259Z level=INFO msg=redelivery key=pf-s313-graded:355 partition=0 offset=83 suppressed=true
time=2026-09-03T23:24:12.608Z level=INFO msg="fault injected: rewinding instead of committing" key=pf-s313-graded:474 partition=1 offset=120 epoch=0
time=2026-09-03T23:24:13.090Z level=INFO msg=redelivery key=pf-s313-graded:474 partition=1 offset=120 suppressed=true
time=2026-09-03T23:24:13.109Z level=INFO msg=redelivery key=pf-s313-graded:476 partition=1 offset=121 suppressed=true
time=2026-09-03T23:24:13.131Z level=INFO msg=redelivery key=pf-s313-graded:477 partition=1 offset=122 suppressed=true
time=2026-09-03T23:24:13.148Z level=INFO msg=redelivery key=pf-s313-graded:484 partition=1 offset=123 suppressed=true
time=2026-09-03T23:24:13.174Z level=INFO msg=redelivery key=pf-s313-graded:488 partition=1 offset=124 suppressed=true
time=2026-09-03T23:24:17.249Z level=INFO msg="fault injected: rewinding instead of committing" key=pf-s313-graded:695 partition=0 offset=167 epoch=0
time=2026-09-03T23:24:17.791Z level=INFO msg=redelivery key=pf-s313-graded:695 partition=0 offset=167 suppressed=true
time=2026-09-03T23:24:17.809Z level=INFO msg=redelivery key=pf-s313-graded:698 partition=0 offset=168 suppressed=true
time=2026-09-03T23:24:17.828Z level=INFO msg=redelivery key=pf-s313-graded:703 partition=0 offset=169 suppressed=true
time=2026-09-03T23:24:17.848Z level=INFO msg=redelivery key=pf-s313-graded:705 partition=0 offset=170 suppressed=true
time=2026-09-03T23:24:17.867Z level=INFO msg=redelivery key=pf-s313-graded:707 partition=0 offset=171 suppressed=true
time=2026-09-03T23:24:17.889Z level=INFO msg=redelivery key=pf-s313-graded:708 partition=0 offset=172 suppressed=true
time=2026-09-03T23:24:17.912Z level=INFO msg=redelivery key=pf-s313-graded:710 partition=0 offset=173 suppressed=true
time=2026-09-03T23:24:17.928Z level=INFO msg=redelivery key=pf-s313-graded:715 partition=0 offset=174 suppressed=true
time=2026-09-03T23:24:19.762Z level=INFO msg="fault injected: rewinding instead of committing" key=pf-s313-graded:832 partition=1 offset=215 epoch=0
time=2026-09-03T23:24:19.781Z level=INFO msg=redelivery key=pf-s313-graded:832 partition=1 offset=215 suppressed=true
time=2026-09-03T23:24:21.389Z level=INFO msg="fault injected: rewinding instead of committing" key=pf-s313-graded:890 partition=2 offset=433 epoch=0
time=2026-09-03T23:24:21.456Z level=INFO msg=redelivery key=pf-s313-graded:890 partition=2 offset=433 suppressed=true
time=2026-09-03T23:24:21.477Z level=INFO msg=redelivery key=pf-s313-graded:893 partition=2 offset=434 suppressed=true
time=2026-09-03T23:24:21.497Z level=INFO msg=redelivery key=pf-s313-graded:894 partition=2 offset=435 suppressed=true
time=2026-09-03T23:24:21.516Z level=INFO msg=redelivery key=pf-s313-graded:899 partition=2 offset=436 suppressed=true
time=2026-09-03T23:24:21.537Z level=INFO msg=redelivery key=pf-s313-graded:901 partition=2 offset=437 suppressed=true
time=2026-09-03T23:24:21.557Z level=INFO msg=redelivery key=pf-s313-graded:903 partition=2 offset=438 suppressed=true
time=2026-09-03T23:24:21.576Z level=INFO msg=redelivery key=pf-s313-graded:905 partition=2 offset=439 suppressed=true
time=2026-09-03T23:24:21.598Z level=INFO msg=redelivery key=pf-s313-graded:906 partition=2 offset=440 suppressed=true
time=2026-09-03T23:24:21.617Z level=INFO msg=redelivery key=pf-s313-graded:907 partition=2 offset=441 suppressed=true
time=2026-09-03T23:24:22.458Z level=INFO msg="fault injected: rewinding instead of committing" key=pf-s313-graded:942 partition=1 offset=247 epoch=0
time=2026-09-03T23:24:22.499Z level=INFO msg=redelivery key=pf-s313-graded:942 partition=1 offset=247 suppressed=true
time=2026-09-03T23:24:22.521Z level=INFO msg=redelivery key=pf-s313-graded:945 partition=1 offset=248 suppressed=true
time=2026-09-03T23:24:23.641Z level=INFO msg="fault injected: rewinding instead of committing" key=pf-s313-graded:963 partition=2 offset=470 epoch=0
time=2026-09-03T23:24:24.282Z level=INFO msg=redelivery key=pf-s313-graded:963 partition=2 offset=470 suppressed=true
time=2026-09-03T23:24:24.303Z level=INFO msg=redelivery key=pf-s313-graded:964 partition=2 offset=471 suppressed=true
time=2026-09-03T23:24:24.326Z level=INFO msg=redelivery key=pf-s313-graded:967 partition=2 offset=472 suppressed=true
time=2026-09-03T23:24:24.344Z level=INFO msg=redelivery key=pf-s313-graded:968 partition=2 offset=473 suppressed=true
time=2026-09-03T23:24:24.365Z level=INFO msg=redelivery key=pf-s313-graded:969 partition=2 offset=474 suppressed=true
time=2026-09-03T23:24:24.383Z level=INFO msg=redelivery key=pf-s313-graded:972 partition=2 offset=475 suppressed=true
time=2026-09-03T23:24:24.402Z level=INFO msg=redelivery key=pf-s313-graded:977 partition=2 offset=476 suppressed=true
time=2026-09-03T23:24:24.422Z level=INFO msg=redelivery key=pf-s313-graded:980 partition=2 offset=477 suppressed=true
time=2026-09-03T23:24:24.443Z level=INFO msg=redelivery key=pf-s313-graded:984 partition=2 offset=478 suppressed=true
time=2026-09-03T23:24:24.464Z level=INFO msg=redelivery key=pf-s313-graded:985 partition=2 offset=479 suppressed=true
time=2026-09-03T23:24:24.484Z level=INFO msg=redelivery key=pf-s313-graded:986 partition=2 offset=480 suppressed=true
time=2026-09-03T23:24:24.503Z level=INFO msg=redelivery key=pf-s313-graded:988 partition=2 offset=481 suppressed=true
time=2026-09-03T23:24:24.528Z level=INFO msg=redelivery key=pf-s313-graded:989 partition=2 offset=482 suppressed=true
time=2026-09-03T23:24:24.544Z level=INFO msg=redelivery key=pf-s313-graded:991 partition=2 offset=483 suppressed=true
time=2026-09-03T23:24:24.566Z level=INFO msg=redelivery key=pf-s313-graded:993 partition=2 offset=484 suppressed=true
time=2026-09-03T23:24:24.583Z level=INFO msg=redelivery key=pf-s313-graded:994 partition=2 offset=485 suppressed=true
time=2026-09-03T23:24:24.607Z level=INFO msg=redelivery key=pf-s313-graded:1000 partition=2 offset=486 suppressed=true
time=2026-09-03T23:24:24.626Z level=INFO msg=redelivery key=pf-s313-graded:1001 partition=2 offset=487 suppressed=true
time=2026-09-03T23:24:24.646Z level=INFO msg=redelivery key=pf-s313-graded:1002 partition=2 offset=488 suppressed=true
time=2026-09-03T23:24:24.663Z level=INFO msg=redelivery key=pf-s313-graded:1005 partition=2 offset=489 suppressed=true
time=2026-09-03T23:24:26.773Z level=INFO msg="fault injected: rewinding instead of committing" key=pf-s313-graded:1113 partition=0 offset=281 epoch=0
time=2026-09-03T23:24:28.024Z level=INFO msg=redelivery key=pf-s313-graded:1113 partition=0 offset=281 suppressed=true
time=2026-09-03T23:24:28.041Z level=INFO msg=redelivery key=pf-s313-graded:1116 partition=0 offset=282 suppressed=true
time=2026-09-03T23:24:28.063Z level=INFO msg=redelivery key=pf-s313-graded:1118 partition=0 offset=283 suppressed=true
time=2026-09-03T23:24:28.083Z level=INFO msg=redelivery key=pf-s313-graded:1123 partition=0 offset=284 suppressed=true
time=2026-09-03T23:24:28.102Z level=INFO msg=redelivery key=pf-s313-graded:1124 partition=0 offset=285 suppressed=true
time=2026-09-03T23:24:28.122Z level=INFO msg=redelivery key=pf-s313-graded:1126 partition=0 offset=286 suppressed=true
time=2026-09-03T23:24:28.141Z level=INFO msg=redelivery key=pf-s313-graded:1134 partition=0 offset=287 suppressed=true
time=2026-09-03T23:24:28.161Z level=INFO msg=redelivery key=pf-s313-graded:1135 partition=0 offset=288 suppressed=true
time=2026-09-03T23:24:28.187Z level=INFO msg=redelivery key=pf-s313-graded:1137 partition=0 offset=289 suppressed=true
time=2026-09-03T23:24:28.587Z level=INFO msg="fault injected: rewinding instead of committing" key=pf-s313-graded:1205 partition=1 offset=314 epoch=0
time=2026-09-03T23:24:29.129Z level=INFO msg=redelivery key=pf-s313-graded:1205 partition=1 offset=314 suppressed=true
time=2026-09-03T23:24:29.151Z level=INFO msg=redelivery key=pf-s313-graded:1208 partition=1 offset=315 suppressed=true
time=2026-09-03T23:24:29.171Z level=INFO msg=redelivery key=pf-s313-graded:1214 partition=1 offset=316 suppressed=true
time=2026-09-03T23:24:32.679Z level=INFO msg="fault injected: rewinding instead of committing" key=pf-s313-graded:1383 partition=0 offset=357 epoch=0
time=2026-09-03T23:24:32.679Z level=INFO msg="fault injected: rewinding instead of committing" key=pf-s313-graded:1335 partition=1 offset=346 epoch=0
time=2026-09-03T23:24:32.701Z level=INFO msg=redelivery key=pf-s313-graded:1335 partition=1 offset=346 suppressed=true
time=2026-09-03T23:24:32.721Z level=INFO msg=redelivery key=pf-s313-graded:1340 partition=1 offset=347 suppressed=true
time=2026-09-03T23:24:32.741Z level=INFO msg=redelivery key=pf-s313-graded:1342 partition=1 offset=348 suppressed=true
time=2026-09-03T23:24:32.762Z level=INFO msg=redelivery key=pf-s313-graded:1348 partition=1 offset=349 suppressed=true
time=2026-09-03T23:24:32.782Z level=INFO msg=redelivery key=pf-s313-graded:1350 partition=1 offset=350 suppressed=true
time=2026-09-03T23:24:32.801Z level=INFO msg=redelivery key=pf-s313-graded:1351 partition=1 offset=351 suppressed=true
time=2026-09-03T23:24:32.821Z level=INFO msg=redelivery key=pf-s313-graded:1357 partition=1 offset=352 suppressed=true
time=2026-09-03T23:24:32.841Z level=INFO msg=redelivery key=pf-s313-graded:1358 partition=1 offset=353 suppressed=true
time=2026-09-03T23:24:32.862Z level=INFO msg=redelivery key=pf-s313-graded:1363 partition=1 offset=354 suppressed=true
time=2026-09-03T23:24:32.881Z level=INFO msg=redelivery key=pf-s313-graded:1370 partition=1 offset=355 suppressed=true
time=2026-09-03T23:24:32.902Z level=INFO msg=redelivery key=pf-s313-graded:1372 partition=1 offset=356 suppressed=true
time=2026-09-03T23:24:32.923Z level=INFO msg=redelivery key=pf-s313-graded:1378 partition=1 offset=357 suppressed=true
time=2026-09-03T23:24:32.942Z level=INFO msg=redelivery key=pf-s313-graded:1384 partition=1 offset=358 suppressed=true
time=2026-09-03T23:24:32.961Z level=INFO msg=redelivery key=pf-s313-graded:1387 partition=1 offset=359 suppressed=true
time=2026-09-03T23:24:32.981Z level=INFO msg=redelivery key=pf-s313-graded:1391 partition=1 offset=360 suppressed=true
time=2026-09-03T23:24:33.002Z level=INFO msg=redelivery key=pf-s313-graded:1392 partition=1 offset=361 suppressed=true
time=2026-09-03T23:24:33.022Z level=INFO msg=redelivery key=pf-s313-graded:1395 partition=1 offset=362 suppressed=true
time=2026-09-03T23:24:33.041Z level=INFO msg=redelivery key=pf-s313-graded:1397 partition=1 offset=363 suppressed=true
time=2026-09-03T23:24:33.062Z level=INFO msg=redelivery key=pf-s313-graded:1402 partition=1 offset=364 suppressed=true
time=2026-09-03T23:24:33.081Z level=INFO msg=redelivery key=pf-s313-graded:1405 partition=1 offset=365 suppressed=true
time=2026-09-03T23:24:33.102Z level=INFO msg=redelivery key=pf-s313-graded:1412 partition=1 offset=366 suppressed=true
time=2026-09-03T23:24:34.722Z level=INFO msg=redelivery key=pf-s313-graded:1383 partition=0 offset=357 suppressed=true
time=2026-09-03T23:24:34.742Z level=INFO msg=redelivery key=pf-s313-graded:1386 partition=0 offset=358 suppressed=true
time=2026-09-03T23:24:34.763Z level=INFO msg=redelivery key=pf-s313-graded:1399 partition=0 offset=359 suppressed=true
time=2026-09-03T23:24:34.781Z level=INFO msg=redelivery key=pf-s313-graded:1406 partition=0 offset=360 suppressed=true
time=2026-09-03T23:24:34.801Z level=INFO msg=redelivery key=pf-s313-graded:1408 partition=0 offset=361 suppressed=true
time=2026-09-03T23:24:34.823Z level=INFO msg=redelivery key=pf-s313-graded:1410 partition=0 offset=362 suppressed=true
time=2026-09-03T23:24:34.844Z level=INFO msg=redelivery key=pf-s313-graded:1413 partition=0 offset=363 suppressed=true
time=2026-09-03T23:24:35.323Z level=INFO msg="fault injected: rewinding instead of committing" key=pf-s313-graded:1474 partition=2 offset=712 epoch=0
time=2026-09-03T23:24:36.781Z level=INFO msg=redelivery key=pf-s313-graded:1474 partition=2 offset=712 suppressed=true
time=2026-09-03T23:24:36.802Z level=INFO msg=redelivery key=pf-s313-graded:1476 partition=2 offset=713 suppressed=true
time=2026-09-03T23:24:36.824Z level=INFO msg=redelivery key=pf-s313-graded:1479 partition=2 offset=714 suppressed=true
time=2026-09-03T23:24:36.843Z level=INFO msg=redelivery key=pf-s313-graded:1480 partition=2 offset=715 suppressed=true
time=2026-09-03T23:24:36.862Z level=INFO msg=redelivery key=pf-s313-graded:1481 partition=2 offset=716 suppressed=true
time=2026-09-03T23:24:36.881Z level=INFO msg=redelivery key=pf-s313-graded:1484 partition=2 offset=717 suppressed=true
time=2026-09-03T23:24:36.902Z level=INFO msg=redelivery key=pf-s313-graded:1489 partition=2 offset=718 suppressed=true
time=2026-09-03T23:24:36.921Z level=INFO msg=redelivery key=pf-s313-graded:1491 partition=2 offset=719 suppressed=true
time=2026-09-03T23:24:36.945Z level=INFO msg=redelivery key=pf-s313-graded:1493 partition=2 offset=720 suppressed=true
time=2026-09-03T23:24:36.961Z level=INFO msg=redelivery key=pf-s313-graded:1494 partition=2 offset=721 suppressed=true
time=2026-09-03T23:24:36.982Z level=INFO msg=redelivery key=pf-s313-graded:1495 partition=2 offset=722 suppressed=true
time=2026-09-03T23:24:37.001Z level=INFO msg=redelivery key=pf-s313-graded:1497 partition=2 offset=723 suppressed=true
time=2026-09-03T23:24:37.021Z level=INFO msg=redelivery key=pf-s313-graded:1498 partition=2 offset=724 suppressed=true
time=2026-09-03T23:24:37.042Z level=INFO msg=redelivery key=pf-s313-graded:1499 partition=2 offset=725 suppressed=true
time=2026-09-03T23:24:37.061Z level=INFO msg=redelivery key=pf-s313-graded:1502 partition=2 offset=726 suppressed=true
time=2026-09-03T23:24:37.082Z level=INFO msg=redelivery key=pf-s313-graded:1504 partition=2 offset=727 suppressed=true
time=2026-09-03T23:24:37.101Z level=INFO msg=redelivery key=pf-s313-graded:1508 partition=2 offset=728 suppressed=true
time=2026-09-03T23:24:37.122Z level=INFO msg=redelivery key=pf-s313-graded:1511 partition=2 offset=729 suppressed=true
time=2026-09-03T23:24:37.143Z level=INFO msg=redelivery key=pf-s313-graded:1514 partition=2 offset=730 suppressed=true
time=2026-09-03T23:24:37.162Z level=INFO msg=redelivery key=pf-s313-graded:1515 partition=2 offset=731 suppressed=true
time=2026-09-03T23:24:37.181Z level=INFO msg=redelivery key=pf-s313-graded:1517 partition=2 offset=732 suppressed=true
time=2026-09-03T23:24:37.201Z level=INFO msg=redelivery key=pf-s313-graded:1519 partition=2 offset=733 suppressed=true
time=2026-09-03T23:24:38.422Z level=INFO msg="fault injected: rewinding instead of committing" key=pf-s313-graded:1570 partition=0 offset=404 epoch=0
time=2026-09-03T23:24:39.901Z level=INFO msg=redelivery key=pf-s313-graded:1570 partition=0 offset=404 suppressed=true
time=2026-09-03T23:24:39.924Z level=INFO msg=redelivery key=pf-s313-graded:1572 partition=0 offset=405 suppressed=true
time=2026-09-03T23:24:39.942Z level=INFO msg=redelivery key=pf-s313-graded:1573 partition=0 offset=406 suppressed=true
time=2026-09-03T23:24:39.961Z level=INFO msg=redelivery key=pf-s313-graded:1575 partition=0 offset=407 suppressed=true
time=2026-09-03T23:24:39.981Z level=INFO msg=redelivery key=pf-s313-graded:1577 partition=0 offset=408 suppressed=true
time=2026-09-03T23:24:40.002Z level=INFO msg=redelivery key=pf-s313-graded:1584 partition=0 offset=409 suppressed=true
time=2026-09-03T23:24:40.021Z level=INFO msg=redelivery key=pf-s313-graded:1585 partition=0 offset=410 suppressed=true
time=2026-09-03T23:24:40.042Z level=INFO msg=redelivery key=pf-s313-graded:1586 partition=0 offset=411 suppressed=true
time=2026-09-03T23:24:40.063Z level=INFO msg=redelivery key=pf-s313-graded:1595 partition=0 offset=412 suppressed=true
time=2026-09-03T23:24:40.081Z level=INFO msg=redelivery key=pf-s313-graded:1598 partition=0 offset=413 suppressed=true
time=2026-09-03T23:24:40.102Z level=INFO msg=redelivery key=pf-s313-graded:1599 partition=0 offset=414 suppressed=true
time=2026-09-03T23:24:40.122Z level=INFO msg=redelivery key=pf-s313-graded:1602 partition=0 offset=415 suppressed=true
time=2026-09-03T23:24:40.142Z level=INFO msg=redelivery key=pf-s313-graded:1606 partition=0 offset=416 suppressed=true
time=2026-09-03T23:24:40.162Z level=INFO msg=redelivery key=pf-s313-graded:1613 partition=0 offset=417 suppressed=true
time=2026-09-03T23:24:40.182Z level=INFO msg=redelivery key=pf-s313-graded:1615 partition=0 offset=418 suppressed=true
time=2026-09-03T23:24:40.202Z level=INFO msg=redelivery key=pf-s313-graded:1624 partition=0 offset=419 suppressed=true
time=2026-09-03T23:24:40.221Z level=INFO msg=redelivery key=pf-s313-graded:1626 partition=0 offset=420 suppressed=true
time=2026-09-03T23:24:40.242Z level=INFO msg=redelivery key=pf-s313-graded:1627 partition=0 offset=421 suppressed=true
time=2026-09-03T23:24:40.261Z level=INFO msg=redelivery key=pf-s313-graded:1629 partition=0 offset=422 suppressed=true
time=2026-09-03T23:24:40.281Z level=INFO msg=redelivery key=pf-s313-graded:1636 partition=0 offset=423 suppressed=true
time=2026-09-03T23:24:40.302Z level=INFO msg=redelivery key=pf-s313-graded:1641 partition=0 offset=424 suppressed=true
time=2026-09-03T23:24:40.324Z level=INFO msg=redelivery key=pf-s313-graded:1643 partition=0 offset=425 suppressed=true
time=2026-09-03T23:24:40.341Z level=INFO msg=redelivery key=pf-s313-graded:1645 partition=0 offset=426 suppressed=true
time=2026-09-03T23:24:40.363Z level=INFO msg=redelivery key=pf-s313-graded:1646 partition=0 offset=427 suppressed=true
time=2026-09-03T23:24:40.381Z level=INFO msg=redelivery key=pf-s313-graded:1650 partition=0 offset=428 suppressed=true
time=2026-09-03T23:24:42.002Z level=INFO msg="fault injected: rewinding instead of committing" key=pf-s313-graded:1673 partition=2 offset=802 epoch=0
time=2026-09-03T23:24:42.822Z level=INFO msg=redelivery key=pf-s313-graded:1673 partition=2 offset=802 suppressed=true
time=2026-09-03T23:24:42.843Z level=INFO msg=redelivery key=pf-s313-graded:1674 partition=2 offset=803 suppressed=true
time=2026-09-03T23:24:42.861Z level=INFO msg=redelivery key=pf-s313-graded:1676 partition=2 offset=804 suppressed=true
time=2026-09-03T23:24:42.882Z level=INFO msg=redelivery key=pf-s313-graded:1677 partition=2 offset=805 suppressed=true
time=2026-09-03T23:24:42.901Z level=INFO msg=redelivery key=pf-s313-graded:1678 partition=2 offset=806 suppressed=true
time=2026-09-03T23:24:42.921Z level=INFO msg=redelivery key=pf-s313-graded:1679 partition=2 offset=807 suppressed=true
time=2026-09-03T23:24:42.941Z level=INFO msg=redelivery key=pf-s313-graded:1680 partition=2 offset=808 suppressed=true
time=2026-09-03T23:24:42.961Z level=INFO msg=redelivery key=pf-s313-graded:1681 partition=2 offset=809 suppressed=true
time=2026-09-03T23:24:42.982Z level=INFO msg=redelivery key=pf-s313-graded:1684 partition=2 offset=810 suppressed=true
time=2026-09-03T23:24:43.001Z level=INFO msg=redelivery key=pf-s313-graded:1685 partition=2 offset=811 suppressed=true
time=2026-09-03T23:24:43.021Z level=INFO msg=redelivery key=pf-s313-graded:1688 partition=2 offset=812 suppressed=true
time=2026-09-03T23:24:43.041Z level=INFO msg=redelivery key=pf-s313-graded:1691 partition=2 offset=813 suppressed=true
time=2026-09-03T23:24:43.064Z level=INFO msg=redelivery key=pf-s313-graded:1692 partition=2 offset=814 suppressed=true
time=2026-09-03T23:24:43.081Z level=INFO msg=redelivery key=pf-s313-graded:1694 partition=2 offset=815 suppressed=true
time=2026-09-03T23:24:43.104Z level=INFO msg=redelivery key=pf-s313-graded:1696 partition=2 offset=816 suppressed=true
time=2026-09-03T23:24:43.121Z level=INFO msg=redelivery key=pf-s313-graded:1697 partition=2 offset=817 suppressed=true
time=2026-09-03T23:24:43.142Z level=INFO msg=redelivery key=pf-s313-graded:1699 partition=2 offset=818 suppressed=true
time=2026-09-03T23:24:43.162Z level=INFO msg=redelivery key=pf-s313-graded:1700 partition=2 offset=819 suppressed=true
time=2026-09-03T23:24:43.182Z level=INFO msg=redelivery key=pf-s313-graded:1702 partition=2 offset=820 suppressed=true
time=2026-09-03T23:24:43.201Z level=INFO msg=redelivery key=pf-s313-graded:1705 partition=2 offset=821 suppressed=true
time=2026-09-03T23:24:43.221Z level=INFO msg=redelivery key=pf-s313-graded:1709 partition=2 offset=822 suppressed=true
time=2026-09-03T23:24:43.242Z level=INFO msg=redelivery key=pf-s313-graded:1710 partition=2 offset=823 suppressed=true
time=2026-09-03T23:24:43.261Z level=INFO msg=redelivery key=pf-s313-graded:1711 partition=2 offset=824 suppressed=true
time=2026-09-03T23:24:43.282Z level=INFO msg=redelivery key=pf-s313-graded:1713 partition=2 offset=825 suppressed=true
time=2026-09-03T23:24:43.301Z level=INFO msg=redelivery key=pf-s313-graded:1716 partition=2 offset=826 suppressed=true
time=2026-09-03T23:24:43.322Z level=INFO msg=redelivery key=pf-s313-graded:1718 partition=2 offset=827 suppressed=true
time=2026-09-03T23:24:43.342Z level=INFO msg=redelivery key=pf-s313-graded:1727 partition=2 offset=828 suppressed=true
time=2026-09-03T23:24:43.362Z level=INFO msg=redelivery key=pf-s313-graded:1728 partition=2 offset=829 suppressed=true
time=2026-09-03T23:24:43.382Z level=INFO msg=redelivery key=pf-s313-graded:1732 partition=2 offset=830 suppressed=true
time=2026-09-03T23:24:43.401Z level=INFO msg=redelivery key=pf-s313-graded:1734 partition=2 offset=831 suppressed=true
time=2026-09-03T23:24:43.422Z level=INFO msg=redelivery key=pf-s313-graded:1738 partition=2 offset=832 suppressed=true
time=2026-09-03T23:24:43.441Z level=INFO msg=redelivery key=pf-s313-graded:1740 partition=2 offset=833 suppressed=true
time=2026-09-03T23:24:43.461Z level=INFO msg=redelivery key=pf-s313-graded:1742 partition=2 offset=834 suppressed=true
time=2026-09-03T23:24:43.481Z level=INFO msg=redelivery key=pf-s313-graded:1744 partition=2 offset=835 suppressed=true
time=2026-09-03T23:24:43.501Z level=INFO msg=redelivery key=pf-s313-graded:1745 partition=2 offset=836 suppressed=true
time=2026-09-03T23:24:43.522Z level=INFO msg=redelivery key=pf-s313-graded:1748 partition=2 offset=837 suppressed=true
time=2026-09-03T23:24:43.541Z level=INFO msg=redelivery key=pf-s313-graded:1749 partition=2 offset=838 suppressed=true
time=2026-09-03T23:24:43.562Z level=INFO msg=redelivery key=pf-s313-graded:1751 partition=2 offset=839 suppressed=true
time=2026-09-03T23:24:43.582Z level=INFO msg=redelivery key=pf-s313-graded:1754 partition=2 offset=840 suppressed=true
time=2026-09-03T23:24:43.603Z level=INFO msg=redelivery key=pf-s313-graded:1755 partition=2 offset=841 suppressed=true
time=2026-09-03T23:24:43.623Z level=INFO msg=redelivery key=pf-s313-graded:1758 partition=2 offset=842 suppressed=true
time=2026-09-03T23:24:43.643Z level=INFO msg=redelivery key=pf-s313-graded:1762 partition=2 offset=843 suppressed=true
time=2026-09-03T23:24:43.661Z level=INFO msg=redelivery key=pf-s313-graded:1763 partition=2 offset=844 suppressed=true
time=2026-09-03T23:24:43.682Z level=INFO msg=redelivery key=pf-s313-graded:1765 partition=2 offset=845 suppressed=true
time=2026-09-03T23:24:43.702Z level=INFO msg=redelivery key=pf-s313-graded:1767 partition=2 offset=846 suppressed=true
time=2026-09-03T23:24:43.721Z level=INFO msg=redelivery key=pf-s313-graded:1769 partition=2 offset=847 suppressed=true
time=2026-09-03T23:24:43.742Z level=INFO msg=redelivery key=pf-s313-graded:1771 partition=2 offset=848 suppressed=true
time=2026-09-03T23:24:43.762Z level=INFO msg=redelivery key=pf-s313-graded:1772 partition=2 offset=849 suppressed=true
time=2026-09-03T23:24:43.782Z level=INFO msg=redelivery key=pf-s313-graded:1773 partition=2 offset=850 suppressed=true
time=2026-09-03T23:24:43.801Z level=INFO msg=redelivery key=pf-s313-graded:1774 partition=2 offset=851 suppressed=true
time=2026-09-03T23:24:43.822Z level=INFO msg=redelivery key=pf-s313-graded:1775 partition=2 offset=852 suppressed=true
time=2026-09-03T23:24:43.843Z level=INFO msg=redelivery key=pf-s313-graded:1776 partition=2 offset=853 suppressed=true
time=2026-09-03T23:24:43.861Z level=INFO msg=redelivery key=pf-s313-graded:1779 partition=2 offset=854 suppressed=true
time=2026-09-03T23:24:43.882Z level=INFO msg=redelivery key=pf-s313-graded:1780 partition=2 offset=855 suppressed=true
time=2026-09-03T23:24:43.901Z level=INFO msg=redelivery key=pf-s313-graded:1783 partition=2 offset=856 suppressed=true
time=2026-09-03T23:24:43.922Z level=INFO msg=redelivery key=pf-s313-graded:1784 partition=2 offset=857 suppressed=true
time=2026-09-03T23:24:43.941Z level=INFO msg=redelivery key=pf-s313-graded:1789 partition=2 offset=858 suppressed=true
time=2026-09-03T23:24:43.962Z level=INFO msg=redelivery key=pf-s313-graded:1790 partition=2 offset=859 suppressed=true
time=2026-09-03T23:24:43.982Z level=INFO msg=redelivery key=pf-s313-graded:1791 partition=2 offset=860 suppressed=true
time=2026-09-03T23:24:44.001Z level=INFO msg=redelivery key=pf-s313-graded:1792 partition=2 offset=861 suppressed=true
time=2026-09-03T23:24:44.021Z level=INFO msg=redelivery key=pf-s313-graded:1793 partition=2 offset=862 suppressed=true
time=2026-09-03T23:24:44.042Z level=INFO msg=redelivery key=pf-s313-graded:1795 partition=2 offset=863 suppressed=true
time=2026-09-03T23:24:44.062Z level=INFO msg=redelivery key=pf-s313-graded:1798 partition=2 offset=864 suppressed=true
time=2026-09-03T23:24:44.082Z level=INFO msg=redelivery key=pf-s313-graded:1800 partition=2 offset=865 suppressed=true
time=2026-09-03T23:24:44.102Z level=INFO msg=redelivery key=pf-s313-graded:1802 partition=2 offset=866 suppressed=true
time=2026-09-03T23:24:44.122Z level=INFO msg=redelivery key=pf-s313-graded:1803 partition=2 offset=867 suppressed=true
time=2026-09-03T23:24:46.924Z level=INFO msg="fault injected: rewinding instead of committing" key=pf-s313-graded:1837 partition=0 offset=472 epoch=0
time=2026-09-03T23:24:46.942Z level=INFO msg=redelivery key=pf-s313-graded:1837 partition=0 offset=472 suppressed=true
time=2026-09-03T23:24:46.963Z level=INFO msg=redelivery key=pf-s313-graded:1839 partition=0 offset=473 suppressed=true
time=2026-09-03T23:24:46.983Z level=INFO msg=redelivery key=pf-s313-graded:1840 partition=0 offset=474 suppressed=true
time=2026-09-03T23:24:47.001Z level=INFO msg=redelivery key=pf-s313-graded:1843 partition=0 offset=475 suppressed=true
time=2026-09-03T23:24:47.021Z level=INFO msg=redelivery key=pf-s313-graded:1850 partition=0 offset=476 suppressed=true
time=2026-09-03T23:24:47.041Z level=INFO msg=redelivery key=pf-s313-graded:1851 partition=0 offset=477 suppressed=true
time=2026-09-03T23:24:47.061Z level=INFO msg=redelivery key=pf-s313-graded:1854 partition=0 offset=478 suppressed=true
time=2026-09-03T23:24:47.081Z level=INFO msg=redelivery key=pf-s313-graded:1859 partition=0 offset=479 suppressed=true
time=2026-09-03T23:24:47.102Z level=INFO msg=redelivery key=pf-s313-graded:1862 partition=0 offset=480 suppressed=true
time=2026-09-03T23:24:47.121Z level=INFO msg=redelivery key=pf-s313-graded:1876 partition=0 offset=481 suppressed=true
time=2026-09-03T23:24:47.143Z level=INFO msg=redelivery key=pf-s313-graded:1878 partition=0 offset=482 suppressed=true
time=2026-09-03T23:24:47.161Z level=INFO msg=redelivery key=pf-s313-graded:1883 partition=0 offset=483 suppressed=true
time=2026-09-03T23:24:47.182Z level=INFO msg=redelivery key=pf-s313-graded:1884 partition=0 offset=484 suppressed=true
time=2026-09-03T23:24:47.201Z level=INFO msg=redelivery key=pf-s313-graded:1887 partition=0 offset=485 suppressed=true
time=2026-09-03T23:24:47.222Z level=INFO msg=redelivery key=pf-s313-graded:1892 partition=0 offset=486 suppressed=true
time=2026-09-03T23:24:47.241Z level=INFO msg=redelivery key=pf-s313-graded:1893 partition=0 offset=487 suppressed=true
time=2026-09-03T23:24:47.262Z level=INFO msg=redelivery key=pf-s313-graded:1898 partition=0 offset=488 suppressed=true
time=2026-09-03T23:24:47.281Z level=INFO msg=redelivery key=pf-s313-graded:1899 partition=0 offset=489 suppressed=true
time=2026-09-03T23:24:47.302Z level=INFO msg=redelivery key=pf-s313-graded:1900 partition=0 offset=490 suppressed=true
time=2026-09-03T23:24:47.321Z level=INFO msg=redelivery key=pf-s313-graded:1907 partition=0 offset=491 suppressed=true
time=2026-09-03T23:24:47.342Z level=INFO msg=redelivery key=pf-s313-graded:1911 partition=0 offset=492 suppressed=true
time=2026-09-03T23:24:47.361Z level=INFO msg=redelivery key=pf-s313-graded:1915 partition=0 offset=493 suppressed=true
time=2026-09-03T23:24:47.383Z level=INFO msg=redelivery key=pf-s313-graded:1919 partition=0 offset=494 suppressed=true
time=2026-09-03T23:24:47.402Z level=INFO msg=redelivery key=pf-s313-graded:1930 partition=0 offset=495 suppressed=true
time=2026-09-03T23:24:47.424Z level=INFO msg=redelivery key=pf-s313-graded:1932 partition=0 offset=496 suppressed=true
time=2026-09-03T23:24:47.442Z level=INFO msg=redelivery key=pf-s313-graded:1934 partition=0 offset=497 suppressed=true
time=2026-09-03T23:24:47.462Z level=INFO msg=redelivery key=pf-s313-graded:1936 partition=0 offset=498 suppressed=true
time=2026-09-03T23:24:47.482Z level=INFO msg=redelivery key=pf-s313-graded:1941 partition=0 offset=499 suppressed=true
time=2026-09-03T23:24:47.501Z level=INFO msg=redelivery key=pf-s313-graded:1945 partition=0 offset=500 suppressed=true
time=2026-09-03T23:24:47.521Z level=INFO msg=redelivery key=pf-s313-graded:1947 partition=0 offset=501 suppressed=true
time=2026-09-03T23:24:47.542Z level=INFO msg=redelivery key=pf-s313-graded:1949 partition=0 offset=502 suppressed=true
time=2026-09-03T23:24:47.564Z level=INFO msg=redelivery key=pf-s313-graded:1952 partition=0 offset=503 suppressed=true
time=2026-09-03T23:24:47.581Z level=INFO msg=redelivery key=pf-s313-graded:1959 partition=0 offset=504 suppressed=true
time=2026-09-03T23:24:47.603Z level=INFO msg=redelivery key=pf-s313-graded:1960 partition=0 offset=505 suppressed=true
time=2026-09-03T23:24:47.624Z level=INFO msg=redelivery key=pf-s313-graded:1966 partition=0 offset=506 suppressed=true
time=2026-09-03T23:24:47.646Z level=INFO msg=redelivery key=pf-s313-graded:1971 partition=0 offset=507 suppressed=true
time=2026-09-03T23:24:47.663Z level=INFO msg=redelivery key=pf-s313-graded:1983 partition=0 offset=508 suppressed=true
time=2026-09-03T23:24:47.683Z level=INFO msg=redelivery key=pf-s313-graded:1985 partition=0 offset=509 suppressed=true
time=2026-09-03T23:24:52.602Z level=INFO msg="fault injected: rewinding instead of committing" key=pf-s313-graded:2006 partition=2 offset=967 epoch=0
time=2026-09-03T23:24:52.621Z level=INFO msg=redelivery key=pf-s313-graded:2006 partition=2 offset=967 suppressed=true
time=2026-09-03T23:24:52.645Z level=INFO msg=redelivery key=pf-s313-graded:2007 partition=2 offset=968 suppressed=true
time=2026-09-03T23:24:52.664Z level=INFO msg=redelivery key=pf-s313-graded:2008 partition=2 offset=969 suppressed=true
time=2026-09-03T23:24:52.682Z level=INFO msg=redelivery key=pf-s313-graded:2010 partition=2 offset=970 suppressed=true
time=2026-09-03T23:24:52.701Z level=INFO msg=redelivery key=pf-s313-graded:2012 partition=2 offset=971 suppressed=true
time=2026-09-03T23:24:52.722Z level=INFO msg=redelivery key=pf-s313-graded:2013 partition=2 offset=972 suppressed=true
time=2026-09-03T23:24:52.741Z level=INFO msg=redelivery key=pf-s313-graded:2015 partition=2 offset=973 suppressed=true
time=2026-09-03T23:24:52.767Z level=INFO msg=redelivery key=pf-s313-graded:2017 partition=2 offset=974 suppressed=true
time=2026-09-03T23:24:52.782Z level=INFO msg=redelivery key=pf-s313-graded:2020 partition=2 offset=975 suppressed=true
time=2026-09-03T23:24:52.801Z level=INFO msg=redelivery key=pf-s313-graded:2021 partition=2 offset=976 suppressed=true
time=2026-09-03T23:24:52.822Z level=INFO msg=redelivery key=pf-s313-graded:2023 partition=2 offset=977 suppressed=true
time=2026-09-03T23:24:52.842Z level=INFO msg=redelivery key=pf-s313-graded:2024 partition=2 offset=978 suppressed=true
time=2026-09-03T23:24:52.868Z level=INFO msg=redelivery key=pf-s313-graded:2026 partition=2 offset=979 suppressed=true
time=2026-09-03T23:24:52.881Z level=INFO msg=redelivery key=pf-s313-graded:2027 partition=2 offset=980 suppressed=true
time=2026-09-03T23:24:52.902Z level=INFO msg=redelivery key=pf-s313-graded:2033 partition=2 offset=981 suppressed=true
time=2026-09-03T23:24:52.922Z level=INFO msg=redelivery key=pf-s313-graded:2035 partition=2 offset=982 suppressed=true
time=2026-09-03T23:24:52.941Z level=INFO msg=redelivery key=pf-s313-graded:2036 partition=2 offset=983 suppressed=true
time=2026-09-03T23:24:52.962Z level=INFO msg=redelivery key=pf-s313-graded:2040 partition=2 offset=984 suppressed=true
time=2026-09-03T23:24:52.981Z level=INFO msg=redelivery key=pf-s313-graded:2041 partition=2 offset=985 suppressed=true
time=2026-09-03T23:24:53.002Z level=INFO msg=redelivery key=pf-s313-graded:2042 partition=2 offset=986 suppressed=true
time=2026-09-03T23:24:53.021Z level=INFO msg=redelivery key=pf-s313-graded:2043 partition=2 offset=987 suppressed=true
time=2026-09-03T23:24:53.042Z level=INFO msg=redelivery key=pf-s313-graded:2044 partition=2 offset=988 suppressed=true
time=2026-09-03T23:24:53.062Z level=INFO msg=redelivery key=pf-s313-graded:2048 partition=2 offset=989 suppressed=true
time=2026-09-03T23:24:53.081Z level=INFO msg=redelivery key=pf-s313-graded:2051 partition=2 offset=990 suppressed=true
time=2026-09-03T23:24:53.101Z level=INFO msg=redelivery key=pf-s313-graded:2054 partition=2 offset=991 suppressed=true
time=2026-09-03T23:24:53.122Z level=INFO msg=redelivery key=pf-s313-graded:2055 partition=2 offset=992 suppressed=true
time=2026-09-03T23:24:53.142Z level=INFO msg=redelivery key=pf-s313-graded:2058 partition=2 offset=993 suppressed=true
time=2026-09-03T23:24:53.161Z level=INFO msg=redelivery key=pf-s313-graded:2059 partition=2 offset=994 suppressed=true
time=2026-09-03T23:24:53.181Z level=INFO msg=redelivery key=pf-s313-graded:2060 partition=2 offset=995 suppressed=true
time=2026-09-03T23:24:53.201Z level=INFO msg=redelivery key=pf-s313-graded:2061 partition=2 offset=996 suppressed=true
time=2026-09-03T23:24:53.221Z level=INFO msg=redelivery key=pf-s313-graded:2062 partition=2 offset=997 suppressed=true
time=2026-09-03T23:24:53.242Z level=INFO msg=redelivery key=pf-s313-graded:2063 partition=2 offset=998 suppressed=true
time=2026-09-03T23:24:53.261Z level=INFO msg=redelivery key=pf-s313-graded:2068 partition=2 offset=999 suppressed=true
time=2026-09-03T23:24:53.282Z level=INFO msg=redelivery key=pf-s313-graded:2069 partition=2 offset=1000 suppressed=true
time=2026-09-03T23:24:53.301Z level=INFO msg=redelivery key=pf-s313-graded:2070 partition=2 offset=1001 suppressed=true
time=2026-09-03T23:24:53.322Z level=INFO msg=redelivery key=pf-s313-graded:2071 partition=2 offset=1002 suppressed=true
time=2026-09-03T23:24:53.341Z level=INFO msg=redelivery key=pf-s313-graded:2072 partition=2 offset=1003 suppressed=true
time=2026-09-03T23:24:53.361Z level=INFO msg=redelivery key=pf-s313-graded:2075 partition=2 offset=1004 suppressed=true
time=2026-09-03T23:24:53.381Z level=INFO msg=redelivery key=pf-s313-graded:2076 partition=2 offset=1005 suppressed=true
time=2026-09-03T23:24:53.407Z level=INFO msg=redelivery key=pf-s313-graded:2077 partition=2 offset=1006 suppressed=true
time=2026-09-03T23:24:53.421Z level=INFO msg=redelivery key=pf-s313-graded:2078 partition=2 offset=1007 suppressed=true
time=2026-09-03T23:24:53.442Z level=INFO msg=redelivery key=pf-s313-graded:2079 partition=2 offset=1008 suppressed=true
time=2026-09-03T23:24:53.461Z level=INFO msg=redelivery key=pf-s313-graded:2081 partition=2 offset=1009 suppressed=true
time=2026-09-03T23:24:53.482Z level=INFO msg=redelivery key=pf-s313-graded:2084 partition=2 offset=1010 suppressed=true
time=2026-09-03T23:24:53.505Z level=INFO msg=redelivery key=pf-s313-graded:2085 partition=2 offset=1011 suppressed=true
time=2026-09-03T23:24:53.524Z level=INFO msg=redelivery key=pf-s313-graded:2091 partition=2 offset=1012 suppressed=true
time=2026-09-03T23:24:53.542Z level=INFO msg=redelivery key=pf-s313-graded:2098 partition=2 offset=1013 suppressed=true
time=2026-09-03T23:24:53.561Z level=INFO msg=redelivery key=pf-s313-graded:2101 partition=2 offset=1014 suppressed=true
time=2026-09-03T23:24:53.581Z level=INFO msg=redelivery key=pf-s313-graded:2102 partition=2 offset=1015 suppressed=true
time=2026-09-03T23:24:53.601Z level=INFO msg=redelivery key=pf-s313-graded:2104 partition=2 offset=1016 suppressed=true
time=2026-09-03T23:24:53.621Z level=INFO msg=redelivery key=pf-s313-graded:2105 partition=2 offset=1017 suppressed=true
time=2026-09-03T23:24:53.642Z level=INFO msg=redelivery key=pf-s313-graded:2106 partition=2 offset=1018 suppressed=true
time=2026-09-03T23:24:53.662Z level=INFO msg=redelivery key=pf-s313-graded:2107 partition=2 offset=1019 suppressed=true
time=2026-09-03T23:24:53.683Z level=INFO msg=redelivery key=pf-s313-graded:2108 partition=2 offset=1020 suppressed=true
time=2026-09-03T23:24:53.701Z level=INFO msg=redelivery key=pf-s313-graded:2109 partition=2 offset=1021 suppressed=true
time=2026-09-03T23:24:53.722Z level=INFO msg=redelivery key=pf-s313-graded:2111 partition=2 offset=1022 suppressed=true
time=2026-09-03T23:24:53.741Z level=INFO msg=redelivery key=pf-s313-graded:2112 partition=2 offset=1023 suppressed=true
time=2026-09-03T23:24:53.762Z level=INFO msg=redelivery key=pf-s313-graded:2113 partition=2 offset=1024 suppressed=true
time=2026-09-03T23:24:53.781Z level=INFO msg=redelivery key=pf-s313-graded:2114 partition=2 offset=1025 suppressed=true
time=2026-09-03T23:24:53.802Z level=INFO msg=redelivery key=pf-s313-graded:2120 partition=2 offset=1026 suppressed=true
time=2026-09-03T23:24:53.822Z level=INFO msg=redelivery key=pf-s313-graded:2121 partition=2 offset=1027 suppressed=true
time=2026-09-03T23:24:53.841Z level=INFO msg=redelivery key=pf-s313-graded:2122 partition=2 offset=1028 suppressed=true
time=2026-09-03T23:24:53.862Z level=INFO msg=redelivery key=pf-s313-graded:2124 partition=2 offset=1029 suppressed=true
time=2026-09-03T23:24:53.882Z level=INFO msg=redelivery key=pf-s313-graded:2125 partition=2 offset=1030 suppressed=true
time=2026-09-03T23:24:53.902Z level=INFO msg=redelivery key=pf-s313-graded:2126 partition=2 offset=1031 suppressed=true
time=2026-09-03T23:24:53.921Z level=INFO msg=redelivery key=pf-s313-graded:2128 partition=2 offset=1032 suppressed=true
time=2026-09-03T23:24:53.942Z level=INFO msg=redelivery key=pf-s313-graded:2130 partition=2 offset=1033 suppressed=true
time=2026-09-03T23:24:53.961Z level=INFO msg=redelivery key=pf-s313-graded:2132 partition=2 offset=1034 suppressed=true
time=2026-09-03T23:24:53.981Z level=INFO msg=redelivery key=pf-s313-graded:2134 partition=2 offset=1035 suppressed=true
time=2026-09-03T23:24:54.001Z level=INFO msg=redelivery key=pf-s313-graded:2135 partition=2 offset=1036 suppressed=true
time=2026-09-03T23:24:54.021Z level=INFO msg=redelivery key=pf-s313-graded:2138 partition=2 offset=1037 suppressed=true
time=2026-09-03T23:24:54.041Z level=INFO msg=redelivery key=pf-s313-graded:2139 partition=2 offset=1038 suppressed=true
time=2026-09-03T23:24:54.062Z level=INFO msg=redelivery key=pf-s313-graded:2140 partition=2 offset=1039 suppressed=true
time=2026-09-03T23:24:54.081Z level=INFO msg=redelivery key=pf-s313-graded:2141 partition=2 offset=1040 suppressed=true
time=2026-09-03T23:24:54.102Z level=INFO msg=redelivery key=pf-s313-graded:2142 partition=2 offset=1041 suppressed=true
time=2026-09-03T23:24:54.122Z level=INFO msg=redelivery key=pf-s313-graded:2145 partition=2 offset=1042 suppressed=true
time=2026-09-03T23:24:54.141Z level=INFO msg=redelivery key=pf-s313-graded:2146 partition=2 offset=1043 suppressed=true
time=2026-09-03T23:24:54.162Z level=INFO msg=redelivery key=pf-s313-graded:2148 partition=2 offset=1044 suppressed=true
time=2026-09-03T23:24:54.181Z level=INFO msg=redelivery key=pf-s313-graded:2150 partition=2 offset=1045 suppressed=true
time=2026-09-03T23:24:54.202Z level=INFO msg=redelivery key=pf-s313-graded:2151 partition=2 offset=1046 suppressed=true
time=2026-09-03T23:24:54.222Z level=INFO msg=redelivery key=pf-s313-graded:2153 partition=2 offset=1047 suppressed=true
time=2026-09-03T23:24:54.241Z level=INFO msg=redelivery key=pf-s313-graded:2154 partition=2 offset=1048 suppressed=true
time=2026-09-03T23:24:54.262Z level=INFO msg=redelivery key=pf-s313-graded:2155 partition=2 offset=1049 suppressed=true
time=2026-09-03T23:24:54.281Z level=INFO msg=redelivery key=pf-s313-graded:2164 partition=2 offset=1050 suppressed=true
time=2026-09-03T23:24:54.301Z level=INFO msg=redelivery key=pf-s313-graded:2165 partition=2 offset=1051 suppressed=true
time=2026-09-03T23:24:54.321Z level=INFO msg=redelivery key=pf-s313-graded:2173 partition=2 offset=1052 suppressed=true
time=2026-09-03T23:24:54.342Z level=INFO msg=redelivery key=pf-s313-graded:2177 partition=2 offset=1053 suppressed=true
time=2026-09-03T23:24:54.361Z level=INFO msg=redelivery key=pf-s313-graded:2178 partition=2 offset=1054 suppressed=true
time=2026-09-03T23:24:54.383Z level=INFO msg=redelivery key=pf-s313-graded:2179 partition=2 offset=1055 suppressed=true
time=2026-09-03T23:24:54.401Z level=INFO msg=redelivery key=pf-s313-graded:2180 partition=2 offset=1056 suppressed=true
time=2026-09-03T23:24:54.422Z level=INFO msg=redelivery key=pf-s313-graded:2181 partition=2 offset=1057 suppressed=true
time=2026-09-03T23:24:54.441Z level=INFO msg=redelivery key=pf-s313-graded:2182 partition=2 offset=1058 suppressed=true
time=2026-09-03T23:24:54.462Z level=INFO msg=redelivery key=pf-s313-graded:2184 partition=2 offset=1059 suppressed=true
time=2026-09-03T23:24:54.481Z level=INFO msg=redelivery key=pf-s313-graded:2189 partition=2 offset=1060 suppressed=true
time=2026-09-03T23:24:54.501Z level=INFO msg=redelivery key=pf-s313-graded:2190 partition=2 offset=1061 suppressed=true
time=2026-09-03T23:24:54.522Z level=INFO msg=redelivery key=pf-s313-graded:2191 partition=2 offset=1062 suppressed=true
time=2026-09-03T23:24:54.541Z level=INFO msg=redelivery key=pf-s313-graded:2193 partition=2 offset=1063 suppressed=true
time=2026-09-03T23:24:54.562Z level=INFO msg=redelivery key=pf-s313-graded:2194 partition=2 offset=1064 suppressed=true
time=2026-09-03T23:24:54.581Z level=INFO msg=redelivery key=pf-s313-graded:2196 partition=2 offset=1065 suppressed=true
time=2026-09-03T23:24:54.602Z level=INFO msg=redelivery key=pf-s313-graded:2198 partition=2 offset=1066 suppressed=true
time=2026-09-03T23:24:54.621Z level=INFO msg=redelivery key=pf-s313-graded:2200 partition=2 offset=1067 suppressed=true
time=2026-09-03T23:24:54.641Z level=INFO msg=redelivery key=pf-s313-graded:2202 partition=2 offset=1068 suppressed=true
time=2026-09-03T23:24:54.661Z level=INFO msg=redelivery key=pf-s313-graded:2203 partition=2 offset=1069 suppressed=true
time=2026-09-03T23:24:54.682Z level=INFO msg=redelivery key=pf-s313-graded:2204 partition=2 offset=1070 suppressed=true
time=2026-09-03T23:24:54.701Z level=INFO msg=redelivery key=pf-s313-graded:2205 partition=2 offset=1071 suppressed=true
time=2026-09-03T23:24:54.721Z level=INFO msg=redelivery key=pf-s313-graded:2206 partition=2 offset=1072 suppressed=true
time=2026-09-03T23:24:54.742Z level=INFO msg=redelivery key=pf-s313-graded:2207 partition=2 offset=1073 suppressed=true
time=2026-09-03T23:24:54.763Z level=INFO msg=redelivery key=pf-s313-graded:2208 partition=2 offset=1074 suppressed=true
time=2026-09-03T23:24:54.782Z level=INFO msg=redelivery key=pf-s313-graded:2211 partition=2 offset=1075 suppressed=true
time=2026-09-03T23:24:54.801Z level=INFO msg=redelivery key=pf-s313-graded:2212 partition=2 offset=1076 suppressed=true
time=2026-09-03T23:24:54.822Z level=INFO msg=redelivery key=pf-s313-graded:2217 partition=2 offset=1077 suppressed=true
time=2026-09-03T23:24:54.842Z level=INFO msg=redelivery key=pf-s313-graded:2218 partition=2 offset=1078 suppressed=true
time=2026-09-03T23:24:54.861Z level=INFO msg=redelivery key=pf-s313-graded:2219 partition=2 offset=1079 suppressed=true
time=2026-09-03T23:24:54.881Z level=INFO msg=redelivery key=pf-s313-graded:2220 partition=2 offset=1080 suppressed=true
time=2026-09-03T23:24:54.902Z level=INFO msg=redelivery key=pf-s313-graded:2221 partition=2 offset=1081 suppressed=true
time=2026-09-03T23:24:54.921Z level=INFO msg=redelivery key=pf-s313-graded:2222 partition=2 offset=1082 suppressed=true
time=2026-09-03T23:24:54.942Z level=INFO msg=redelivery key=pf-s313-graded:2223 partition=2 offset=1083 suppressed=true
time=2026-09-03T23:24:54.961Z level=INFO msg=redelivery key=pf-s313-graded:2224 partition=2 offset=1084 suppressed=true
time=2026-09-03T23:24:54.982Z level=INFO msg=redelivery key=pf-s313-graded:2225 partition=2 offset=1085 suppressed=true
time=2026-09-03T23:24:55.001Z level=INFO msg=redelivery key=pf-s313-graded:2227 partition=2 offset=1086 suppressed=true
time=2026-09-03T23:24:55.022Z level=INFO msg=redelivery key=pf-s313-graded:2228 partition=2 offset=1087 suppressed=true
time=2026-09-03T23:24:55.041Z level=INFO msg=redelivery key=pf-s313-graded:2229 partition=2 offset=1088 suppressed=true
time=2026-09-03T23:24:55.063Z level=INFO msg=redelivery key=pf-s313-graded:2230 partition=2 offset=1089 suppressed=true
time=2026-09-03T23:24:55.082Z level=INFO msg=redelivery key=pf-s313-graded:2231 partition=2 offset=1090 suppressed=true
time=2026-09-03T23:24:55.102Z level=INFO msg=redelivery key=pf-s313-graded:2232 partition=2 offset=1091 suppressed=true
time=2026-09-03T23:25:00.782Z level=INFO msg="fault injected: rewinding instead of committing" key=pf-s313-graded:2306 partition=2 offset=1127 epoch=0
time=2026-09-03T23:25:00.782Z level=INFO msg="fault injected: rewinding instead of committing" key=pf-s313-graded:2272 partition=1 offset=580 epoch=0
time=2026-09-03T23:25:00.801Z level=INFO msg=redelivery key=pf-s313-graded:2272 partition=1 offset=580 suppressed=true
time=2026-09-03T23:25:00.826Z level=INFO msg=redelivery key=pf-s313-graded:2281 partition=1 offset=581 suppressed=true
time=2026-09-03T23:25:00.842Z level=INFO msg=redelivery key=pf-s313-graded:2287 partition=1 offset=582 suppressed=true
time=2026-09-03T23:25:00.861Z level=INFO msg=redelivery key=pf-s313-graded:2289 partition=1 offset=583 suppressed=true
time=2026-09-03T23:25:00.882Z level=INFO msg=redelivery key=pf-s313-graded:2291 partition=1 offset=584 suppressed=true
time=2026-09-03T23:25:00.901Z level=INFO msg=redelivery key=pf-s313-graded:2296 partition=1 offset=585 suppressed=true
time=2026-09-03T23:25:00.921Z level=INFO msg=redelivery key=pf-s313-graded:2299 partition=1 offset=586 suppressed=true
time=2026-09-03T23:25:00.941Z level=INFO msg=redelivery key=pf-s313-graded:2300 partition=1 offset=587 suppressed=true
time=2026-09-03T23:25:00.962Z level=INFO msg=redelivery key=pf-s313-graded:2305 partition=1 offset=588 suppressed=true
time=2026-09-03T23:25:00.981Z level=INFO msg=redelivery key=pf-s313-graded:2312 partition=1 offset=589 suppressed=true
time=2026-09-03T23:25:01.004Z level=INFO msg=redelivery key=pf-s313-graded:2317 partition=1 offset=590 suppressed=true
time=2026-09-03T23:25:01.026Z level=INFO msg=redelivery key=pf-s313-graded:2321 partition=1 offset=591 suppressed=true
time=2026-09-03T23:25:01.041Z level=INFO msg=redelivery key=pf-s313-graded:2322 partition=1 offset=592 suppressed=true
time=2026-09-03T23:25:01.073Z level=INFO msg=redelivery key=pf-s313-graded:2323 partition=1 offset=593 suppressed=true
time=2026-09-03T23:25:01.081Z level=INFO msg=redelivery key=pf-s313-graded:2329 partition=1 offset=594 suppressed=true
time=2026-09-03T23:25:01.102Z level=INFO msg=redelivery key=pf-s313-graded:2330 partition=1 offset=595 suppressed=true
time=2026-09-03T23:25:01.122Z level=INFO msg=redelivery key=pf-s313-graded:2331 partition=1 offset=596 suppressed=true
time=2026-09-03T23:25:01.141Z level=INFO msg=redelivery key=pf-s313-graded:2336 partition=1 offset=597 suppressed=true
time=2026-09-03T23:25:01.161Z level=INFO msg=redelivery key=pf-s313-graded:2337 partition=1 offset=598 suppressed=true
time=2026-09-03T23:25:01.182Z level=INFO msg=redelivery key=pf-s313-graded:2357 partition=1 offset=599 suppressed=true
time=2026-09-03T23:25:01.202Z level=INFO msg=redelivery key=pf-s313-graded:2371 partition=1 offset=600 suppressed=true
time=2026-09-03T23:25:01.223Z level=INFO msg=redelivery key=pf-s313-graded:2375 partition=1 offset=601 suppressed=true
time=2026-09-03T23:25:01.246Z level=INFO msg=redelivery key=pf-s313-graded:2377 partition=1 offset=602 suppressed=true
time=2026-09-03T23:25:01.261Z level=INFO msg=redelivery key=pf-s313-graded:2379 partition=1 offset=603 suppressed=true
time=2026-09-03T23:25:01.282Z level=INFO msg=redelivery key=pf-s313-graded:2383 partition=1 offset=604 suppressed=true
time=2026-09-03T23:25:01.301Z level=INFO msg=redelivery key=pf-s313-graded:2387 partition=1 offset=605 suppressed=true
time=2026-09-03T23:25:01.322Z level=INFO msg=redelivery key=pf-s313-graded:2389 partition=1 offset=606 suppressed=true
time=2026-09-03T23:25:01.341Z level=INFO msg=redelivery key=pf-s313-graded:2397 partition=1 offset=607 suppressed=true
time=2026-09-03T23:25:01.362Z level=INFO msg=redelivery key=pf-s313-graded:2399 partition=1 offset=608 suppressed=true
time=2026-09-03T23:25:01.381Z level=INFO msg=redelivery key=pf-s313-graded:2405 partition=1 offset=609 suppressed=true
time=2026-09-03T23:25:01.402Z level=INFO msg=redelivery key=pf-s313-graded:2408 partition=1 offset=610 suppressed=true
time=2026-09-03T23:25:01.421Z level=INFO msg=redelivery key=pf-s313-graded:2412 partition=1 offset=611 suppressed=true
time=2026-09-03T23:25:01.442Z level=INFO msg=redelivery key=pf-s313-graded:2418 partition=1 offset=612 suppressed=true
time=2026-09-03T23:25:01.461Z level=INFO msg=redelivery key=pf-s313-graded:2422 partition=1 offset=613 suppressed=true
time=2026-09-03T23:25:01.482Z level=INFO msg=redelivery key=pf-s313-graded:2436 partition=1 offset=614 suppressed=true
time=2026-09-03T23:25:01.501Z level=INFO msg=redelivery key=pf-s313-graded:2442 partition=1 offset=615 suppressed=true
time=2026-09-03T23:25:01.523Z level=INFO msg=redelivery key=pf-s313-graded:2448 partition=1 offset=616 suppressed=true
time=2026-09-03T23:25:01.541Z level=INFO msg=redelivery key=pf-s313-graded:2451 partition=1 offset=617 suppressed=true
time=2026-09-03T23:25:01.562Z level=INFO msg=redelivery key=pf-s313-graded:2454 partition=1 offset=618 suppressed=true
time=2026-09-03T23:25:01.581Z level=INFO msg=redelivery key=pf-s313-graded:2462 partition=1 offset=619 suppressed=true
time=2026-09-03T23:25:01.601Z level=INFO msg=redelivery key=pf-s313-graded:2474 partition=1 offset=620 suppressed=true
time=2026-09-03T23:25:01.621Z level=INFO msg=redelivery key=pf-s313-graded:2485 partition=1 offset=621 suppressed=true
time=2026-09-03T23:25:01.642Z level=INFO msg=redelivery key=pf-s313-graded:2487 partition=1 offset=622 suppressed=true
time=2026-09-03T23:25:01.662Z level=INFO msg=redelivery key=pf-s313-graded:2490 partition=1 offset=623 suppressed=true
time=2026-09-03T23:25:01.681Z level=INFO msg=redelivery key=pf-s313-graded:2491 partition=1 offset=624 suppressed=true
time=2026-09-03T23:25:01.702Z level=INFO msg=redelivery key=pf-s313-graded:2494 partition=1 offset=625 suppressed=true
time=2026-09-03T23:25:01.724Z level=INFO msg=redelivery key=pf-s313-graded:2500 partition=1 offset=626 suppressed=true
time=2026-09-03T23:25:01.741Z level=INFO msg=redelivery key=pf-s313-graded:2501 partition=1 offset=627 suppressed=true
time=2026-09-03T23:25:01.762Z level=INFO msg=redelivery key=pf-s313-graded:2505 partition=1 offset=628 suppressed=true
time=2026-09-03T23:25:01.782Z level=INFO msg=redelivery key=pf-s313-graded:2506 partition=1 offset=629 suppressed=true
time=2026-09-03T23:25:01.801Z level=INFO msg=redelivery key=pf-s313-graded:2507 partition=1 offset=630 suppressed=true
time=2026-09-03T23:25:03.782Z level=INFO msg=redelivery key=pf-s313-graded:2306 partition=2 offset=1127 suppressed=true
time=2026-09-03T23:25:03.801Z level=INFO msg=redelivery key=pf-s313-graded:2308 partition=2 offset=1128 suppressed=true
time=2026-09-03T23:25:03.821Z level=INFO msg=redelivery key=pf-s313-graded:2310 partition=2 offset=1129 suppressed=true
time=2026-09-03T23:25:03.841Z level=INFO msg=redelivery key=pf-s313-graded:2313 partition=2 offset=1130 suppressed=true
time=2026-09-03T23:25:03.862Z level=INFO msg=redelivery key=pf-s313-graded:2315 partition=2 offset=1131 suppressed=true
time=2026-09-03T23:25:03.881Z level=INFO msg=redelivery key=pf-s313-graded:2324 partition=2 offset=1132 suppressed=true
time=2026-09-03T23:25:03.902Z level=INFO msg=redelivery key=pf-s313-graded:2325 partition=2 offset=1133 suppressed=true
time=2026-09-03T23:25:03.921Z level=INFO msg=redelivery key=pf-s313-graded:2327 partition=2 offset=1134 suppressed=true
time=2026-09-03T23:25:03.942Z level=INFO msg=redelivery key=pf-s313-graded:2328 partition=2 offset=1135 suppressed=true
time=2026-09-03T23:25:03.961Z level=INFO msg=redelivery key=pf-s313-graded:2332 partition=2 offset=1136 suppressed=true
time=2026-09-03T23:25:03.982Z level=INFO msg=redelivery key=pf-s313-graded:2334 partition=2 offset=1137 suppressed=true
time=2026-09-03T23:25:04.001Z level=INFO msg=redelivery key=pf-s313-graded:2335 partition=2 offset=1138 suppressed=true
time=2026-09-03T23:25:04.022Z level=INFO msg=redelivery key=pf-s313-graded:2338 partition=2 offset=1139 suppressed=true
time=2026-09-03T23:25:04.041Z level=INFO msg=redelivery key=pf-s313-graded:2340 partition=2 offset=1140 suppressed=true
time=2026-09-03T23:25:04.061Z level=INFO msg=redelivery key=pf-s313-graded:2341 partition=2 offset=1141 suppressed=true
time=2026-09-03T23:25:04.081Z level=INFO msg=redelivery key=pf-s313-graded:2343 partition=2 offset=1142 suppressed=true
time=2026-09-03T23:25:04.104Z level=INFO msg=redelivery key=pf-s313-graded:2344 partition=2 offset=1143 suppressed=true
time=2026-09-03T23:25:04.122Z level=INFO msg=redelivery key=pf-s313-graded:2345 partition=2 offset=1144 suppressed=true
time=2026-09-03T23:25:04.142Z level=INFO msg=redelivery key=pf-s313-graded:2346 partition=2 offset=1145 suppressed=true
time=2026-09-03T23:25:04.161Z level=INFO msg=redelivery key=pf-s313-graded:2347 partition=2 offset=1146 suppressed=true
time=2026-09-03T23:25:04.181Z level=INFO msg=redelivery key=pf-s313-graded:2348 partition=2 offset=1147 suppressed=true
time=2026-09-03T23:25:04.202Z level=INFO msg=redelivery key=pf-s313-graded:2349 partition=2 offset=1148 suppressed=true
time=2026-09-03T23:25:04.222Z level=INFO msg=redelivery key=pf-s313-graded:2350 partition=2 offset=1149 suppressed=true
time=2026-09-03T23:25:04.242Z level=INFO msg=redelivery key=pf-s313-graded:2352 partition=2 offset=1150 suppressed=true
time=2026-09-03T23:25:04.262Z level=INFO msg=redelivery key=pf-s313-graded:2353 partition=2 offset=1151 suppressed=true
time=2026-09-03T23:25:04.281Z level=INFO msg=redelivery key=pf-s313-graded:2355 partition=2 offset=1152 suppressed=true
time=2026-09-03T23:25:04.301Z level=INFO msg=redelivery key=pf-s313-graded:2359 partition=2 offset=1153 suppressed=true
time=2026-09-03T23:25:04.321Z level=INFO msg=redelivery key=pf-s313-graded:2361 partition=2 offset=1154 suppressed=true
time=2026-09-03T23:25:04.341Z level=INFO msg=redelivery key=pf-s313-graded:2362 partition=2 offset=1155 suppressed=true
time=2026-09-03T23:25:04.365Z level=INFO msg=redelivery key=pf-s313-graded:2366 partition=2 offset=1156 suppressed=true
time=2026-09-03T23:25:04.382Z level=INFO msg=redelivery key=pf-s313-graded:2367 partition=2 offset=1157 suppressed=true
time=2026-09-03T23:25:04.402Z level=INFO msg=redelivery key=pf-s313-graded:2368 partition=2 offset=1158 suppressed=true
time=2026-09-03T23:25:04.421Z level=INFO msg=redelivery key=pf-s313-graded:2369 partition=2 offset=1159 suppressed=true
time=2026-09-03T23:25:04.444Z level=INFO msg=redelivery key=pf-s313-graded:2378 partition=2 offset=1160 suppressed=true
time=2026-09-03T23:25:04.461Z level=INFO msg=redelivery key=pf-s313-graded:2380 partition=2 offset=1161 suppressed=true
time=2026-09-03T23:25:04.481Z level=INFO msg=redelivery key=pf-s313-graded:2382 partition=2 offset=1162 suppressed=true
time=2026-09-03T23:25:04.501Z level=INFO msg=redelivery key=pf-s313-graded:2385 partition=2 offset=1163 suppressed=true
time=2026-09-03T23:25:04.521Z level=INFO msg=redelivery key=pf-s313-graded:2388 partition=2 offset=1164 suppressed=true
time=2026-09-03T23:25:04.542Z level=INFO msg=redelivery key=pf-s313-graded:2390 partition=2 offset=1165 suppressed=true
time=2026-09-03T23:25:04.563Z level=INFO msg=redelivery key=pf-s313-graded:2391 partition=2 offset=1166 suppressed=true
time=2026-09-03T23:25:04.582Z level=INFO msg=redelivery key=pf-s313-graded:2394 partition=2 offset=1167 suppressed=true
time=2026-09-03T23:25:04.601Z level=INFO msg=redelivery key=pf-s313-graded:2398 partition=2 offset=1168 suppressed=true
time=2026-09-03T23:25:04.621Z level=INFO msg=redelivery key=pf-s313-graded:2400 partition=2 offset=1169 suppressed=true
time=2026-09-03T23:25:04.641Z level=INFO msg=redelivery key=pf-s313-graded:2401 partition=2 offset=1170 suppressed=true
time=2026-09-03T23:25:04.662Z level=INFO msg=redelivery key=pf-s313-graded:2402 partition=2 offset=1171 suppressed=true
time=2026-09-03T23:25:04.681Z level=INFO msg=redelivery key=pf-s313-graded:2403 partition=2 offset=1172 suppressed=true
time=2026-09-03T23:25:04.702Z level=INFO msg=redelivery key=pf-s313-graded:2404 partition=2 offset=1173 suppressed=true
time=2026-09-03T23:25:04.722Z level=INFO msg=redelivery key=pf-s313-graded:2407 partition=2 offset=1174 suppressed=true
time=2026-09-03T23:25:04.741Z level=INFO msg=redelivery key=pf-s313-graded:2410 partition=2 offset=1175 suppressed=true
time=2026-09-03T23:25:04.761Z level=INFO msg=redelivery key=pf-s313-graded:2411 partition=2 offset=1176 suppressed=true
time=2026-09-03T23:25:04.782Z level=INFO msg=redelivery key=pf-s313-graded:2414 partition=2 offset=1177 suppressed=true
time=2026-09-03T23:25:04.802Z level=INFO msg=redelivery key=pf-s313-graded:2415 partition=2 offset=1178 suppressed=true
time=2026-09-03T23:25:04.821Z level=INFO msg=redelivery key=pf-s313-graded:2419 partition=2 offset=1179 suppressed=true
time=2026-09-03T23:25:04.842Z level=INFO msg=redelivery key=pf-s313-graded:2420 partition=2 offset=1180 suppressed=true
time=2026-09-03T23:25:04.861Z level=INFO msg=redelivery key=pf-s313-graded:2425 partition=2 offset=1181 suppressed=true
time=2026-09-03T23:25:04.882Z level=INFO msg=redelivery key=pf-s313-graded:2426 partition=2 offset=1182 suppressed=true
time=2026-09-03T23:25:04.902Z level=INFO msg=redelivery key=pf-s313-graded:2427 partition=2 offset=1183 suppressed=true
time=2026-09-03T23:25:04.923Z level=INFO msg=redelivery key=pf-s313-graded:2428 partition=2 offset=1184 suppressed=true
time=2026-09-03T23:25:04.941Z level=INFO msg=redelivery key=pf-s313-graded:2429 partition=2 offset=1185 suppressed=true
time=2026-09-03T23:25:04.961Z level=INFO msg=redelivery key=pf-s313-graded:2430 partition=2 offset=1186 suppressed=true
time=2026-09-03T23:25:04.982Z level=INFO msg=redelivery key=pf-s313-graded:2431 partition=2 offset=1187 suppressed=true
time=2026-09-03T23:25:05.001Z level=INFO msg=redelivery key=pf-s313-graded:2432 partition=2 offset=1188 suppressed=true
time=2026-09-03T23:25:05.022Z level=INFO msg=redelivery key=pf-s313-graded:2433 partition=2 offset=1189 suppressed=true
time=2026-09-03T23:25:05.041Z level=INFO msg=redelivery key=pf-s313-graded:2435 partition=2 offset=1190 suppressed=true
time=2026-09-03T23:25:05.064Z level=INFO msg=redelivery key=pf-s313-graded:2437 partition=2 offset=1191 suppressed=true
time=2026-09-03T23:25:05.084Z level=INFO msg=redelivery key=pf-s313-graded:2439 partition=2 offset=1192 suppressed=true
time=2026-09-03T23:25:05.101Z level=INFO msg=redelivery key=pf-s313-graded:2443 partition=2 offset=1193 suppressed=true
time=2026-09-03T23:25:05.122Z level=INFO msg=redelivery key=pf-s313-graded:2444 partition=2 offset=1194 suppressed=true
time=2026-09-03T23:25:05.141Z level=INFO msg=redelivery key=pf-s313-graded:2445 partition=2 offset=1195 suppressed=true
time=2026-09-03T23:25:05.162Z level=INFO msg=redelivery key=pf-s313-graded:2446 partition=2 offset=1196 suppressed=true
time=2026-09-03T23:25:05.181Z level=INFO msg=redelivery key=pf-s313-graded:2447 partition=2 offset=1197 suppressed=true
time=2026-09-03T23:25:05.202Z level=INFO msg=redelivery key=pf-s313-graded:2449 partition=2 offset=1198 suppressed=true
time=2026-09-03T23:25:05.221Z level=INFO msg=redelivery key=pf-s313-graded:2453 partition=2 offset=1199 suppressed=true
time=2026-09-03T23:25:05.242Z level=INFO msg=redelivery key=pf-s313-graded:2456 partition=2 offset=1200 suppressed=true
time=2026-09-03T23:25:05.261Z level=INFO msg=redelivery key=pf-s313-graded:2457 partition=2 offset=1201 suppressed=true
time=2026-09-03T23:25:05.281Z level=INFO msg=redelivery key=pf-s313-graded:2458 partition=2 offset=1202 suppressed=true
time=2026-09-03T23:25:05.302Z level=INFO msg=redelivery key=pf-s313-graded:2463 partition=2 offset=1203 suppressed=true
time=2026-09-03T23:25:05.321Z level=INFO msg=redelivery key=pf-s313-graded:2466 partition=2 offset=1204 suppressed=true
time=2026-09-03T23:25:05.342Z level=INFO msg=redelivery key=pf-s313-graded:2467 partition=2 offset=1205 suppressed=true
time=2026-09-03T23:25:05.361Z level=INFO msg=redelivery key=pf-s313-graded:2468 partition=2 offset=1206 suppressed=true
time=2026-09-03T23:25:05.381Z level=INFO msg=redelivery key=pf-s313-graded:2470 partition=2 offset=1207 suppressed=true
time=2026-09-03T23:25:05.402Z level=INFO msg=redelivery key=pf-s313-graded:2472 partition=2 offset=1208 suppressed=true
time=2026-09-03T23:25:05.421Z level=INFO msg=redelivery key=pf-s313-graded:2476 partition=2 offset=1209 suppressed=true
time=2026-09-03T23:25:05.442Z level=INFO msg=redelivery key=pf-s313-graded:2477 partition=2 offset=1210 suppressed=true
time=2026-09-03T23:25:05.461Z level=INFO msg=redelivery key=pf-s313-graded:2479 partition=2 offset=1211 suppressed=true
time=2026-09-03T23:25:05.481Z level=INFO msg=redelivery key=pf-s313-graded:2480 partition=2 offset=1212 suppressed=true
time=2026-09-03T23:25:05.501Z level=INFO msg=redelivery key=pf-s313-graded:2481 partition=2 offset=1213 suppressed=true
time=2026-09-03T23:25:05.521Z level=INFO msg=redelivery key=pf-s313-graded:2482 partition=2 offset=1214 suppressed=true
time=2026-09-03T23:25:05.542Z level=INFO msg=redelivery key=pf-s313-graded:2483 partition=2 offset=1215 suppressed=true
time=2026-09-03T23:25:05.561Z level=INFO msg=redelivery key=pf-s313-graded:2484 partition=2 offset=1216 suppressed=true
time=2026-09-03T23:25:05.581Z level=INFO msg=redelivery key=pf-s313-graded:2488 partition=2 offset=1217 suppressed=true
time=2026-09-03T23:25:05.602Z level=INFO msg=redelivery key=pf-s313-graded:2489 partition=2 offset=1218 suppressed=true
time=2026-09-03T23:25:05.621Z level=INFO msg=redelivery key=pf-s313-graded:2492 partition=2 offset=1219 suppressed=true
time=2026-09-03T23:25:05.642Z level=INFO msg=redelivery key=pf-s313-graded:2493 partition=2 offset=1220 suppressed=true
time=2026-09-03T23:25:05.661Z level=INFO msg=redelivery key=pf-s313-graded:2495 partition=2 offset=1221 suppressed=true
time=2026-09-03T23:25:05.681Z level=INFO msg=redelivery key=pf-s313-graded:2496 partition=2 offset=1222 suppressed=true
time=2026-09-03T23:25:05.702Z level=INFO msg=redelivery key=pf-s313-graded:2497 partition=2 offset=1223 suppressed=true
time=2026-09-03T23:25:05.721Z level=INFO msg=redelivery key=pf-s313-graded:2499 partition=2 offset=1224 suppressed=true
time=2026-09-03T23:25:05.742Z level=INFO msg=redelivery key=pf-s313-graded:2503 partition=2 offset=1225 suppressed=true
time=2026-09-03T23:25:05.761Z level=INFO msg=redelivery key=pf-s313-graded:2508 partition=2 offset=1226 suppressed=true
time=2026-09-03T23:25:05.782Z level=INFO msg=redelivery key=pf-s313-graded:2509 partition=2 offset=1227 suppressed=true
time=2026-09-03T23:25:05.801Z level=INFO msg=redelivery key=pf-s313-graded:2510 partition=2 offset=1228 suppressed=true
time=2026-09-03T23:25:05.822Z level=INFO msg=redelivery key=pf-s313-graded:2511 partition=2 offset=1229 suppressed=true
time=2026-09-03T23:25:05.841Z level=INFO msg=redelivery key=pf-s313-graded:2512 partition=2 offset=1230 suppressed=true
time=2026-09-03T23:25:05.864Z level=INFO msg=redelivery key=pf-s313-graded:2513 partition=2 offset=1231 suppressed=true
time=2026-09-03T23:25:05.882Z level=INFO msg=redelivery key=pf-s313-graded:2514 partition=2 offset=1232 suppressed=true
time=2026-09-03T23:25:05.902Z level=INFO msg=redelivery key=pf-s313-graded:2515 partition=2 offset=1233 suppressed=true
time=2026-09-03T23:25:05.921Z level=INFO msg=redelivery key=pf-s313-graded:2516 partition=2 offset=1234 suppressed=true
time=2026-09-03T23:25:10.782Z level=INFO msg="fault injected: rewinding instead of committing" key=pf-s313-graded:2590 partition=1 offset=653 epoch=0
time=2026-09-03T23:25:10.782Z level=INFO msg="fault injected: rewinding instead of committing" key=pf-s313-graded:2540 partition=2 offset=1246 epoch=0
time=2026-09-03T23:25:10.802Z level=INFO msg=redelivery key=pf-s313-graded:2540 partition=2 offset=1246 suppressed=true
time=2026-09-03T23:25:10.822Z level=INFO msg=redelivery key=pf-s313-graded:2542 partition=2 offset=1247 suppressed=true
time=2026-09-03T23:25:10.841Z level=INFO msg=redelivery key=pf-s313-graded:2543 partition=2 offset=1248 suppressed=true
time=2026-09-03T23:25:10.862Z level=INFO msg=redelivery key=pf-s313-graded:2549 partition=2 offset=1249 suppressed=true
time=2026-09-03T23:25:10.881Z level=INFO msg=redelivery key=pf-s313-graded:2550 partition=2 offset=1250 suppressed=true
time=2026-09-03T23:25:10.907Z level=INFO msg=redelivery key=pf-s313-graded:2555 partition=2 offset=1251 suppressed=true
time=2026-09-03T23:25:10.921Z level=INFO msg=redelivery key=pf-s313-graded:2557 partition=2 offset=1252 suppressed=true
time=2026-09-03T23:25:10.942Z level=INFO msg=redelivery key=pf-s313-graded:2559 partition=2 offset=1253 suppressed=true
time=2026-09-03T23:25:10.961Z level=INFO msg=redelivery key=pf-s313-graded:2560 partition=2 offset=1254 suppressed=true
time=2026-09-03T23:25:10.983Z level=INFO msg=redelivery key=pf-s313-graded:2562 partition=2 offset=1255 suppressed=true
time=2026-09-03T23:25:11.001Z level=INFO msg=redelivery key=pf-s313-graded:2569 partition=2 offset=1256 suppressed=true
time=2026-09-03T23:25:11.022Z level=INFO msg=redelivery key=pf-s313-graded:2571 partition=2 offset=1257 suppressed=true
time=2026-09-03T23:25:11.041Z level=INFO msg=redelivery key=pf-s313-graded:2572 partition=2 offset=1258 suppressed=true
time=2026-09-03T23:25:11.062Z level=INFO msg=redelivery key=pf-s313-graded:2573 partition=2 offset=1259 suppressed=true
time=2026-09-03T23:25:11.082Z level=INFO msg=redelivery key=pf-s313-graded:2574 partition=2 offset=1260 suppressed=true
time=2026-09-03T23:25:11.103Z level=INFO msg=redelivery key=pf-s313-graded:2577 partition=2 offset=1261 suppressed=true
time=2026-09-03T23:25:11.121Z level=INFO msg=redelivery key=pf-s313-graded:2578 partition=2 offset=1262 suppressed=true
time=2026-09-03T23:25:11.141Z level=INFO msg=redelivery key=pf-s313-graded:2579 partition=2 offset=1263 suppressed=true
time=2026-09-03T23:25:11.161Z level=INFO msg=redelivery key=pf-s313-graded:2581 partition=2 offset=1264 suppressed=true
time=2026-09-03T23:25:11.181Z level=INFO msg=redelivery key=pf-s313-graded:2585 partition=2 offset=1265 suppressed=true
time=2026-09-03T23:25:11.201Z level=INFO msg=redelivery key=pf-s313-graded:2588 partition=2 offset=1266 suppressed=true
time=2026-09-03T23:25:11.222Z level=INFO msg=redelivery key=pf-s313-graded:2589 partition=2 offset=1267 suppressed=true
time=2026-09-03T23:25:11.242Z level=INFO msg=redelivery key=pf-s313-graded:2593 partition=2 offset=1268 suppressed=true
time=2026-09-03T23:25:11.261Z level=INFO msg=redelivery key=pf-s313-graded:2594 partition=2 offset=1269 suppressed=true
time=2026-09-03T23:25:11.281Z level=INFO msg=redelivery key=pf-s313-graded:2596 partition=2 offset=1270 suppressed=true
time=2026-09-03T23:25:11.301Z level=INFO msg=redelivery key=pf-s313-graded:2601 partition=2 offset=1271 suppressed=true
time=2026-09-03T23:25:11.322Z level=INFO msg=redelivery key=pf-s313-graded:2602 partition=2 offset=1272 suppressed=true
time=2026-09-03T23:25:11.342Z level=INFO msg=redelivery key=pf-s313-graded:2607 partition=2 offset=1273 suppressed=true
time=2026-09-03T23:25:11.363Z level=INFO msg=redelivery key=pf-s313-graded:2610 partition=2 offset=1274 suppressed=true
time=2026-09-03T23:25:11.381Z level=INFO msg=redelivery key=pf-s313-graded:2611 partition=2 offset=1275 suppressed=true
time=2026-09-03T23:25:11.402Z level=INFO msg=redelivery key=pf-s313-graded:2612 partition=2 offset=1276 suppressed=true
time=2026-09-03T23:25:11.423Z level=INFO msg=redelivery key=pf-s313-graded:2614 partition=2 offset=1277 suppressed=true
time=2026-09-03T23:25:11.442Z level=INFO msg=redelivery key=pf-s313-graded:2615 partition=2 offset=1278 suppressed=true
time=2026-09-03T23:25:11.461Z level=INFO msg=redelivery key=pf-s313-graded:2618 partition=2 offset=1279 suppressed=true
time=2026-09-03T23:25:11.482Z level=INFO msg=redelivery key=pf-s313-graded:2621 partition=2 offset=1280 suppressed=true
time=2026-09-03T23:25:11.502Z level=INFO msg=redelivery key=pf-s313-graded:2622 partition=2 offset=1281 suppressed=true
time=2026-09-03T23:25:11.521Z level=INFO msg=redelivery key=pf-s313-graded:2624 partition=2 offset=1282 suppressed=true
time=2026-09-03T23:25:11.541Z level=INFO msg=redelivery key=pf-s313-graded:2625 partition=2 offset=1283 suppressed=true
time=2026-09-03T23:25:11.561Z level=INFO msg=redelivery key=pf-s313-graded:2626 partition=2 offset=1284 suppressed=true
time=2026-09-03T23:25:11.582Z level=INFO msg=redelivery key=pf-s313-graded:2629 partition=2 offset=1285 suppressed=true
time=2026-09-03T23:25:11.603Z level=INFO msg=redelivery key=pf-s313-graded:2633 partition=2 offset=1286 suppressed=true
time=2026-09-03T23:25:11.622Z level=INFO msg=redelivery key=pf-s313-graded:2634 partition=2 offset=1287 suppressed=true
time=2026-09-03T23:25:11.641Z level=INFO msg=redelivery key=pf-s313-graded:2635 partition=2 offset=1288 suppressed=true
time=2026-09-03T23:25:11.662Z level=INFO msg=redelivery key=pf-s313-graded:2636 partition=2 offset=1289 suppressed=true
time=2026-09-03T23:25:11.682Z level=INFO msg=redelivery key=pf-s313-graded:2638 partition=2 offset=1290 suppressed=true
time=2026-09-03T23:25:11.701Z level=INFO msg=redelivery key=pf-s313-graded:2639 partition=2 offset=1291 suppressed=true
time=2026-09-03T23:25:11.722Z level=INFO msg=redelivery key=pf-s313-graded:2640 partition=2 offset=1292 suppressed=true
time=2026-09-03T23:25:11.741Z level=INFO msg=redelivery key=pf-s313-graded:2649 partition=2 offset=1293 suppressed=true
time=2026-09-03T23:25:11.761Z level=INFO msg=redelivery key=pf-s313-graded:2650 partition=2 offset=1294 suppressed=true
time=2026-09-03T23:25:11.782Z level=INFO msg=redelivery key=pf-s313-graded:2651 partition=2 offset=1295 suppressed=true
time=2026-09-03T23:25:11.801Z level=INFO msg=redelivery key=pf-s313-graded:2653 partition=2 offset=1296 suppressed=true
time=2026-09-03T23:25:11.822Z level=INFO msg=redelivery key=pf-s313-graded:2655 partition=2 offset=1297 suppressed=true
time=2026-09-03T23:25:11.842Z level=INFO msg=redelivery key=pf-s313-graded:2656 partition=2 offset=1298 suppressed=true
time=2026-09-03T23:25:11.862Z level=INFO msg=redelivery key=pf-s313-graded:2658 partition=2 offset=1299 suppressed=true
time=2026-09-03T23:25:11.881Z level=INFO msg=redelivery key=pf-s313-graded:2660 partition=2 offset=1300 suppressed=true
time=2026-09-03T23:25:11.902Z level=INFO msg=redelivery key=pf-s313-graded:2661 partition=2 offset=1301 suppressed=true
time=2026-09-03T23:25:11.921Z level=INFO msg=redelivery key=pf-s313-graded:2662 partition=2 offset=1302 suppressed=true
time=2026-09-03T23:25:11.947Z level=INFO msg=redelivery key=pf-s313-graded:2664 partition=2 offset=1303 suppressed=true
time=2026-09-03T23:25:11.962Z level=INFO msg=redelivery key=pf-s313-graded:2665 partition=2 offset=1304 suppressed=true
time=2026-09-03T23:25:11.982Z level=INFO msg=redelivery key=pf-s313-graded:2666 partition=2 offset=1305 suppressed=true
time=2026-09-03T23:25:12.001Z level=INFO msg=redelivery key=pf-s313-graded:2668 partition=2 offset=1306 suppressed=true
time=2026-09-03T23:25:12.022Z level=INFO msg=redelivery key=pf-s313-graded:2670 partition=2 offset=1307 suppressed=true
time=2026-09-03T23:25:12.041Z level=INFO msg=redelivery key=pf-s313-graded:2671 partition=2 offset=1308 suppressed=true
time=2026-09-03T23:25:12.062Z level=INFO msg=redelivery key=pf-s313-graded:2673 partition=2 offset=1309 suppressed=true
time=2026-09-03T23:25:12.082Z level=INFO msg=redelivery key=pf-s313-graded:2675 partition=2 offset=1310 suppressed=true
time=2026-09-03T23:25:12.101Z level=INFO msg=redelivery key=pf-s313-graded:2676 partition=2 offset=1311 suppressed=true
time=2026-09-03T23:25:12.121Z level=INFO msg=redelivery key=pf-s313-graded:2679 partition=2 offset=1312 suppressed=true
time=2026-09-03T23:25:12.142Z level=INFO msg=redelivery key=pf-s313-graded:2680 partition=2 offset=1313 suppressed=true
time=2026-09-03T23:25:12.161Z level=INFO msg=redelivery key=pf-s313-graded:2683 partition=2 offset=1314 suppressed=true
time=2026-09-03T23:25:12.181Z level=INFO msg=redelivery key=pf-s313-graded:2685 partition=2 offset=1315 suppressed=true
time=2026-09-03T23:25:12.201Z level=INFO msg=redelivery key=pf-s313-graded:2688 partition=2 offset=1316 suppressed=true
time=2026-09-03T23:25:12.221Z level=INFO msg=redelivery key=pf-s313-graded:2689 partition=2 offset=1317 suppressed=true
time=2026-09-03T23:25:12.242Z level=INFO msg=redelivery key=pf-s313-graded:2690 partition=2 offset=1318 suppressed=true
time=2026-09-03T23:25:12.262Z level=INFO msg=redelivery key=pf-s313-graded:2696 partition=2 offset=1319 suppressed=true
time=2026-09-03T23:25:12.281Z level=INFO msg=redelivery key=pf-s313-graded:2698 partition=2 offset=1320 suppressed=true
time=2026-09-03T23:25:12.302Z level=INFO msg=redelivery key=pf-s313-graded:2702 partition=2 offset=1321 suppressed=true
time=2026-09-03T23:25:12.321Z level=INFO msg=redelivery key=pf-s313-graded:2706 partition=2 offset=1322 suppressed=true
time=2026-09-03T23:25:12.342Z level=INFO msg=redelivery key=pf-s313-graded:2707 partition=2 offset=1323 suppressed=true
time=2026-09-03T23:25:12.362Z level=INFO msg=redelivery key=pf-s313-graded:2708 partition=2 offset=1324 suppressed=true
time=2026-09-03T23:25:12.381Z level=INFO msg=redelivery key=pf-s313-graded:2709 partition=2 offset=1325 suppressed=true
time=2026-09-03T23:25:12.402Z level=INFO msg=redelivery key=pf-s313-graded:2711 partition=2 offset=1326 suppressed=true
time=2026-09-03T23:25:12.422Z level=INFO msg=redelivery key=pf-s313-graded:2712 partition=2 offset=1327 suppressed=true
time=2026-09-03T23:25:12.442Z level=INFO msg=redelivery key=pf-s313-graded:2716 partition=2 offset=1328 suppressed=true
time=2026-09-03T23:25:12.462Z level=INFO msg=redelivery key=pf-s313-graded:2718 partition=2 offset=1329 suppressed=true
time=2026-09-03T23:25:12.481Z level=INFO msg=redelivery key=pf-s313-graded:2719 partition=2 offset=1330 suppressed=true
time=2026-09-03T23:25:12.502Z level=INFO msg=redelivery key=pf-s313-graded:2724 partition=2 offset=1331 suppressed=true
time=2026-09-03T23:25:12.521Z level=INFO msg=redelivery key=pf-s313-graded:2725 partition=2 offset=1332 suppressed=true
time=2026-09-03T23:25:12.542Z level=INFO msg=redelivery key=pf-s313-graded:2728 partition=2 offset=1333 suppressed=true
time=2026-09-03T23:25:12.561Z level=INFO msg=redelivery key=pf-s313-graded:2729 partition=2 offset=1334 suppressed=true
time=2026-09-03T23:25:12.582Z level=INFO msg=redelivery key=pf-s313-graded:2730 partition=2 offset=1335 suppressed=true
time=2026-09-03T23:25:12.601Z level=INFO msg=redelivery key=pf-s313-graded:2733 partition=2 offset=1336 suppressed=true
time=2026-09-03T23:25:12.622Z level=INFO msg=redelivery key=pf-s313-graded:2735 partition=2 offset=1337 suppressed=true
time=2026-09-03T23:25:12.641Z level=INFO msg=redelivery key=pf-s313-graded:2736 partition=2 offset=1338 suppressed=true
time=2026-09-03T23:25:12.662Z level=INFO msg=redelivery key=pf-s313-graded:2737 partition=2 offset=1339 suppressed=true
time=2026-09-03T23:25:12.681Z level=INFO msg=redelivery key=pf-s313-graded:2740 partition=2 offset=1340 suppressed=true
time=2026-09-03T23:25:12.703Z level=INFO msg=redelivery key=pf-s313-graded:2743 partition=2 offset=1341 suppressed=true
time=2026-09-03T23:25:12.721Z level=INFO msg=redelivery key=pf-s313-graded:2744 partition=2 offset=1342 suppressed=true
time=2026-09-03T23:25:12.742Z level=INFO msg=redelivery key=pf-s313-graded:2746 partition=2 offset=1343 suppressed=true
time=2026-09-03T23:25:12.761Z level=INFO msg=redelivery key=pf-s313-graded:2747 partition=2 offset=1344 suppressed=true
time=2026-09-03T23:25:12.781Z level=INFO msg=redelivery key=pf-s313-graded:2748 partition=2 offset=1345 suppressed=true
time=2026-09-03T23:25:12.803Z level=INFO msg=redelivery key=pf-s313-graded:2751 partition=2 offset=1346 suppressed=true
time=2026-09-03T23:25:12.822Z level=INFO msg=redelivery key=pf-s313-graded:2753 partition=2 offset=1347 suppressed=true
time=2026-09-03T23:25:12.841Z level=INFO msg=redelivery key=pf-s313-graded:2754 partition=2 offset=1348 suppressed=true
time=2026-09-03T23:25:12.862Z level=INFO msg=redelivery key=pf-s313-graded:2755 partition=2 offset=1349 suppressed=true
time=2026-09-03T23:25:12.881Z level=INFO msg=redelivery key=pf-s313-graded:2761 partition=2 offset=1350 suppressed=true
time=2026-09-03T23:25:12.902Z level=INFO msg=redelivery key=pf-s313-graded:2762 partition=2 offset=1351 suppressed=true
time=2026-09-03T23:25:12.922Z level=INFO msg=redelivery key=pf-s313-graded:2764 partition=2 offset=1352 suppressed=true
time=2026-09-03T23:25:12.941Z level=INFO msg=redelivery key=pf-s313-graded:2765 partition=2 offset=1353 suppressed=true
time=2026-09-03T23:25:12.962Z level=INFO msg=redelivery key=pf-s313-graded:2769 partition=2 offset=1354 suppressed=true
time=2026-09-03T23:25:12.981Z level=INFO msg=redelivery key=pf-s313-graded:2771 partition=2 offset=1355 suppressed=true
time=2026-09-03T23:25:13.002Z level=INFO msg=redelivery key=pf-s313-graded:2772 partition=2 offset=1356 suppressed=true
time=2026-09-03T23:25:13.021Z level=INFO msg=redelivery key=pf-s313-graded:2775 partition=2 offset=1357 suppressed=true
time=2026-09-03T23:25:13.042Z level=INFO msg=redelivery key=pf-s313-graded:2780 partition=2 offset=1358 suppressed=true
time=2026-09-03T23:25:13.061Z level=INFO msg=redelivery key=pf-s313-graded:2781 partition=2 offset=1359 suppressed=true
time=2026-09-03T23:25:13.081Z level=INFO msg=redelivery key=pf-s313-graded:2783 partition=2 offset=1360 suppressed=true
time=2026-09-03T23:25:13.102Z level=INFO msg=redelivery key=pf-s313-graded:2786 partition=2 offset=1361 suppressed=true
time=2026-09-03T23:25:13.121Z level=INFO msg=redelivery key=pf-s313-graded:2787 partition=2 offset=1362 suppressed=true
time=2026-09-03T23:25:13.142Z level=INFO msg=redelivery key=pf-s313-graded:2788 partition=2 offset=1363 suppressed=true
time=2026-09-03T23:25:13.161Z level=INFO msg=redelivery key=pf-s313-graded:2789 partition=2 offset=1364 suppressed=true
time=2026-09-03T23:25:13.182Z level=INFO msg=redelivery key=pf-s313-graded:2794 partition=2 offset=1365 suppressed=true
time=2026-09-03T23:25:13.201Z level=INFO msg=redelivery key=pf-s313-graded:2795 partition=2 offset=1366 suppressed=true
time=2026-09-03T23:25:13.221Z level=INFO msg=redelivery key=pf-s313-graded:2797 partition=2 offset=1367 suppressed=true
time=2026-09-03T23:25:13.242Z level=INFO msg=redelivery key=pf-s313-graded:2798 partition=2 offset=1368 suppressed=true
time=2026-09-03T23:25:13.262Z level=INFO msg=redelivery key=pf-s313-graded:2800 partition=2 offset=1369 suppressed=true
time=2026-09-03T23:25:13.281Z level=INFO msg=redelivery key=pf-s313-graded:2803 partition=2 offset=1370 suppressed=true
time=2026-09-03T23:25:13.302Z level=INFO msg=redelivery key=pf-s313-graded:2809 partition=2 offset=1371 suppressed=true
time=2026-09-03T23:25:13.321Z level=INFO msg=redelivery key=pf-s313-graded:2810 partition=2 offset=1372 suppressed=true
time=2026-09-03T23:25:13.342Z level=INFO msg=redelivery key=pf-s313-graded:2811 partition=2 offset=1373 suppressed=true
time=2026-09-03T23:25:13.361Z level=INFO msg=redelivery key=pf-s313-graded:2813 partition=2 offset=1374 suppressed=true
time=2026-09-03T23:25:13.382Z level=INFO msg=redelivery key=pf-s313-graded:2815 partition=2 offset=1375 suppressed=true
time=2026-09-03T23:25:13.401Z level=INFO msg=redelivery key=pf-s313-graded:2818 partition=2 offset=1376 suppressed=true
time=2026-09-03T23:25:13.421Z level=INFO msg=redelivery key=pf-s313-graded:2819 partition=2 offset=1377 suppressed=true
time=2026-09-03T23:25:13.441Z level=INFO msg=redelivery key=pf-s313-graded:2821 partition=2 offset=1378 suppressed=true
time=2026-09-03T23:25:13.461Z level=INFO msg=redelivery key=pf-s313-graded:2825 partition=2 offset=1379 suppressed=true
time=2026-09-03T23:25:13.481Z level=INFO msg=redelivery key=pf-s313-graded:2827 partition=2 offset=1380 suppressed=true
time=2026-09-03T23:25:13.502Z level=INFO msg=redelivery key=pf-s313-graded:2832 partition=2 offset=1381 suppressed=true
time=2026-09-03T23:25:13.521Z level=INFO msg=redelivery key=pf-s313-graded:2833 partition=2 offset=1382 suppressed=true
time=2026-09-03T23:25:13.542Z level=INFO msg=redelivery key=pf-s313-graded:2834 partition=2 offset=1383 suppressed=true
time=2026-09-03T23:25:13.561Z level=INFO msg=redelivery key=pf-s313-graded:2837 partition=2 offset=1384 suppressed=true
time=2026-09-03T23:25:13.582Z level=INFO msg=redelivery key=pf-s313-graded:2841 partition=2 offset=1385 suppressed=true
time=2026-09-03T23:25:13.601Z level=INFO msg=redelivery key=pf-s313-graded:2843 partition=2 offset=1386 suppressed=true
time=2026-09-03T23:25:13.621Z level=INFO msg=redelivery key=pf-s313-graded:2844 partition=2 offset=1387 suppressed=true
time=2026-09-03T23:25:13.642Z level=INFO msg=redelivery key=pf-s313-graded:2847 partition=2 offset=1388 suppressed=true
time=2026-09-03T23:25:13.661Z level=INFO msg=redelivery key=pf-s313-graded:2851 partition=2 offset=1389 suppressed=true
time=2026-09-03T23:25:13.682Z level=INFO msg=redelivery key=pf-s313-graded:2853 partition=2 offset=1390 suppressed=true
time=2026-09-03T23:25:13.702Z level=INFO msg=redelivery key=pf-s313-graded:2855 partition=2 offset=1391 suppressed=true
time=2026-09-03T23:25:13.721Z level=INFO msg=redelivery key=pf-s313-graded:2857 partition=2 offset=1392 suppressed=true
time=2026-09-03T23:25:13.742Z level=INFO msg=redelivery key=pf-s313-graded:2859 partition=2 offset=1393 suppressed=true
time=2026-09-03T23:25:13.761Z level=INFO msg=redelivery key=pf-s313-graded:2864 partition=2 offset=1394 suppressed=true
time=2026-09-03T23:25:13.781Z level=INFO msg=redelivery key=pf-s313-graded:2865 partition=2 offset=1395 suppressed=true
time=2026-09-03T23:25:13.802Z level=INFO msg=redelivery key=pf-s313-graded:2867 partition=2 offset=1396 suppressed=true
time=2026-09-03T23:25:13.821Z level=INFO msg=redelivery key=pf-s313-graded:2868 partition=2 offset=1397 suppressed=true
time=2026-09-03T23:25:13.842Z level=INFO msg=redelivery key=pf-s313-graded:2869 partition=2 offset=1398 suppressed=true
time=2026-09-03T23:25:13.861Z level=INFO msg=redelivery key=pf-s313-graded:2870 partition=2 offset=1399 suppressed=true
time=2026-09-03T23:25:13.882Z level=INFO msg=redelivery key=pf-s313-graded:2871 partition=2 offset=1400 suppressed=true
time=2026-09-03T23:25:13.901Z level=INFO msg=redelivery key=pf-s313-graded:2873 partition=2 offset=1401 suppressed=true
time=2026-09-03T23:25:13.921Z level=INFO msg=redelivery key=pf-s313-graded:2876 partition=2 offset=1402 suppressed=true
time=2026-09-03T23:25:13.942Z level=INFO msg=redelivery key=pf-s313-graded:2877 partition=2 offset=1403 suppressed=true
time=2026-09-03T23:25:13.961Z level=INFO msg=redelivery key=pf-s313-graded:2878 partition=2 offset=1404 suppressed=true
time=2026-09-03T23:25:13.982Z level=INFO msg=redelivery key=pf-s313-graded:2881 partition=2 offset=1405 suppressed=true
time=2026-09-03T23:25:14.001Z level=INFO msg=redelivery key=pf-s313-graded:2883 partition=2 offset=1406 suppressed=true
time=2026-09-03T23:25:14.022Z level=INFO msg=redelivery key=pf-s313-graded:2884 partition=2 offset=1407 suppressed=true
time=2026-09-03T23:25:14.041Z level=INFO msg=redelivery key=pf-s313-graded:2885 partition=2 offset=1408 suppressed=true
time=2026-09-03T23:25:14.061Z level=INFO msg=redelivery key=pf-s313-graded:2887 partition=2 offset=1409 suppressed=true
time=2026-09-03T23:25:14.081Z level=INFO msg=redelivery key=pf-s313-graded:2888 partition=2 offset=1410 suppressed=true
time=2026-09-03T23:25:14.102Z level=INFO msg=redelivery key=pf-s313-graded:2890 partition=2 offset=1411 suppressed=true
time=2026-09-03T23:25:14.122Z level=INFO msg=redelivery key=pf-s313-graded:2892 partition=2 offset=1412 suppressed=true
time=2026-09-03T23:25:14.142Z level=INFO msg=redelivery key=pf-s313-graded:2893 partition=2 offset=1413 suppressed=true
time=2026-09-03T23:25:14.161Z level=INFO msg=redelivery key=pf-s313-graded:2894 partition=2 offset=1414 suppressed=true
time=2026-09-03T23:25:14.182Z level=INFO msg=redelivery key=pf-s313-graded:2895 partition=2 offset=1415 suppressed=true
time=2026-09-03T23:25:14.201Z level=INFO msg=redelivery key=pf-s313-graded:2896 partition=2 offset=1416 suppressed=true
time=2026-09-03T23:25:14.221Z level=INFO msg=redelivery key=pf-s313-graded:2897 partition=2 offset=1417 suppressed=true
time=2026-09-03T23:25:14.241Z level=INFO msg=redelivery key=pf-s313-graded:2900 partition=2 offset=1418 suppressed=true
time=2026-09-03T23:25:14.261Z level=INFO msg=redelivery key=pf-s313-graded:2901 partition=2 offset=1419 suppressed=true
time=2026-09-03T23:25:14.282Z level=INFO msg=redelivery key=pf-s313-graded:2903 partition=2 offset=1420 suppressed=true
time=2026-09-03T23:25:14.302Z level=INFO msg=redelivery key=pf-s313-graded:2905 partition=2 offset=1421 suppressed=true
time=2026-09-03T23:25:14.322Z level=INFO msg=redelivery key=pf-s313-graded:2906 partition=2 offset=1422 suppressed=true
time=2026-09-03T23:25:14.342Z level=INFO msg=redelivery key=pf-s313-graded:2907 partition=2 offset=1423 suppressed=true
time=2026-09-03T23:25:14.361Z level=INFO msg=redelivery key=pf-s313-graded:2908 partition=2 offset=1424 suppressed=true
time=2026-09-03T23:25:14.382Z level=INFO msg=redelivery key=pf-s313-graded:2909 partition=2 offset=1425 suppressed=true
time=2026-09-03T23:25:14.402Z level=INFO msg=redelivery key=pf-s313-graded:2910 partition=2 offset=1426 suppressed=true
time=2026-09-03T23:25:14.421Z level=INFO msg=redelivery key=pf-s313-graded:2913 partition=2 offset=1427 suppressed=true
time=2026-09-03T23:25:14.441Z level=INFO msg=redelivery key=pf-s313-graded:2914 partition=2 offset=1428 suppressed=true
time=2026-09-03T23:25:14.462Z level=INFO msg=redelivery key=pf-s313-graded:2915 partition=2 offset=1429 suppressed=true
time=2026-09-03T23:25:14.482Z level=INFO msg=redelivery key=pf-s313-graded:2916 partition=2 offset=1430 suppressed=true
time=2026-09-03T23:25:14.502Z level=INFO msg=redelivery key=pf-s313-graded:2917 partition=2 offset=1431 suppressed=true
time=2026-09-03T23:25:14.521Z level=INFO msg=redelivery key=pf-s313-graded:2923 partition=2 offset=1432 suppressed=true
time=2026-09-03T23:25:14.543Z level=INFO msg=redelivery key=pf-s313-graded:2924 partition=2 offset=1433 suppressed=true
time=2026-09-03T23:25:20.782Z level=INFO msg="fault injected: rewinding instead of committing" key=pf-s313-graded:2972 partition=2 offset=1460 epoch=0
time=2026-09-03T23:25:25.701Z level=INFO msg=redelivery key=pf-s313-graded:2590 partition=1 offset=653 suppressed=true
time=2026-09-03T23:25:25.721Z level=INFO msg=redelivery key=pf-s313-graded:2592 partition=1 offset=654 suppressed=true
time=2026-09-03T23:25:25.742Z level=INFO msg=redelivery key=pf-s313-graded:2595 partition=1 offset=655 suppressed=true
time=2026-09-03T23:25:25.761Z level=INFO msg=redelivery key=pf-s313-graded:2599 partition=1 offset=656 suppressed=true
time=2026-09-03T23:25:25.782Z level=INFO msg=redelivery key=pf-s313-graded:2603 partition=1 offset=657 suppressed=true
time=2026-09-03T23:25:25.801Z level=INFO msg=redelivery key=pf-s313-graded:2604 partition=1 offset=658 suppressed=true
time=2026-09-03T23:25:25.822Z level=INFO msg=redelivery key=pf-s313-graded:2605 partition=1 offset=659 suppressed=true
time=2026-09-03T23:25:25.841Z level=INFO msg=redelivery key=pf-s313-graded:2606 partition=1 offset=660 suppressed=true
time=2026-09-03T23:25:25.862Z level=INFO msg=redelivery key=pf-s313-graded:2616 partition=1 offset=661 suppressed=true
time=2026-09-03T23:25:25.881Z level=INFO msg=redelivery key=pf-s313-graded:2627 partition=1 offset=662 suppressed=true
time=2026-09-03T23:25:25.902Z level=INFO msg=redelivery key=pf-s313-graded:2632 partition=1 offset=663 suppressed=true
time=2026-09-03T23:25:25.922Z level=INFO msg=redelivery key=pf-s313-graded:2642 partition=1 offset=664 suppressed=true
time=2026-09-03T23:25:25.941Z level=INFO msg=redelivery key=pf-s313-graded:2646 partition=1 offset=665 suppressed=true
time=2026-09-03T23:25:25.961Z level=INFO msg=redelivery key=pf-s313-graded:2652 partition=1 offset=666 suppressed=true
time=2026-09-03T23:25:25.982Z level=INFO msg=redelivery key=pf-s313-graded:2659 partition=1 offset=667 suppressed=true
time=2026-09-03T23:25:26.002Z level=INFO msg=redelivery key=pf-s313-graded:2667 partition=1 offset=668 suppressed=true
time=2026-09-03T23:25:26.021Z level=INFO msg=redelivery key=pf-s313-graded:2669 partition=1 offset=669 suppressed=true
time=2026-09-03T23:25:26.042Z level=INFO msg=redelivery key=pf-s313-graded:2672 partition=1 offset=670 suppressed=true
time=2026-09-03T23:25:26.061Z level=INFO msg=redelivery key=pf-s313-graded:2681 partition=1 offset=671 suppressed=true
time=2026-09-03T23:25:26.081Z level=INFO msg=redelivery key=pf-s313-graded:2682 partition=1 offset=672 suppressed=true
time=2026-09-03T23:25:26.102Z level=INFO msg=redelivery key=pf-s313-graded:2684 partition=1 offset=673 suppressed=true
time=2026-09-03T23:25:26.122Z level=INFO msg=redelivery key=pf-s313-graded:2687 partition=1 offset=674 suppressed=true
time=2026-09-03T23:25:26.142Z level=INFO msg=redelivery key=pf-s313-graded:2692 partition=1 offset=675 suppressed=true
time=2026-09-03T23:25:26.162Z level=INFO msg=redelivery key=pf-s313-graded:2694 partition=1 offset=676 suppressed=true
time=2026-09-03T23:25:26.182Z level=INFO msg=redelivery key=pf-s313-graded:2699 partition=1 offset=677 suppressed=true
time=2026-09-03T23:25:26.201Z level=INFO msg=redelivery key=pf-s313-graded:2700 partition=1 offset=678 suppressed=true
time=2026-09-03T23:25:26.222Z level=INFO msg=redelivery key=pf-s313-graded:2705 partition=1 offset=679 suppressed=true
time=2026-09-03T23:25:26.242Z level=INFO msg=redelivery key=pf-s313-graded:2710 partition=1 offset=680 suppressed=true
time=2026-09-03T23:25:26.261Z level=INFO msg=redelivery key=pf-s313-graded:2713 partition=1 offset=681 suppressed=true
time=2026-09-03T23:25:26.283Z level=INFO msg=redelivery key=pf-s313-graded:2714 partition=1 offset=682 suppressed=true
time=2026-09-03T23:25:26.301Z level=INFO msg=redelivery key=pf-s313-graded:2715 partition=1 offset=683 suppressed=true
time=2026-09-03T23:25:26.322Z level=INFO msg=redelivery key=pf-s313-graded:2717 partition=1 offset=684 suppressed=true
time=2026-09-03T23:25:26.342Z level=INFO msg=redelivery key=pf-s313-graded:2721 partition=1 offset=685 suppressed=true
time=2026-09-03T23:25:26.362Z level=INFO msg=redelivery key=pf-s313-graded:2722 partition=1 offset=686 suppressed=true
time=2026-09-03T23:25:26.381Z level=INFO msg=redelivery key=pf-s313-graded:2723 partition=1 offset=687 suppressed=true
time=2026-09-03T23:25:26.402Z level=INFO msg=redelivery key=pf-s313-graded:2738 partition=1 offset=688 suppressed=true
time=2026-09-03T23:25:26.421Z level=INFO msg=redelivery key=pf-s313-graded:2739 partition=1 offset=689 suppressed=true
time=2026-09-03T23:25:26.443Z level=INFO msg=redelivery key=pf-s313-graded:2741 partition=1 offset=690 suppressed=true
time=2026-09-03T23:25:26.461Z level=INFO msg=redelivery key=pf-s313-graded:2750 partition=1 offset=691 suppressed=true
time=2026-09-03T23:25:26.482Z level=INFO msg=redelivery key=pf-s313-graded:2756 partition=1 offset=692 suppressed=true
time=2026-09-03T23:25:26.502Z level=INFO msg=redelivery key=pf-s313-graded:2758 partition=1 offset=693 suppressed=true
time=2026-09-03T23:25:26.522Z level=INFO msg=redelivery key=pf-s313-graded:2760 partition=1 offset=694 suppressed=true
time=2026-09-03T23:25:26.541Z level=INFO msg=redelivery key=pf-s313-graded:2763 partition=1 offset=695 suppressed=true
time=2026-09-03T23:25:26.562Z level=INFO msg=redelivery key=pf-s313-graded:2766 partition=1 offset=696 suppressed=true
time=2026-09-03T23:25:26.582Z level=INFO msg=redelivery key=pf-s313-graded:2773 partition=1 offset=697 suppressed=true
time=2026-09-03T23:25:26.608Z level=INFO msg=redelivery key=pf-s313-graded:2776 partition=1 offset=698 suppressed=true
time=2026-09-03T23:25:26.622Z level=INFO msg=redelivery key=pf-s313-graded:2777 partition=1 offset=699 suppressed=true
time=2026-09-03T23:25:26.642Z level=INFO msg=redelivery key=pf-s313-graded:2782 partition=1 offset=700 suppressed=true
time=2026-09-03T23:25:26.662Z level=INFO msg=redelivery key=pf-s313-graded:2790 partition=1 offset=701 suppressed=true
time=2026-09-03T23:25:26.681Z level=INFO msg=redelivery key=pf-s313-graded:2791 partition=1 offset=702 suppressed=true
time=2026-09-03T23:25:26.701Z level=INFO msg=redelivery key=pf-s313-graded:2792 partition=1 offset=703 suppressed=true
time=2026-09-03T23:25:26.722Z level=INFO msg=redelivery key=pf-s313-graded:2796 partition=1 offset=704 suppressed=true
time=2026-09-03T23:25:26.741Z level=INFO msg=redelivery key=pf-s313-graded:2801 partition=1 offset=705 suppressed=true
time=2026-09-03T23:25:26.762Z level=INFO msg=redelivery key=pf-s313-graded:2804 partition=1 offset=706 suppressed=true
time=2026-09-03T23:25:26.782Z level=INFO msg=redelivery key=pf-s313-graded:2805 partition=1 offset=707 suppressed=true
time=2026-09-03T23:25:26.802Z level=INFO msg=redelivery key=pf-s313-graded:2816 partition=1 offset=708 suppressed=true
time=2026-09-03T23:25:26.822Z level=INFO msg=redelivery key=pf-s313-graded:2817 partition=1 offset=709 suppressed=true
time=2026-09-03T23:25:26.842Z level=INFO msg=redelivery key=pf-s313-graded:2820 partition=1 offset=710 suppressed=true
time=2026-09-03T23:25:26.862Z level=INFO msg=redelivery key=pf-s313-graded:2826 partition=1 offset=711 suppressed=true
time=2026-09-03T23:25:26.882Z level=INFO msg=redelivery key=pf-s313-graded:2829 partition=1 offset=712 suppressed=true
time=2026-09-03T23:25:26.903Z level=INFO msg=redelivery key=pf-s313-graded:2842 partition=1 offset=713 suppressed=true
time=2026-09-03T23:25:26.921Z level=INFO msg=redelivery key=pf-s313-graded:2845 partition=1 offset=714 suppressed=true
time=2026-09-03T23:25:26.943Z level=INFO msg=redelivery key=pf-s313-graded:2846 partition=1 offset=715 suppressed=true
time=2026-09-03T23:25:26.961Z level=INFO msg=redelivery key=pf-s313-graded:2850 partition=1 offset=716 suppressed=true
time=2026-09-03T23:25:26.982Z level=INFO msg=redelivery key=pf-s313-graded:2854 partition=1 offset=717 suppressed=true
time=2026-09-03T23:25:27.004Z level=INFO msg=redelivery key=pf-s313-graded:2858 partition=1 offset=718 suppressed=true
time=2026-09-03T23:25:27.021Z level=INFO msg=redelivery key=pf-s313-graded:2861 partition=1 offset=719 suppressed=true
time=2026-09-03T23:25:27.042Z level=INFO msg=redelivery key=pf-s313-graded:2862 partition=1 offset=720 suppressed=true
time=2026-09-03T23:25:27.062Z level=INFO msg=redelivery key=pf-s313-graded:2872 partition=1 offset=721 suppressed=true
time=2026-09-03T23:25:27.081Z level=INFO msg=redelivery key=pf-s313-graded:2874 partition=1 offset=722 suppressed=true
time=2026-09-03T23:25:27.102Z level=INFO msg=redelivery key=pf-s313-graded:2875 partition=1 offset=723 suppressed=true
time=2026-09-03T23:25:27.121Z level=INFO msg=redelivery key=pf-s313-graded:2880 partition=1 offset=724 suppressed=true
time=2026-09-03T23:25:27.142Z level=INFO msg=redelivery key=pf-s313-graded:2886 partition=1 offset=725 suppressed=true
time=2026-09-03T23:25:27.163Z level=INFO msg=redelivery key=pf-s313-graded:2889 partition=1 offset=726 suppressed=true
time=2026-09-03T23:25:27.181Z level=INFO msg=redelivery key=pf-s313-graded:2911 partition=1 offset=727 suppressed=true
time=2026-09-03T23:25:27.202Z level=INFO msg=redelivery key=pf-s313-graded:2918 partition=1 offset=728 suppressed=true
time=2026-09-03T23:25:30.782Z level=INFO msg="fault injected: rewinding instead of committing" key=pf-s313-graded:3374 partition=0 offset=874 epoch=0
time=2026-09-03T23:25:30.782Z level=INFO msg="fault injected: rewinding instead of committing" key=pf-s313-graded:3083 partition=1 offset=771 epoch=0
time=2026-09-03T23:25:30.802Z level=INFO msg=redelivery key=pf-s313-graded:3083 partition=1 offset=771 suppressed=true
time=2026-09-03T23:25:30.821Z level=INFO msg=redelivery key=pf-s313-graded:3089 partition=1 offset=772 suppressed=true
time=2026-09-03T23:25:30.843Z level=INFO msg=redelivery key=pf-s313-graded:3095 partition=1 offset=773 suppressed=true
time=2026-09-03T23:25:30.861Z level=INFO msg=redelivery key=pf-s313-graded:3099 partition=1 offset=774 suppressed=true
time=2026-09-03T23:25:30.882Z level=INFO msg=redelivery key=pf-s313-graded:3105 partition=1 offset=775 suppressed=true
time=2026-09-03T23:25:30.901Z level=INFO msg=redelivery key=pf-s313-graded:3107 partition=1 offset=776 suppressed=true
time=2026-09-03T23:25:30.926Z level=INFO msg=redelivery key=pf-s313-graded:3110 partition=1 offset=777 suppressed=true
time=2026-09-03T23:25:30.942Z level=INFO msg=redelivery key=pf-s313-graded:3113 partition=1 offset=778 suppressed=true
time=2026-09-03T23:25:30.961Z level=INFO msg=redelivery key=pf-s313-graded:3114 partition=1 offset=779 suppressed=true
time=2026-09-03T23:25:30.981Z level=INFO msg=redelivery key=pf-s313-graded:3124 partition=1 offset=780 suppressed=true
time=2026-09-03T23:25:31.001Z level=INFO msg=redelivery key=pf-s313-graded:3127 partition=1 offset=781 suppressed=true
time=2026-09-03T23:25:31.021Z level=INFO msg=redelivery key=pf-s313-graded:3135 partition=1 offset=782 suppressed=true
time=2026-09-03T23:25:31.042Z level=INFO msg=redelivery key=pf-s313-graded:3137 partition=1 offset=783 suppressed=true
time=2026-09-03T23:25:31.061Z level=INFO msg=redelivery key=pf-s313-graded:3142 partition=1 offset=784 suppressed=true
time=2026-09-03T23:25:31.081Z level=INFO msg=redelivery key=pf-s313-graded:3145 partition=1 offset=785 suppressed=true
time=2026-09-03T23:25:31.102Z level=INFO msg=redelivery key=pf-s313-graded:3146 partition=1 offset=786 suppressed=true
time=2026-09-03T23:25:31.122Z level=INFO msg=redelivery key=pf-s313-graded:3154 partition=1 offset=787 suppressed=true
time=2026-09-03T23:25:31.142Z level=INFO msg=redelivery key=pf-s313-graded:3155 partition=1 offset=788 suppressed=true
time=2026-09-03T23:25:31.163Z level=INFO msg=redelivery key=pf-s313-graded:3163 partition=1 offset=789 suppressed=true
time=2026-09-03T23:25:31.181Z level=INFO msg=redelivery key=pf-s313-graded:3167 partition=1 offset=790 suppressed=true
time=2026-09-03T23:25:31.202Z level=INFO msg=redelivery key=pf-s313-graded:3168 partition=1 offset=791 suppressed=true
time=2026-09-03T23:25:31.221Z level=INFO msg=redelivery key=pf-s313-graded:3175 partition=1 offset=792 suppressed=true
time=2026-09-03T23:25:31.241Z level=INFO msg=redelivery key=pf-s313-graded:3176 partition=1 offset=793 suppressed=true
time=2026-09-03T23:25:31.262Z level=INFO msg=redelivery key=pf-s313-graded:3179 partition=1 offset=794 suppressed=true
time=2026-09-03T23:25:31.281Z level=INFO msg=redelivery key=pf-s313-graded:3182 partition=1 offset=795 suppressed=true
time=2026-09-03T23:25:31.301Z level=INFO msg=redelivery key=pf-s313-graded:3184 partition=1 offset=796 suppressed=true
time=2026-09-03T23:25:31.322Z level=INFO msg=redelivery key=pf-s313-graded:3189 partition=1 offset=797 suppressed=true
time=2026-09-03T23:25:31.341Z level=INFO msg=redelivery key=pf-s313-graded:3191 partition=1 offset=798 suppressed=true
time=2026-09-03T23:25:31.361Z level=INFO msg=redelivery key=pf-s313-graded:3193 partition=1 offset=799 suppressed=true
time=2026-09-03T23:25:31.382Z level=INFO msg=redelivery key=pf-s313-graded:3195 partition=1 offset=800 suppressed=true
time=2026-09-03T23:25:31.401Z level=INFO msg=redelivery key=pf-s313-graded:3198 partition=1 offset=801 suppressed=true
time=2026-09-03T23:25:31.422Z level=INFO msg=redelivery key=pf-s313-graded:3202 partition=1 offset=802 suppressed=true
time=2026-09-03T23:25:31.441Z level=INFO msg=redelivery key=pf-s313-graded:3207 partition=1 offset=803 suppressed=true
time=2026-09-03T23:25:31.461Z level=INFO msg=redelivery key=pf-s313-graded:3209 partition=1 offset=804 suppressed=true
time=2026-09-03T23:25:31.482Z level=INFO msg=redelivery key=pf-s313-graded:3212 partition=1 offset=805 suppressed=true
time=2026-09-03T23:25:31.501Z level=INFO msg=redelivery key=pf-s313-graded:3216 partition=1 offset=806 suppressed=true
time=2026-09-03T23:25:31.521Z level=INFO msg=redelivery key=pf-s313-graded:3218 partition=1 offset=807 suppressed=true
time=2026-09-03T23:25:31.542Z level=INFO msg=redelivery key=pf-s313-graded:3224 partition=1 offset=808 suppressed=true
time=2026-09-03T23:25:31.561Z level=INFO msg=redelivery key=pf-s313-graded:3225 partition=1 offset=809 suppressed=true
time=2026-09-03T23:25:31.582Z level=INFO msg=redelivery key=pf-s313-graded:3231 partition=1 offset=810 suppressed=true
time=2026-09-03T23:25:31.601Z level=INFO msg=redelivery key=pf-s313-graded:3233 partition=1 offset=811 suppressed=true
time=2026-09-03T23:25:31.622Z level=INFO msg=redelivery key=pf-s313-graded:3246 partition=1 offset=812 suppressed=true
time=2026-09-03T23:25:31.641Z level=INFO msg=redelivery key=pf-s313-graded:3250 partition=1 offset=813 suppressed=true
time=2026-09-03T23:25:31.664Z level=INFO msg=redelivery key=pf-s313-graded:3252 partition=1 offset=814 suppressed=true
time=2026-09-03T23:25:31.681Z level=INFO msg=redelivery key=pf-s313-graded:3266 partition=1 offset=815 suppressed=true
time=2026-09-03T23:25:31.702Z level=INFO msg=redelivery key=pf-s313-graded:3271 partition=1 offset=816 suppressed=true
time=2026-09-03T23:25:31.722Z level=INFO msg=redelivery key=pf-s313-graded:3276 partition=1 offset=817 suppressed=true
time=2026-09-03T23:25:31.742Z level=INFO msg=redelivery key=pf-s313-graded:3278 partition=1 offset=818 suppressed=true
time=2026-09-03T23:25:31.763Z level=INFO msg=redelivery key=pf-s313-graded:3280 partition=1 offset=819 suppressed=true
time=2026-09-03T23:25:31.782Z level=INFO msg=redelivery key=pf-s313-graded:3286 partition=1 offset=820 suppressed=true
time=2026-09-03T23:25:31.801Z level=INFO msg=redelivery key=pf-s313-graded:3287 partition=1 offset=821 suppressed=true
time=2026-09-03T23:25:31.821Z level=INFO msg=redelivery key=pf-s313-graded:3293 partition=1 offset=822 suppressed=true
time=2026-09-03T23:25:31.841Z level=INFO msg=redelivery key=pf-s313-graded:3294 partition=1 offset=823 suppressed=true
time=2026-09-03T23:25:31.861Z level=INFO msg=redelivery key=pf-s313-graded:3298 partition=1 offset=824 suppressed=true
time=2026-09-03T23:25:31.881Z level=INFO msg=redelivery key=pf-s313-graded:3300 partition=1 offset=825 suppressed=true
time=2026-09-03T23:25:31.902Z level=INFO msg=redelivery key=pf-s313-graded:3302 partition=1 offset=826 suppressed=true
time=2026-09-03T23:25:31.922Z level=INFO msg=redelivery key=pf-s313-graded:3308 partition=1 offset=827 suppressed=true
time=2026-09-03T23:25:31.942Z level=INFO msg=redelivery key=pf-s313-graded:3309 partition=1 offset=828 suppressed=true
time=2026-09-03T23:25:31.961Z level=INFO msg=redelivery key=pf-s313-graded:3312 partition=1 offset=829 suppressed=true
time=2026-09-03T23:25:31.986Z level=INFO msg=redelivery key=pf-s313-graded:3315 partition=1 offset=830 suppressed=true
time=2026-09-03T23:25:32.001Z level=INFO msg=redelivery key=pf-s313-graded:3316 partition=1 offset=831 suppressed=true
time=2026-09-03T23:25:32.022Z level=INFO msg=redelivery key=pf-s313-graded:3318 partition=1 offset=832 suppressed=true
time=2026-09-03T23:25:32.041Z level=INFO msg=redelivery key=pf-s313-graded:3322 partition=1 offset=833 suppressed=true
time=2026-09-03T23:25:32.062Z level=INFO msg=redelivery key=pf-s313-graded:3335 partition=1 offset=834 suppressed=true
time=2026-09-03T23:25:32.082Z level=INFO msg=redelivery key=pf-s313-graded:3344 partition=1 offset=835 suppressed=true
time=2026-09-03T23:25:32.102Z level=INFO msg=redelivery key=pf-s313-graded:3345 partition=1 offset=836 suppressed=true
time=2026-09-03T23:25:32.121Z level=INFO msg=redelivery key=pf-s313-graded:3349 partition=1 offset=837 suppressed=true
time=2026-09-03T23:25:32.142Z level=INFO msg=redelivery key=pf-s313-graded:3352 partition=1 offset=838 suppressed=true
time=2026-09-03T23:25:32.161Z level=INFO msg=redelivery key=pf-s313-graded:3353 partition=1 offset=839 suppressed=true
time=2026-09-03T23:25:32.182Z level=INFO msg=redelivery key=pf-s313-graded:3355 partition=1 offset=840 suppressed=true
time=2026-09-03T23:25:32.202Z level=INFO msg=redelivery key=pf-s313-graded:3360 partition=1 offset=841 suppressed=true
time=2026-09-03T23:25:32.221Z level=INFO msg=redelivery key=pf-s313-graded:3361 partition=1 offset=842 suppressed=true
time=2026-09-03T23:25:32.242Z level=INFO msg=redelivery key=pf-s313-graded:3362 partition=1 offset=843 suppressed=true
time=2026-09-03T23:25:32.261Z level=INFO msg=redelivery key=pf-s313-graded:3367 partition=1 offset=844 suppressed=true
time=2026-09-03T23:25:32.282Z level=INFO msg=redelivery key=pf-s313-graded:3371 partition=1 offset=845 suppressed=true
time=2026-09-03T23:25:32.302Z level=INFO msg=redelivery key=pf-s313-graded:3375 partition=1 offset=846 suppressed=true
time=2026-09-03T23:25:32.321Z level=INFO msg=redelivery key=pf-s313-graded:3380 partition=1 offset=847 suppressed=true
time=2026-09-03T23:25:32.342Z level=INFO msg=redelivery key=pf-s313-graded:3381 partition=1 offset=848 suppressed=true
time=2026-09-03T23:25:32.364Z level=INFO msg=redelivery key=pf-s313-graded:3384 partition=1 offset=849 suppressed=true
time=2026-09-03T23:25:32.382Z level=INFO msg=redelivery key=pf-s313-graded:3392 partition=1 offset=850 suppressed=true
time=2026-09-03T23:25:32.401Z level=INFO msg=redelivery key=pf-s313-graded:3396 partition=1 offset=851 suppressed=true
time=2026-09-03T23:25:32.422Z level=INFO msg=redelivery key=pf-s313-graded:3397 partition=1 offset=852 suppressed=true
time=2026-09-03T23:25:32.441Z level=INFO msg=redelivery key=pf-s313-graded:3402 partition=1 offset=853 suppressed=true
time=2026-09-03T23:25:32.462Z level=INFO msg=redelivery key=pf-s313-graded:3405 partition=1 offset=854 suppressed=true
time=2026-09-03T23:25:32.483Z level=INFO msg=redelivery key=pf-s313-graded:3412 partition=1 offset=855 suppressed=true
time=2026-09-03T23:25:32.501Z level=INFO msg=redelivery key=pf-s313-graded:3417 partition=1 offset=856 suppressed=true
time=2026-09-03T23:25:32.522Z level=INFO msg=redelivery key=pf-s313-graded:3419 partition=1 offset=857 suppressed=true
time=2026-09-03T23:25:32.541Z level=INFO msg=redelivery key=pf-s313-graded:3422 partition=1 offset=858 suppressed=true
time=2026-09-03T23:25:32.562Z level=INFO msg=redelivery key=pf-s313-graded:3435 partition=1 offset=859 suppressed=true
time=2026-09-03T23:25:32.581Z level=INFO msg=redelivery key=pf-s313-graded:3448 partition=1 offset=860 suppressed=true
time=2026-09-03T23:25:32.602Z level=INFO msg=redelivery key=pf-s313-graded:3454 partition=1 offset=861 suppressed=true
time=2026-09-03T23:25:32.621Z level=INFO msg=redelivery key=pf-s313-graded:3456 partition=1 offset=862 suppressed=true
time=2026-09-03T23:25:32.641Z level=INFO msg=redelivery key=pf-s313-graded:3459 partition=1 offset=863 suppressed=true
time=2026-09-03T23:25:32.662Z level=INFO msg=redelivery key=pf-s313-graded:3460 partition=1 offset=864 suppressed=true
time=2026-09-03T23:25:32.682Z level=INFO msg=redelivery key=pf-s313-graded:3462 partition=1 offset=865 suppressed=true
time=2026-09-03T23:25:32.701Z level=INFO msg=redelivery key=pf-s313-graded:3465 partition=1 offset=866 suppressed=true
time=2026-09-03T23:25:32.722Z level=INFO msg=redelivery key=pf-s313-graded:3467 partition=1 offset=867 suppressed=true
time=2026-09-03T23:25:32.742Z level=INFO msg=redelivery key=pf-s313-graded:3468 partition=1 offset=868 suppressed=true
time=2026-09-03T23:25:32.761Z level=INFO msg=redelivery key=pf-s313-graded:3470 partition=1 offset=869 suppressed=true
time=2026-09-03T23:25:32.781Z level=INFO msg=redelivery key=pf-s313-graded:3472 partition=1 offset=870 suppressed=true
time=2026-09-03T23:25:32.802Z level=INFO msg=redelivery key=pf-s313-graded:3473 partition=1 offset=871 suppressed=true
time=2026-09-03T23:25:32.822Z level=INFO msg=redelivery key=pf-s313-graded:3479 partition=1 offset=872 suppressed=true
time=2026-09-03T23:25:32.843Z level=INFO msg=redelivery key=pf-s313-graded:3480 partition=1 offset=873 suppressed=true
time=2026-09-03T23:25:32.863Z level=INFO msg=redelivery key=pf-s313-graded:3481 partition=1 offset=874 suppressed=true
time=2026-09-03T23:25:32.881Z level=INFO msg=redelivery key=pf-s313-graded:3485 partition=1 offset=875 suppressed=true
time=2026-09-03T23:25:32.901Z level=INFO msg=redelivery key=pf-s313-graded:3487 partition=1 offset=876 suppressed=true
time=2026-09-03T23:25:32.922Z level=INFO msg=redelivery key=pf-s313-graded:3488 partition=1 offset=877 suppressed=true
time=2026-09-03T23:25:32.942Z level=INFO msg=redelivery key=pf-s313-graded:3489 partition=1 offset=878 suppressed=true
time=2026-09-03T23:25:32.961Z level=INFO msg=redelivery key=pf-s313-graded:3493 partition=1 offset=879 suppressed=true
time=2026-09-03T23:25:32.981Z level=INFO msg=redelivery key=pf-s313-graded:3501 partition=1 offset=880 suppressed=true
time=2026-09-03T23:25:33.002Z level=INFO msg=redelivery key=pf-s313-graded:3504 partition=1 offset=881 suppressed=true
time=2026-09-03T23:25:33.021Z level=INFO msg=redelivery key=pf-s313-graded:3507 partition=1 offset=882 suppressed=true
time=2026-09-03T23:25:33.042Z level=INFO msg=redelivery key=pf-s313-graded:3508 partition=1 offset=883 suppressed=true
time=2026-09-03T23:25:33.061Z level=INFO msg=redelivery key=pf-s313-graded:3511 partition=1 offset=884 suppressed=true
time=2026-09-03T23:25:33.082Z level=INFO msg=redelivery key=pf-s313-graded:3514 partition=1 offset=885 suppressed=true
time=2026-09-03T23:25:33.101Z level=INFO msg=redelivery key=pf-s313-graded:3520 partition=1 offset=886 suppressed=true
time=2026-09-03T23:25:33.122Z level=INFO msg=redelivery key=pf-s313-graded:3521 partition=1 offset=887 suppressed=true
time=2026-09-03T23:25:33.141Z level=INFO msg=redelivery key=pf-s313-graded:3529 partition=1 offset=888 suppressed=true
time=2026-09-03T23:25:33.162Z level=INFO msg=redelivery key=pf-s313-graded:3531 partition=1 offset=889 suppressed=true
time=2026-09-03T23:25:33.182Z level=INFO msg=redelivery key=pf-s313-graded:3533 partition=1 offset=890 suppressed=true
time=2026-09-03T23:25:33.201Z level=INFO msg=redelivery key=pf-s313-graded:3534 partition=1 offset=891 suppressed=true
time=2026-09-03T23:25:33.222Z level=INFO msg=redelivery key=pf-s313-graded:3535 partition=1 offset=892 suppressed=true
time=2026-09-03T23:25:33.241Z level=INFO msg=redelivery key=pf-s313-graded:3538 partition=1 offset=893 suppressed=true
time=2026-09-03T23:25:33.262Z level=INFO msg=redelivery key=pf-s313-graded:3540 partition=1 offset=894 suppressed=true
time=2026-09-03T23:25:33.282Z level=INFO msg=redelivery key=pf-s313-graded:3544 partition=1 offset=895 suppressed=true
time=2026-09-03T23:25:33.302Z level=INFO msg=redelivery key=pf-s313-graded:3550 partition=1 offset=896 suppressed=true
time=2026-09-03T23:25:33.322Z level=INFO msg=redelivery key=pf-s313-graded:3553 partition=1 offset=897 suppressed=true
time=2026-09-03T23:25:33.341Z level=INFO msg=redelivery key=pf-s313-graded:3560 partition=1 offset=898 suppressed=true
time=2026-09-03T23:25:33.361Z level=INFO msg=redelivery key=pf-s313-graded:3564 partition=1 offset=899 suppressed=true
time=2026-09-03T23:25:33.381Z level=INFO msg=redelivery key=pf-s313-graded:3565 partition=1 offset=900 suppressed=true
time=2026-09-03T23:25:33.402Z level=INFO msg=redelivery key=pf-s313-graded:3566 partition=1 offset=901 suppressed=true
time=2026-09-03T23:25:33.422Z level=INFO msg=redelivery key=pf-s313-graded:3570 partition=1 offset=902 suppressed=true
time=2026-09-03T23:25:33.444Z level=INFO msg=redelivery key=pf-s313-graded:3575 partition=1 offset=903 suppressed=true
time=2026-09-03T23:25:33.462Z level=INFO msg=redelivery key=pf-s313-graded:3576 partition=1 offset=904 suppressed=true
time=2026-09-03T23:25:33.482Z level=INFO msg=redelivery key=pf-s313-graded:3577 partition=1 offset=905 suppressed=true
time=2026-09-03T23:25:33.502Z level=INFO msg=redelivery key=pf-s313-graded:3578 partition=1 offset=906 suppressed=true
time=2026-09-03T23:25:33.521Z level=INFO msg=redelivery key=pf-s313-graded:3587 partition=1 offset=907 suppressed=true
time=2026-09-03T23:25:37.962Z level=INFO msg=redelivery key=pf-s313-graded:2972 partition=2 offset=1460 suppressed=true
time=2026-09-03T23:25:37.982Z level=INFO msg=redelivery key=pf-s313-graded:2974 partition=2 offset=1461 suppressed=true
time=2026-09-03T23:25:38.001Z level=INFO msg=redelivery key=pf-s313-graded:2976 partition=2 offset=1462 suppressed=true
time=2026-09-03T23:25:38.021Z level=INFO msg=redelivery key=pf-s313-graded:2980 partition=2 offset=1463 suppressed=true
time=2026-09-03T23:25:38.042Z level=INFO msg=redelivery key=pf-s313-graded:2981 partition=2 offset=1464 suppressed=true
time=2026-09-03T23:25:38.061Z level=INFO msg=redelivery key=pf-s313-graded:2982 partition=2 offset=1465 suppressed=true
time=2026-09-03T23:25:38.083Z level=INFO msg=redelivery key=pf-s313-graded:2985 partition=2 offset=1466 suppressed=true
time=2026-09-03T23:25:38.102Z level=INFO msg=redelivery key=pf-s313-graded:2988 partition=2 offset=1467 suppressed=true
time=2026-09-03T23:25:38.121Z level=INFO msg=redelivery key=pf-s313-graded:2989 partition=2 offset=1468 suppressed=true
time=2026-09-03T23:25:38.142Z level=INFO msg=redelivery key=pf-s313-graded:2990 partition=2 offset=1469 suppressed=true
time=2026-09-03T23:25:38.162Z level=INFO msg=redelivery key=pf-s313-graded:2992 partition=2 offset=1470 suppressed=true
time=2026-09-03T23:25:38.181Z level=INFO msg=redelivery key=pf-s313-graded:2998 partition=2 offset=1471 suppressed=true
time=2026-09-03T23:25:38.201Z level=INFO msg=redelivery key=pf-s313-graded:3002 partition=2 offset=1472 suppressed=true
time=2026-09-03T23:25:38.224Z level=INFO msg=redelivery key=pf-s313-graded:3003 partition=2 offset=1473 suppressed=true
time=2026-09-03T23:25:38.241Z level=INFO msg=redelivery key=pf-s313-graded:3004 partition=2 offset=1474 suppressed=true
time=2026-09-03T23:25:38.262Z level=INFO msg=redelivery key=pf-s313-graded:3005 partition=2 offset=1475 suppressed=true
time=2026-09-03T23:25:38.282Z level=INFO msg=redelivery key=pf-s313-graded:3012 partition=2 offset=1476 suppressed=true
time=2026-09-03T23:25:38.303Z level=INFO msg=redelivery key=pf-s313-graded:3013 partition=2 offset=1477 suppressed=true
time=2026-09-03T23:25:38.322Z level=INFO msg=redelivery key=pf-s313-graded:3016 partition=2 offset=1478 suppressed=true
time=2026-09-03T23:25:38.343Z level=INFO msg=redelivery key=pf-s313-graded:3020 partition=2 offset=1479 suppressed=true
time=2026-09-03T23:25:38.362Z level=INFO msg=redelivery key=pf-s313-graded:3022 partition=2 offset=1480 suppressed=true
time=2026-09-03T23:25:38.385Z level=INFO msg=redelivery key=pf-s313-graded:3024 partition=2 offset=1481 suppressed=true
time=2026-09-03T23:25:38.401Z level=INFO msg=redelivery key=pf-s313-graded:3026 partition=2 offset=1482 suppressed=true
time=2026-09-03T23:25:38.422Z level=INFO msg=redelivery key=pf-s313-graded:3028 partition=2 offset=1483 suppressed=true
time=2026-09-03T23:25:38.442Z level=INFO msg=redelivery key=pf-s313-graded:3031 partition=2 offset=1484 suppressed=true
time=2026-09-03T23:25:38.462Z level=INFO msg=redelivery key=pf-s313-graded:3039 partition=2 offset=1485 suppressed=true
time=2026-09-03T23:25:38.482Z level=INFO msg=redelivery key=pf-s313-graded:3041 partition=2 offset=1486 suppressed=true
time=2026-09-03T23:25:38.507Z level=INFO msg=redelivery key=pf-s313-graded:3042 partition=2 offset=1487 suppressed=true
time=2026-09-03T23:25:38.522Z level=INFO msg=redelivery key=pf-s313-graded:3046 partition=2 offset=1488 suppressed=true
time=2026-09-03T23:25:38.543Z level=INFO msg=redelivery key=pf-s313-graded:3050 partition=2 offset=1489 suppressed=true
time=2026-09-03T23:25:38.563Z level=INFO msg=redelivery key=pf-s313-graded:3051 partition=2 offset=1490 suppressed=true
time=2026-09-03T23:25:38.582Z level=INFO msg=redelivery key=pf-s313-graded:3053 partition=2 offset=1491 suppressed=true
time=2026-09-03T23:25:38.601Z level=INFO msg=redelivery key=pf-s313-graded:3059 partition=2 offset=1492 suppressed=true
time=2026-09-03T23:25:38.622Z level=INFO msg=redelivery key=pf-s313-graded:3062 partition=2 offset=1493 suppressed=true
time=2026-09-03T23:25:38.642Z level=INFO msg=redelivery key=pf-s313-graded:3063 partition=2 offset=1494 suppressed=true
time=2026-09-03T23:25:38.662Z level=INFO msg=redelivery key=pf-s313-graded:3065 partition=2 offset=1495 suppressed=true
time=2026-09-03T23:25:38.682Z level=INFO msg=redelivery key=pf-s313-graded:3066 partition=2 offset=1496 suppressed=true
time=2026-09-03T23:25:38.703Z level=INFO msg=redelivery key=pf-s313-graded:3067 partition=2 offset=1497 suppressed=true
time=2026-09-03T23:25:38.722Z level=INFO msg=redelivery key=pf-s313-graded:3069 partition=2 offset=1498 suppressed=true
time=2026-09-03T23:25:38.742Z level=INFO msg=redelivery key=pf-s313-graded:3070 partition=2 offset=1499 suppressed=true
time=2026-09-03T23:25:38.762Z level=INFO msg=redelivery key=pf-s313-graded:3071 partition=2 offset=1500 suppressed=true
time=2026-09-03T23:25:38.781Z level=INFO msg=redelivery key=pf-s313-graded:3073 partition=2 offset=1501 suppressed=true
time=2026-09-03T23:25:38.802Z level=INFO msg=redelivery key=pf-s313-graded:3074 partition=2 offset=1502 suppressed=true
time=2026-09-03T23:25:38.822Z level=INFO msg=redelivery key=pf-s313-graded:3075 partition=2 offset=1503 suppressed=true
time=2026-09-03T23:25:38.842Z level=INFO msg=redelivery key=pf-s313-graded:3076 partition=2 offset=1504 suppressed=true
time=2026-09-03T23:25:38.862Z level=INFO msg=redelivery key=pf-s313-graded:3077 partition=2 offset=1505 suppressed=true
time=2026-09-03T23:25:38.882Z level=INFO msg=redelivery key=pf-s313-graded:3079 partition=2 offset=1506 suppressed=true
time=2026-09-03T23:25:38.902Z level=INFO msg=redelivery key=pf-s313-graded:3080 partition=2 offset=1507 suppressed=true
time=2026-09-03T23:25:38.922Z level=INFO msg=redelivery key=pf-s313-graded:3085 partition=2 offset=1508 suppressed=true
time=2026-09-03T23:25:38.942Z level=INFO msg=redelivery key=pf-s313-graded:3087 partition=2 offset=1509 suppressed=true
time=2026-09-03T23:25:38.962Z level=INFO msg=redelivery key=pf-s313-graded:3088 partition=2 offset=1510 suppressed=true
time=2026-09-03T23:25:38.983Z level=INFO msg=redelivery key=pf-s313-graded:3091 partition=2 offset=1511 suppressed=true
time=2026-09-03T23:25:39.002Z level=INFO msg=redelivery key=pf-s313-graded:3092 partition=2 offset=1512 suppressed=true
time=2026-09-03T23:25:39.025Z level=INFO msg=redelivery key=pf-s313-graded:3093 partition=2 offset=1513 suppressed=true
time=2026-09-03T23:25:39.043Z level=INFO msg=redelivery key=pf-s313-graded:3094 partition=2 offset=1514 suppressed=true
time=2026-09-03T23:25:39.063Z level=INFO msg=redelivery key=pf-s313-graded:3098 partition=2 offset=1515 suppressed=true
time=2026-09-03T23:25:39.083Z level=INFO msg=redelivery key=pf-s313-graded:3100 partition=2 offset=1516 suppressed=true
time=2026-09-03T23:25:39.102Z level=INFO msg=redelivery key=pf-s313-graded:3104 partition=2 offset=1517 suppressed=true
time=2026-09-03T23:25:39.125Z level=INFO msg=redelivery key=pf-s313-graded:3106 partition=2 offset=1518 suppressed=true
time=2026-09-03T23:25:39.143Z level=INFO msg=redelivery key=pf-s313-graded:3108 partition=2 offset=1519 suppressed=true
time=2026-09-03T23:25:39.166Z level=INFO msg=redelivery key=pf-s313-graded:3111 partition=2 offset=1520 suppressed=true
time=2026-09-03T23:25:39.182Z level=INFO msg=redelivery key=pf-s313-graded:3112 partition=2 offset=1521 suppressed=true
time=2026-09-03T23:25:39.202Z level=INFO msg=redelivery key=pf-s313-graded:3115 partition=2 offset=1522 suppressed=true
time=2026-09-03T23:25:39.225Z level=INFO msg=redelivery key=pf-s313-graded:3116 partition=2 offset=1523 suppressed=true
time=2026-09-03T23:25:39.244Z level=INFO msg=redelivery key=pf-s313-graded:3117 partition=2 offset=1524 suppressed=true
time=2026-09-03T23:25:39.263Z level=INFO msg=redelivery key=pf-s313-graded:3119 partition=2 offset=1525 suppressed=true
time=2026-09-03T23:25:39.283Z level=INFO msg=redelivery key=pf-s313-graded:3121 partition=2 offset=1526 suppressed=true
time=2026-09-03T23:25:39.302Z level=INFO msg=redelivery key=pf-s313-graded:3123 partition=2 offset=1527 suppressed=true
time=2026-09-03T23:25:39.321Z level=INFO msg=redelivery key=pf-s313-graded:3125 partition=2 offset=1528 suppressed=true
time=2026-09-03T23:25:39.343Z level=INFO msg=redelivery key=pf-s313-graded:3126 partition=2 offset=1529 suppressed=true
time=2026-09-03T23:25:39.363Z level=INFO msg=redelivery key=pf-s313-graded:3131 partition=2 offset=1530 suppressed=true
time=2026-09-03T23:25:39.383Z level=INFO msg=redelivery key=pf-s313-graded:3132 partition=2 offset=1531 suppressed=true
time=2026-09-03T23:25:39.404Z level=INFO msg=redelivery key=pf-s313-graded:3134 partition=2 offset=1532 suppressed=true
time=2026-09-03T23:25:39.422Z level=INFO msg=redelivery key=pf-s313-graded:3138 partition=2 offset=1533 suppressed=true
time=2026-09-03T23:25:39.442Z level=INFO msg=redelivery key=pf-s313-graded:3140 partition=2 offset=1534 suppressed=true
time=2026-09-03T23:25:39.465Z level=INFO msg=redelivery key=pf-s313-graded:3141 partition=2 offset=1535 suppressed=true
time=2026-09-03T23:25:39.481Z level=INFO msg=redelivery key=pf-s313-graded:3147 partition=2 offset=1536 suppressed=true
time=2026-09-03T23:25:39.503Z level=INFO msg=redelivery key=pf-s313-graded:3149 partition=2 offset=1537 suppressed=true
time=2026-09-03T23:25:39.522Z level=INFO msg=redelivery key=pf-s313-graded:3150 partition=2 offset=1538 suppressed=true
time=2026-09-03T23:25:39.542Z level=INFO msg=redelivery key=pf-s313-graded:3151 partition=2 offset=1539 suppressed=true
time=2026-09-03T23:25:39.562Z level=INFO msg=redelivery key=pf-s313-graded:3152 partition=2 offset=1540 suppressed=true
time=2026-09-03T23:25:39.583Z level=INFO msg=redelivery key=pf-s313-graded:3153 partition=2 offset=1541 suppressed=true
time=2026-09-03T23:25:39.602Z level=INFO msg=redelivery key=pf-s313-graded:3156 partition=2 offset=1542 suppressed=true
time=2026-09-03T23:25:39.624Z level=INFO msg=redelivery key=pf-s313-graded:3157 partition=2 offset=1543 suppressed=true
time=2026-09-03T23:25:39.641Z level=INFO msg=redelivery key=pf-s313-graded:3158 partition=2 offset=1544 suppressed=true
time=2026-09-03T23:25:39.664Z level=INFO msg=redelivery key=pf-s313-graded:3159 partition=2 offset=1545 suppressed=true
time=2026-09-03T23:25:39.682Z level=INFO msg=redelivery key=pf-s313-graded:3160 partition=2 offset=1546 suppressed=true
time=2026-09-03T23:25:39.703Z level=INFO msg=redelivery key=pf-s313-graded:3165 partition=2 offset=1547 suppressed=true
time=2026-09-03T23:25:39.723Z level=INFO msg=redelivery key=pf-s313-graded:3169 partition=2 offset=1548 suppressed=true
time=2026-09-03T23:25:39.744Z level=INFO msg=redelivery key=pf-s313-graded:3170 partition=2 offset=1549 suppressed=true
time=2026-09-03T23:25:39.762Z level=INFO msg=redelivery key=pf-s313-graded:3171 partition=2 offset=1550 suppressed=true
time=2026-09-03T23:25:39.782Z level=INFO msg=redelivery key=pf-s313-graded:3172 partition=2 offset=1551 suppressed=true
time=2026-09-03T23:25:39.802Z level=INFO msg=redelivery key=pf-s313-graded:3173 partition=2 offset=1552 suppressed=true
time=2026-09-03T23:25:39.821Z level=INFO msg=redelivery key=pf-s313-graded:3177 partition=2 offset=1553 suppressed=true
time=2026-09-03T23:25:39.841Z level=INFO msg=redelivery key=pf-s313-graded:3180 partition=2 offset=1554 suppressed=true
time=2026-09-03T23:25:39.863Z level=INFO msg=redelivery key=pf-s313-graded:3181 partition=2 offset=1555 suppressed=true
time=2026-09-03T23:25:39.882Z level=INFO msg=redelivery key=pf-s313-graded:3185 partition=2 offset=1556 suppressed=true
time=2026-09-03T23:25:39.902Z level=INFO msg=redelivery key=pf-s313-graded:3186 partition=2 offset=1557 suppressed=true
time=2026-09-03T23:25:39.921Z level=INFO msg=redelivery key=pf-s313-graded:3187 partition=2 offset=1558 suppressed=true
time=2026-09-03T23:25:39.943Z level=INFO msg=redelivery key=pf-s313-graded:3190 partition=2 offset=1559 suppressed=true
time=2026-09-03T23:25:39.962Z level=INFO msg=redelivery key=pf-s313-graded:3192 partition=2 offset=1560 suppressed=true
time=2026-09-03T23:25:39.982Z level=INFO msg=redelivery key=pf-s313-graded:3194 partition=2 offset=1561 suppressed=true
time=2026-09-03T23:25:40.008Z level=INFO msg=redelivery key=pf-s313-graded:3196 partition=2 offset=1562 suppressed=true
time=2026-09-03T23:25:40.023Z level=INFO msg=redelivery key=pf-s313-graded:3199 partition=2 offset=1563 suppressed=true
time=2026-09-03T23:25:40.041Z level=INFO msg=redelivery key=pf-s313-graded:3200 partition=2 offset=1564 suppressed=true
time=2026-09-03T23:25:40.063Z level=INFO msg=redelivery key=pf-s313-graded:3203 partition=2 offset=1565 suppressed=true
time=2026-09-03T23:25:40.082Z level=INFO msg=redelivery key=pf-s313-graded:3204 partition=2 offset=1566 suppressed=true
time=2026-09-03T23:25:40.102Z level=INFO msg=redelivery key=pf-s313-graded:3205 partition=2 offset=1567 suppressed=true
time=2026-09-03T23:25:40.122Z level=INFO msg=redelivery key=pf-s313-graded:3206 partition=2 offset=1568 suppressed=true
time=2026-09-03T23:25:40.141Z level=INFO msg=redelivery key=pf-s313-graded:3208 partition=2 offset=1569 suppressed=true
time=2026-09-03T23:25:40.162Z level=INFO msg=redelivery key=pf-s313-graded:3211 partition=2 offset=1570 suppressed=true
time=2026-09-03T23:25:40.182Z level=INFO msg=redelivery key=pf-s313-graded:3213 partition=2 offset=1571 suppressed=true
time=2026-09-03T23:25:40.202Z level=INFO msg=redelivery key=pf-s313-graded:3214 partition=2 offset=1572 suppressed=true
time=2026-09-03T23:25:40.222Z level=INFO msg=redelivery key=pf-s313-graded:3215 partition=2 offset=1573 suppressed=true
time=2026-09-03T23:25:40.241Z level=INFO msg=redelivery key=pf-s313-graded:3217 partition=2 offset=1574 suppressed=true
time=2026-09-03T23:25:40.262Z level=INFO msg=redelivery key=pf-s313-graded:3221 partition=2 offset=1575 suppressed=true
time=2026-09-03T23:25:40.282Z level=INFO msg=redelivery key=pf-s313-graded:3222 partition=2 offset=1576 suppressed=true
time=2026-09-03T23:25:40.307Z level=INFO msg=redelivery key=pf-s313-graded:3223 partition=2 offset=1577 suppressed=true
time=2026-09-03T23:25:40.322Z level=INFO msg=redelivery key=pf-s313-graded:3226 partition=2 offset=1578 suppressed=true
time=2026-09-03T23:25:40.342Z level=INFO msg=redelivery key=pf-s313-graded:3227 partition=2 offset=1579 suppressed=true
time=2026-09-03T23:25:40.362Z level=INFO msg=redelivery key=pf-s313-graded:3229 partition=2 offset=1580 suppressed=true
time=2026-09-03T23:25:40.382Z level=INFO msg=redelivery key=pf-s313-graded:3230 partition=2 offset=1581 suppressed=true
time=2026-09-03T23:25:40.402Z level=INFO msg=redelivery key=pf-s313-graded:3232 partition=2 offset=1582 suppressed=true
time=2026-09-03T23:25:40.422Z level=INFO msg=redelivery key=pf-s313-graded:3234 partition=2 offset=1583 suppressed=true
time=2026-09-03T23:25:40.441Z level=INFO msg=redelivery key=pf-s313-graded:3236 partition=2 offset=1584 suppressed=true
time=2026-09-03T23:25:40.461Z level=INFO msg=redelivery key=pf-s313-graded:3237 partition=2 offset=1585 suppressed=true
time=2026-09-03T23:25:40.481Z level=INFO msg=redelivery key=pf-s313-graded:3238 partition=2 offset=1586 suppressed=true
time=2026-09-03T23:25:40.502Z level=INFO msg=redelivery key=pf-s313-graded:3239 partition=2 offset=1587 suppressed=true
time=2026-09-03T23:25:40.522Z level=INFO msg=redelivery key=pf-s313-graded:3241 partition=2 offset=1588 suppressed=true
time=2026-09-03T23:25:40.541Z level=INFO msg=redelivery key=pf-s313-graded:3242 partition=2 offset=1589 suppressed=true
time=2026-09-03T23:25:40.565Z level=INFO msg=redelivery key=pf-s313-graded:3245 partition=2 offset=1590 suppressed=true
time=2026-09-03T23:25:40.582Z level=INFO msg=redelivery key=pf-s313-graded:3247 partition=2 offset=1591 suppressed=true
time=2026-09-03T23:25:40.601Z level=INFO msg=redelivery key=pf-s313-graded:3249 partition=2 offset=1592 suppressed=true
time=2026-09-03T23:25:40.622Z level=INFO msg=redelivery key=pf-s313-graded:3255 partition=2 offset=1593 suppressed=true
time=2026-09-03T23:25:40.642Z level=INFO msg=redelivery key=pf-s313-graded:3256 partition=2 offset=1594 suppressed=true
time=2026-09-03T23:25:40.662Z level=INFO msg=redelivery key=pf-s313-graded:3257 partition=2 offset=1595 suppressed=true
time=2026-09-03T23:25:40.682Z level=INFO msg=redelivery key=pf-s313-graded:3259 partition=2 offset=1596 suppressed=true
time=2026-09-03T23:25:40.703Z level=INFO msg=redelivery key=pf-s313-graded:3260 partition=2 offset=1597 suppressed=true
time=2026-09-03T23:25:40.722Z level=INFO msg=redelivery key=pf-s313-graded:3261 partition=2 offset=1598 suppressed=true
time=2026-09-03T23:25:40.743Z level=INFO msg=redelivery key=pf-s313-graded:3262 partition=2 offset=1599 suppressed=true
time=2026-09-03T23:25:40.762Z level=INFO msg=redelivery key=pf-s313-graded:3263 partition=2 offset=1600 suppressed=true
time=2026-09-03T23:25:40.782Z level=INFO msg=redelivery key=pf-s313-graded:3264 partition=2 offset=1601 suppressed=true
time=2026-09-03T23:25:40.783Z level=INFO msg="fault injected: rewinding instead of committing" key=pf-s313-graded:4185 partition=1 offset=1062 epoch=0
time=2026-09-03T23:25:40.844Z level=INFO msg=redelivery key=pf-s313-graded:3265 partition=2 offset=1602 suppressed=true
time=2026-09-03T23:25:40.866Z level=INFO msg=redelivery key=pf-s313-graded:3268 partition=2 offset=1603 suppressed=true
time=2026-09-03T23:25:40.884Z level=INFO msg=redelivery key=pf-s313-graded:3270 partition=2 offset=1604 suppressed=true
time=2026-09-03T23:25:40.903Z level=INFO msg=redelivery key=pf-s313-graded:3272 partition=2 offset=1605 suppressed=true
time=2026-09-03T23:25:40.924Z level=INFO msg=redelivery key=pf-s313-graded:3274 partition=2 offset=1606 suppressed=true
time=2026-09-03T23:25:40.944Z level=INFO msg=redelivery key=pf-s313-graded:3275 partition=2 offset=1607 suppressed=true
time=2026-09-03T23:25:40.965Z level=INFO msg=redelivery key=pf-s313-graded:3277 partition=2 offset=1608 suppressed=true
time=2026-09-03T23:25:40.984Z level=INFO msg=redelivery key=pf-s313-graded:3281 partition=2 offset=1609 suppressed=true
time=2026-09-03T23:25:41.004Z level=INFO msg=redelivery key=pf-s313-graded:3282 partition=2 offset=1610 suppressed=true
time=2026-09-03T23:25:41.025Z level=INFO msg=redelivery key=pf-s313-graded:3284 partition=2 offset=1611 suppressed=true
time=2026-09-03T23:25:41.044Z level=INFO msg=redelivery key=pf-s313-graded:3285 partition=2 offset=1612 suppressed=true
time=2026-09-03T23:25:41.063Z level=INFO msg=redelivery key=pf-s313-graded:3291 partition=2 offset=1613 suppressed=true
time=2026-09-03T23:25:41.084Z level=INFO msg=redelivery key=pf-s313-graded:3295 partition=2 offset=1614 suppressed=true
time=2026-09-03T23:25:41.104Z level=INFO msg=redelivery key=pf-s313-graded:3296 partition=2 offset=1615 suppressed=true
time=2026-09-03T23:25:41.125Z level=INFO msg=redelivery key=pf-s313-graded:3297 partition=2 offset=1616 suppressed=true
time=2026-09-03T23:25:41.144Z level=INFO msg=redelivery key=pf-s313-graded:3301 partition=2 offset=1617 suppressed=true
time=2026-09-03T23:25:41.164Z level=INFO msg=redelivery key=pf-s313-graded:3303 partition=2 offset=1618 suppressed=true
time=2026-09-03T23:25:41.184Z level=INFO msg=redelivery key=pf-s313-graded:3305 partition=2 offset=1619 suppressed=true
time=2026-09-03T23:25:41.204Z level=INFO msg=redelivery key=pf-s313-graded:3306 partition=2 offset=1620 suppressed=true
time=2026-09-03T23:25:41.224Z level=INFO msg=redelivery key=pf-s313-graded:3310 partition=2 offset=1621 suppressed=true
time=2026-09-03T23:25:41.246Z level=INFO msg=redelivery key=pf-s313-graded:3311 partition=2 offset=1622 suppressed=true
time=2026-09-03T23:25:41.264Z level=INFO msg=redelivery key=pf-s313-graded:3313 partition=2 offset=1623 suppressed=true
time=2026-09-03T23:25:41.285Z level=INFO msg=redelivery key=pf-s313-graded:3314 partition=2 offset=1624 suppressed=true
time=2026-09-03T23:25:41.304Z level=INFO msg=redelivery key=pf-s313-graded:3319 partition=2 offset=1625 suppressed=true
time=2026-09-03T23:25:41.324Z level=INFO msg=redelivery key=pf-s313-graded:3320 partition=2 offset=1626 suppressed=true
time=2026-09-03T23:25:41.344Z level=INFO msg=redelivery key=pf-s313-graded:3324 partition=2 offset=1627 suppressed=true
time=2026-09-03T23:25:41.364Z level=INFO msg=redelivery key=pf-s313-graded:3325 partition=2 offset=1628 suppressed=true
time=2026-09-03T23:25:41.384Z level=INFO msg=redelivery key=pf-s313-graded:3326 partition=2 offset=1629 suppressed=true
time=2026-09-03T23:25:41.404Z level=INFO msg=redelivery key=pf-s313-graded:3327 partition=2 offset=1630 suppressed=true
time=2026-09-03T23:25:41.424Z level=INFO msg=redelivery key=pf-s313-graded:3328 partition=2 offset=1631 suppressed=true
time=2026-09-03T23:25:41.444Z level=INFO msg=redelivery key=pf-s313-graded:3330 partition=2 offset=1632 suppressed=true
time=2026-09-03T23:25:41.465Z level=INFO msg=redelivery key=pf-s313-graded:3331 partition=2 offset=1633 suppressed=true
time=2026-09-03T23:25:41.484Z level=INFO msg=redelivery key=pf-s313-graded:3332 partition=2 offset=1634 suppressed=true
time=2026-09-03T23:25:41.503Z level=INFO msg=redelivery key=pf-s313-graded:3333 partition=2 offset=1635 suppressed=true
time=2026-09-03T23:25:41.526Z level=INFO msg=redelivery key=pf-s313-graded:3334 partition=2 offset=1636 suppressed=true
time=2026-09-03T23:25:41.544Z level=INFO msg=redelivery key=pf-s313-graded:3336 partition=2 offset=1637 suppressed=true
time=2026-09-03T23:25:41.566Z level=INFO msg=redelivery key=pf-s313-graded:3338 partition=2 offset=1638 suppressed=true
time=2026-09-03T23:25:41.584Z level=INFO msg=redelivery key=pf-s313-graded:3339 partition=2 offset=1639 suppressed=true
time=2026-09-03T23:25:41.604Z level=INFO msg=redelivery key=pf-s313-graded:3341 partition=2 offset=1640 suppressed=true
time=2026-09-03T23:25:41.624Z level=INFO msg=redelivery key=pf-s313-graded:3342 partition=2 offset=1641 suppressed=true
time=2026-09-03T23:25:41.644Z level=INFO msg=redelivery key=pf-s313-graded:3347 partition=2 offset=1642 suppressed=true
time=2026-09-03T23:25:41.663Z level=INFO msg=redelivery key=pf-s313-graded:3348 partition=2 offset=1643 suppressed=true
time=2026-09-03T23:25:41.684Z level=INFO msg=redelivery key=pf-s313-graded:3350 partition=2 offset=1644 suppressed=true
time=2026-09-03T23:25:41.704Z level=INFO msg=redelivery key=pf-s313-graded:3351 partition=2 offset=1645 suppressed=true
time=2026-09-03T23:25:41.724Z level=INFO msg=redelivery key=pf-s313-graded:3356 partition=2 offset=1646 suppressed=true
time=2026-09-03T23:25:41.744Z level=INFO msg=redelivery key=pf-s313-graded:3363 partition=2 offset=1647 suppressed=true
time=2026-09-03T23:25:41.764Z level=INFO msg=redelivery key=pf-s313-graded:3364 partition=2 offset=1648 suppressed=true
time=2026-09-03T23:25:41.784Z level=INFO msg=redelivery key=pf-s313-graded:3365 partition=2 offset=1649 suppressed=true
time=2026-09-03T23:25:41.804Z level=INFO msg=redelivery key=pf-s313-graded:3366 partition=2 offset=1650 suppressed=true
time=2026-09-03T23:25:41.823Z level=INFO msg=redelivery key=pf-s313-graded:3370 partition=2 offset=1651 suppressed=true
time=2026-09-03T23:25:41.844Z level=INFO msg=redelivery key=pf-s313-graded:3372 partition=2 offset=1652 suppressed=true
time=2026-09-03T23:25:41.866Z level=INFO msg=redelivery key=pf-s313-graded:3378 partition=2 offset=1653 suppressed=true
time=2026-09-03T23:25:41.884Z level=INFO msg=redelivery key=pf-s313-graded:3379 partition=2 offset=1654 suppressed=true
time=2026-09-03T23:25:41.905Z level=INFO msg=redelivery key=pf-s313-graded:3382 partition=2 offset=1655 suppressed=true
time=2026-09-03T23:25:41.924Z level=INFO msg=redelivery key=pf-s313-graded:3389 partition=2 offset=1656 suppressed=true
time=2026-09-03T23:25:41.944Z level=INFO msg=redelivery key=pf-s313-graded:3393 partition=2 offset=1657 suppressed=true
time=2026-09-03T23:25:41.963Z level=INFO msg=redelivery key=pf-s313-graded:3398 partition=2 offset=1658 suppressed=true
time=2026-09-03T23:25:41.984Z level=INFO msg=redelivery key=pf-s313-graded:3400 partition=2 offset=1659 suppressed=true
time=2026-09-03T23:25:42.005Z level=INFO msg=redelivery key=pf-s313-graded:3401 partition=2 offset=1660 suppressed=true
time=2026-09-03T23:25:42.024Z level=INFO msg=redelivery key=pf-s313-graded:3403 partition=2 offset=1661 suppressed=true
time=2026-09-03T23:25:42.044Z level=INFO msg=redelivery key=pf-s313-graded:3406 partition=2 offset=1662 suppressed=true
time=2026-09-03T23:25:42.065Z level=INFO msg=redelivery key=pf-s313-graded:3408 partition=2 offset=1663 suppressed=true
time=2026-09-03T23:25:42.084Z level=INFO msg=redelivery key=pf-s313-graded:3410 partition=2 offset=1664 suppressed=true
time=2026-09-03T23:25:42.103Z level=INFO msg=redelivery key=pf-s313-graded:3411 partition=2 offset=1665 suppressed=true
time=2026-09-03T23:25:42.124Z level=INFO msg=redelivery key=pf-s313-graded:3413 partition=2 offset=1666 suppressed=true
time=2026-09-03T23:25:42.144Z level=INFO msg=redelivery key=pf-s313-graded:3416 partition=2 offset=1667 suppressed=true
time=2026-09-03T23:25:42.166Z level=INFO msg=redelivery key=pf-s313-graded:3420 partition=2 offset=1668 suppressed=true
time=2026-09-03T23:25:42.183Z level=INFO msg=redelivery key=pf-s313-graded:3421 partition=2 offset=1669 suppressed=true
time=2026-09-03T23:25:42.204Z level=INFO msg=redelivery key=pf-s313-graded:3423 partition=2 offset=1670 suppressed=true
time=2026-09-03T23:25:42.229Z level=INFO msg=redelivery key=pf-s313-graded:3424 partition=2 offset=1671 suppressed=true
time=2026-09-03T23:25:42.249Z level=INFO msg=redelivery key=pf-s313-graded:3425 partition=2 offset=1672 suppressed=true
time=2026-09-03T23:25:50.825Z level=INFO msg="fault injected: rewinding instead of committing" key=pf-s313-graded:3584 partition=2 offset=1739 epoch=0
time=2026-09-03T23:25:50.878Z level=INFO msg=redelivery key=pf-s313-graded:3374 partition=0 offset=874 suppressed=true
time=2026-09-03T23:25:50.897Z level=INFO msg=redelivery key=pf-s313-graded:3376 partition=0 offset=875 suppressed=true
time=2026-09-03T23:25:50.918Z level=INFO msg=redelivery key=pf-s313-graded:3377 partition=0 offset=876 suppressed=true
time=2026-09-03T23:25:50.937Z level=INFO msg=redelivery key=pf-s313-graded:3383 partition=0 offset=877 suppressed=true
time=2026-09-03T23:25:50.957Z level=INFO msg=redelivery key=pf-s313-graded:3385 partition=0 offset=878 suppressed=true
time=2026-09-03T23:25:50.976Z level=INFO msg=redelivery key=pf-s313-graded:3386 partition=0 offset=879 suppressed=true
time=2026-09-03T23:25:50.996Z level=INFO msg=redelivery key=pf-s313-graded:3387 partition=0 offset=880 suppressed=true
time=2026-09-03T23:25:51.016Z level=INFO msg=redelivery key=pf-s313-graded:3388 partition=0 offset=881 suppressed=true
time=2026-09-03T23:25:51.037Z level=INFO msg=redelivery key=pf-s313-graded:3390 partition=0 offset=882 suppressed=true
time=2026-09-03T23:25:51.057Z level=INFO msg=redelivery key=pf-s313-graded:3391 partition=0 offset=883 suppressed=true
time=2026-09-03T23:25:51.076Z level=INFO msg=redelivery key=pf-s313-graded:3394 partition=0 offset=884 suppressed=true
time=2026-09-03T23:25:51.096Z level=INFO msg=redelivery key=pf-s313-graded:3395 partition=0 offset=885 suppressed=true
time=2026-09-03T23:25:51.116Z level=INFO msg=redelivery key=pf-s313-graded:3399 partition=0 offset=886 suppressed=true
time=2026-09-03T23:25:51.137Z level=INFO msg=redelivery key=pf-s313-graded:3404 partition=0 offset=887 suppressed=true
time=2026-09-03T23:25:51.157Z level=INFO msg=redelivery key=pf-s313-graded:3407 partition=0 offset=888 suppressed=true
time=2026-09-03T23:25:51.177Z level=INFO msg=redelivery key=pf-s313-graded:3409 partition=0 offset=889 suppressed=true
time=2026-09-03T23:25:51.197Z level=INFO msg=redelivery key=pf-s313-graded:3414 partition=0 offset=890 suppressed=true
time=2026-09-03T23:25:51.220Z level=INFO msg=redelivery key=pf-s313-graded:3415 partition=0 offset=891 suppressed=true
time=2026-09-03T23:25:51.238Z level=INFO msg=redelivery key=pf-s313-graded:3418 partition=0 offset=892 suppressed=true
time=2026-09-03T23:25:51.258Z level=INFO msg=redelivery key=pf-s313-graded:3426 partition=0 offset=893 suppressed=true
time=2026-09-03T23:25:51.277Z level=INFO msg=redelivery key=pf-s313-graded:3430 partition=0 offset=894 suppressed=true
time=2026-09-03T23:25:51.297Z level=INFO msg=redelivery key=pf-s313-graded:3431 partition=0 offset=895 suppressed=true
time=2026-09-03T23:25:51.316Z level=INFO msg=redelivery key=pf-s313-graded:3437 partition=0 offset=896 suppressed=true
time=2026-09-03T23:25:51.337Z level=INFO msg=redelivery key=pf-s313-graded:3438 partition=0 offset=897 suppressed=true
time=2026-09-03T23:25:51.357Z level=INFO msg=redelivery key=pf-s313-graded:3442 partition=0 offset=898 suppressed=true
time=2026-09-03T23:25:51.376Z level=INFO msg=redelivery key=pf-s313-graded:3451 partition=0 offset=899 suppressed=true
time=2026-09-03T23:25:51.397Z level=INFO msg=redelivery key=pf-s313-graded:3452 partition=0 offset=900 suppressed=true
time=2026-09-03T23:25:51.416Z level=INFO msg=redelivery key=pf-s313-graded:3458 partition=0 offset=901 suppressed=true
time=2026-09-03T23:25:51.437Z level=INFO msg=redelivery key=pf-s313-graded:3466 partition=0 offset=902 suppressed=true
time=2026-09-03T23:25:51.457Z level=INFO msg=redelivery key=pf-s313-graded:3471 partition=0 offset=903 suppressed=true
time=2026-09-03T23:25:51.476Z level=INFO msg=redelivery key=pf-s313-graded:3474 partition=0 offset=904 suppressed=true
time=2026-09-03T23:25:51.497Z level=INFO msg=redelivery key=pf-s313-graded:3475 partition=0 offset=905 suppressed=true
time=2026-09-03T23:25:51.516Z level=INFO msg=redelivery key=pf-s313-graded:3477 partition=0 offset=906 suppressed=true
time=2026-09-03T23:25:51.537Z level=INFO msg=redelivery key=pf-s313-graded:3478 partition=0 offset=907 suppressed=true
time=2026-09-03T23:25:51.556Z level=INFO msg=redelivery key=pf-s313-graded:3484 partition=0 offset=908 suppressed=true
time=2026-09-03T23:25:51.576Z level=INFO msg=redelivery key=pf-s313-graded:3490 partition=0 offset=909 suppressed=true
time=2026-09-03T23:25:51.597Z level=INFO msg=redelivery key=pf-s313-graded:3494 partition=0 offset=910 suppressed=true
time=2026-09-03T23:25:51.617Z level=INFO msg=redelivery key=pf-s313-graded:3496 partition=0 offset=911 suppressed=true
time=2026-09-03T23:25:51.637Z level=INFO msg=redelivery key=pf-s313-graded:3497 partition=0 offset=912 suppressed=true
time=2026-09-03T23:25:51.656Z level=INFO msg=redelivery key=pf-s313-graded:3498 partition=0 offset=913 suppressed=true
time=2026-09-03T23:25:51.678Z level=INFO msg=redelivery key=pf-s313-graded:3499 partition=0 offset=914 suppressed=true
time=2026-09-03T23:25:51.696Z level=INFO msg=redelivery key=pf-s313-graded:3502 partition=0 offset=915 suppressed=true
time=2026-09-03T23:25:51.716Z level=INFO msg=redelivery key=pf-s313-graded:3503 partition=0 offset=916 suppressed=true
time=2026-09-03T23:25:51.737Z level=INFO msg=redelivery key=pf-s313-graded:3506 partition=0 offset=917 suppressed=true
time=2026-09-03T23:25:51.757Z level=INFO msg=redelivery key=pf-s313-graded:3512 partition=0 offset=918 suppressed=true
time=2026-09-03T23:25:51.777Z level=INFO msg=redelivery key=pf-s313-graded:3519 partition=0 offset=919 suppressed=true
time=2026-09-03T23:25:51.797Z level=INFO msg=redelivery key=pf-s313-graded:3524 partition=0 offset=920 suppressed=true
time=2026-09-03T23:25:51.817Z level=INFO msg=redelivery key=pf-s313-graded:3527 partition=0 offset=921 suppressed=true
time=2026-09-03T23:25:51.836Z level=INFO msg=redelivery key=pf-s313-graded:3532 partition=0 offset=922 suppressed=true
time=2026-09-03T23:25:51.856Z level=INFO msg=redelivery key=pf-s313-graded:3537 partition=0 offset=923 suppressed=true
time=2026-09-03T23:25:51.876Z level=INFO msg=redelivery key=pf-s313-graded:3539 partition=0 offset=924 suppressed=true
time=2026-09-03T23:25:51.896Z level=INFO msg=redelivery key=pf-s313-graded:3541 partition=0 offset=925 suppressed=true
time=2026-09-03T23:25:51.916Z level=INFO msg=redelivery key=pf-s313-graded:3542 partition=0 offset=926 suppressed=true
time=2026-09-03T23:25:51.936Z level=INFO msg=redelivery key=pf-s313-graded:3543 partition=0 offset=927 suppressed=true
time=2026-09-03T23:25:51.956Z level=INFO msg=redelivery key=pf-s313-graded:3545 partition=0 offset=928 suppressed=true
time=2026-09-03T23:25:51.977Z level=INFO msg=redelivery key=pf-s313-graded:3546 partition=0 offset=929 suppressed=true
time=2026-09-03T23:25:51.996Z level=INFO msg=redelivery key=pf-s313-graded:3548 partition=0 offset=930 suppressed=true
time=2026-09-03T23:25:52.016Z level=INFO msg=redelivery key=pf-s313-graded:3554 partition=0 offset=931 suppressed=true
time=2026-09-03T23:25:52.037Z level=INFO msg=redelivery key=pf-s313-graded:3561 partition=0 offset=932 suppressed=true
time=2026-09-03T23:25:52.057Z level=INFO msg=redelivery key=pf-s313-graded:3563 partition=0 offset=933 suppressed=true
time=2026-09-03T23:25:52.076Z level=INFO msg=redelivery key=pf-s313-graded:3567 partition=0 offset=934 suppressed=true
time=2026-09-03T23:25:52.096Z level=INFO msg=redelivery key=pf-s313-graded:3568 partition=0 offset=935 suppressed=true
time=2026-09-03T23:25:52.117Z level=INFO msg=redelivery key=pf-s313-graded:3581 partition=0 offset=936 suppressed=true
time=2026-09-03T23:25:52.138Z level=INFO msg=redelivery key=pf-s313-graded:3596 partition=0 offset=937 suppressed=true
time=2026-09-03T23:25:52.156Z level=INFO msg=redelivery key=pf-s313-graded:3597 partition=0 offset=938 suppressed=true
time=2026-09-03T23:25:52.176Z level=INFO msg=redelivery key=pf-s313-graded:3600 partition=0 offset=939 suppressed=true
time=2026-09-03T23:25:52.197Z level=INFO msg=redelivery key=pf-s313-graded:3602 partition=0 offset=940 suppressed=true
time=2026-09-03T23:25:52.216Z level=INFO msg=redelivery key=pf-s313-graded:3607 partition=0 offset=941 suppressed=true
time=2026-09-03T23:25:52.236Z level=INFO msg=redelivery key=pf-s313-graded:3617 partition=0 offset=942 suppressed=true
time=2026-09-03T23:25:52.256Z level=INFO msg=redelivery key=pf-s313-graded:3619 partition=0 offset=943 suppressed=true
time=2026-09-03T23:25:52.276Z level=INFO msg=redelivery key=pf-s313-graded:3624 partition=0 offset=944 suppressed=true
time=2026-09-03T23:25:52.297Z level=INFO msg=redelivery key=pf-s313-graded:3625 partition=0 offset=945 suppressed=true
time=2026-09-03T23:25:52.317Z level=INFO msg=redelivery key=pf-s313-graded:3628 partition=0 offset=946 suppressed=true
time=2026-09-03T23:25:52.337Z level=INFO msg=redelivery key=pf-s313-graded:3635 partition=0 offset=947 suppressed=true
time=2026-09-03T23:25:52.357Z level=INFO msg=redelivery key=pf-s313-graded:3641 partition=0 offset=948 suppressed=true
time=2026-09-03T23:25:52.376Z level=INFO msg=redelivery key=pf-s313-graded:3644 partition=0 offset=949 suppressed=true
time=2026-09-03T23:25:52.397Z level=INFO msg=redelivery key=pf-s313-graded:3646 partition=0 offset=950 suppressed=true
time=2026-09-03T23:25:52.416Z level=INFO msg=redelivery key=pf-s313-graded:3647 partition=0 offset=951 suppressed=true
time=2026-09-03T23:25:52.436Z level=INFO msg=redelivery key=pf-s313-graded:3648 partition=0 offset=952 suppressed=true
time=2026-09-03T23:25:52.456Z level=INFO msg=redelivery key=pf-s313-graded:3650 partition=0 offset=953 suppressed=true
time=2026-09-03T23:25:52.476Z level=INFO msg=redelivery key=pf-s313-graded:3655 partition=0 offset=954 suppressed=true
time=2026-09-03T23:25:52.500Z level=INFO msg=redelivery key=pf-s313-graded:3664 partition=0 offset=955 suppressed=true
time=2026-09-03T23:25:52.519Z level=INFO msg=redelivery key=pf-s313-graded:3665 partition=0 offset=956 suppressed=true
time=2026-09-03T23:25:52.542Z level=INFO msg=redelivery key=pf-s313-graded:3668 partition=0 offset=957 suppressed=true
time=2026-09-03T23:25:52.556Z level=INFO msg=redelivery key=pf-s313-graded:3670 partition=0 offset=958 suppressed=true
time=2026-09-03T23:25:52.576Z level=INFO msg=redelivery key=pf-s313-graded:3684 partition=0 offset=959 suppressed=true
time=2026-09-03T23:25:52.600Z level=INFO msg=redelivery key=pf-s313-graded:3687 partition=0 offset=960 suppressed=true
time=2026-09-03T23:25:52.616Z level=INFO msg=redelivery key=pf-s313-graded:3691 partition=0 offset=961 suppressed=true
time=2026-09-03T23:25:52.639Z level=INFO msg=redelivery key=pf-s313-graded:3693 partition=0 offset=962 suppressed=true
time=2026-09-03T23:25:52.669Z level=INFO msg=redelivery key=pf-s313-graded:3703 partition=0 offset=963 suppressed=true
time=2026-09-03T23:25:52.678Z level=INFO msg=redelivery key=pf-s313-graded:3705 partition=0 offset=964 suppressed=true
time=2026-09-03T23:25:52.696Z level=INFO msg=redelivery key=pf-s313-graded:3707 partition=0 offset=965 suppressed=true
time=2026-09-03T23:25:52.716Z level=INFO msg=redelivery key=pf-s313-graded:3711 partition=0 offset=966 suppressed=true
time=2026-09-03T23:25:52.740Z level=INFO msg=redelivery key=pf-s313-graded:3713 partition=0 offset=967 suppressed=true
time=2026-09-03T23:25:52.756Z level=INFO msg=redelivery key=pf-s313-graded:3716 partition=0 offset=968 suppressed=true
time=2026-09-03T23:25:52.776Z level=INFO msg=redelivery key=pf-s313-graded:3718 partition=0 offset=969 suppressed=true
time=2026-09-03T23:25:52.796Z level=INFO msg=redelivery key=pf-s313-graded:3720 partition=0 offset=970 suppressed=true
time=2026-09-03T23:25:52.816Z level=INFO msg=redelivery key=pf-s313-graded:3725 partition=0 offset=971 suppressed=true
time=2026-09-03T23:25:52.837Z level=INFO msg=redelivery key=pf-s313-graded:3735 partition=0 offset=972 suppressed=true
time=2026-09-03T23:25:52.856Z level=INFO msg=redelivery key=pf-s313-graded:3736 partition=0 offset=973 suppressed=true
time=2026-09-03T23:25:52.876Z level=INFO msg=redelivery key=pf-s313-graded:3737 partition=0 offset=974 suppressed=true
time=2026-09-03T23:25:52.896Z level=INFO msg=redelivery key=pf-s313-graded:3741 partition=0 offset=975 suppressed=true
time=2026-09-03T23:25:52.916Z level=INFO msg=redelivery key=pf-s313-graded:3744 partition=0 offset=976 suppressed=true
time=2026-09-03T23:25:52.936Z level=INFO msg=redelivery key=pf-s313-graded:3745 partition=0 offset=977 suppressed=true
time=2026-09-03T23:25:52.957Z level=INFO msg=redelivery key=pf-s313-graded:3753 partition=0 offset=978 suppressed=true
time=2026-09-03T23:25:52.976Z level=INFO msg=redelivery key=pf-s313-graded:3754 partition=0 offset=979 suppressed=true
time=2026-09-03T23:25:52.996Z level=INFO msg=redelivery key=pf-s313-graded:3760 partition=0 offset=980 suppressed=true
time=2026-09-03T23:25:53.016Z level=INFO msg=redelivery key=pf-s313-graded:3761 partition=0 offset=981 suppressed=true
time=2026-09-03T23:25:53.036Z level=INFO msg=redelivery key=pf-s313-graded:3764 partition=0 offset=982 suppressed=true
time=2026-09-03T23:25:53.056Z level=INFO msg=redelivery key=pf-s313-graded:3767 partition=0 offset=983 suppressed=true
time=2026-09-03T23:25:53.076Z level=INFO msg=redelivery key=pf-s313-graded:3768 partition=0 offset=984 suppressed=true
time=2026-09-03T23:25:53.097Z level=INFO msg=redelivery key=pf-s313-graded:3769 partition=0 offset=985 suppressed=true
time=2026-09-03T23:25:53.116Z level=INFO msg=redelivery key=pf-s313-graded:3772 partition=0 offset=986 suppressed=true
time=2026-09-03T23:25:53.137Z level=INFO msg=redelivery key=pf-s313-graded:3780 partition=0 offset=987 suppressed=true
time=2026-09-03T23:25:53.157Z level=INFO msg=redelivery key=pf-s313-graded:3781 partition=0 offset=988 suppressed=true
time=2026-09-03T23:25:53.176Z level=INFO msg=redelivery key=pf-s313-graded:3783 partition=0 offset=989 suppressed=true
time=2026-09-03T23:25:53.198Z level=INFO msg=redelivery key=pf-s313-graded:3788 partition=0 offset=990 suppressed=true
time=2026-09-03T23:25:53.216Z level=INFO msg=redelivery key=pf-s313-graded:3794 partition=0 offset=991 suppressed=true
time=2026-09-03T23:25:53.236Z level=INFO msg=redelivery key=pf-s313-graded:3802 partition=0 offset=992 suppressed=true
time=2026-09-03T23:25:53.256Z level=INFO msg=redelivery key=pf-s313-graded:3804 partition=0 offset=993 suppressed=true
time=2026-09-03T23:25:53.277Z level=INFO msg=redelivery key=pf-s313-graded:3805 partition=0 offset=994 suppressed=true
time=2026-09-03T23:25:53.296Z level=INFO msg=redelivery key=pf-s313-graded:3816 partition=0 offset=995 suppressed=true
time=2026-09-03T23:25:53.316Z level=INFO msg=redelivery key=pf-s313-graded:3841 partition=0 offset=996 suppressed=true
time=2026-09-03T23:25:53.336Z level=INFO msg=redelivery key=pf-s313-graded:3852 partition=0 offset=997 suppressed=true
time=2026-09-03T23:25:53.356Z level=INFO msg=redelivery key=pf-s313-graded:3854 partition=0 offset=998 suppressed=true
time=2026-09-03T23:25:53.376Z level=INFO msg=redelivery key=pf-s313-graded:3883 partition=0 offset=999 suppressed=true
time=2026-09-03T23:25:53.396Z level=INFO msg=redelivery key=pf-s313-graded:3884 partition=0 offset=1000 suppressed=true
time=2026-09-03T23:25:53.416Z level=INFO msg=redelivery key=pf-s313-graded:3886 partition=0 offset=1001 suppressed=true
time=2026-09-03T23:25:53.436Z level=INFO msg=redelivery key=pf-s313-graded:3887 partition=0 offset=1002 suppressed=true
time=2026-09-03T23:25:53.456Z level=INFO msg=redelivery key=pf-s313-graded:3889 partition=0 offset=1003 suppressed=true
time=2026-09-03T23:25:53.476Z level=INFO msg=redelivery key=pf-s313-graded:3895 partition=0 offset=1004 suppressed=true
time=2026-09-03T23:25:53.496Z level=INFO msg=redelivery key=pf-s313-graded:3897 partition=0 offset=1005 suppressed=true
time=2026-09-03T23:25:53.516Z level=INFO msg=redelivery key=pf-s313-graded:3898 partition=0 offset=1006 suppressed=true
time=2026-09-03T23:25:53.536Z level=INFO msg=redelivery key=pf-s313-graded:3900 partition=0 offset=1007 suppressed=true
time=2026-09-03T23:25:53.556Z level=INFO msg=redelivery key=pf-s313-graded:3910 partition=0 offset=1008 suppressed=true
time=2026-09-03T23:25:53.576Z level=INFO msg=redelivery key=pf-s313-graded:3912 partition=0 offset=1009 suppressed=true
time=2026-09-03T23:25:53.596Z level=INFO msg=redelivery key=pf-s313-graded:3919 partition=0 offset=1010 suppressed=true
time=2026-09-03T23:25:53.616Z level=INFO msg=redelivery key=pf-s313-graded:3923 partition=0 offset=1011 suppressed=true
time=2026-09-03T23:26:01.156Z level=INFO msg=redelivery key=pf-s313-graded:4185 partition=1 offset=1062 suppressed=true
time=2026-09-03T23:26:01.176Z level=INFO msg=redelivery key=pf-s313-graded:4186 partition=1 offset=1063 suppressed=true
time=2026-09-03T23:26:01.196Z level=INFO msg=redelivery key=pf-s313-graded:4188 partition=1 offset=1064 suppressed=true
time=2026-09-03T23:26:01.217Z level=INFO msg=redelivery key=pf-s313-graded:4190 partition=1 offset=1065 suppressed=true
time=2026-09-03T23:26:01.236Z level=INFO msg=redelivery key=pf-s313-graded:4201 partition=1 offset=1066 suppressed=true
time=2026-09-03T23:26:01.256Z level=INFO msg=redelivery key=pf-s313-graded:4202 partition=1 offset=1067 suppressed=true
time=2026-09-03T23:26:01.276Z level=INFO msg=redelivery key=pf-s313-graded:4213 partition=1 offset=1068 suppressed=true
time=2026-09-03T23:26:01.297Z level=INFO msg=redelivery key=pf-s313-graded:4215 partition=1 offset=1069 suppressed=true
time=2026-09-03T23:26:01.318Z level=INFO msg=redelivery key=pf-s313-graded:4216 partition=1 offset=1070 suppressed=true
time=2026-09-03T23:26:01.337Z level=INFO msg=redelivery key=pf-s313-graded:4217 partition=1 offset=1071 suppressed=true
time=2026-09-03T23:26:01.356Z level=INFO msg=redelivery key=pf-s313-graded:4218 partition=1 offset=1072 suppressed=true
time=2026-09-03T23:26:01.376Z level=INFO msg=redelivery key=pf-s313-graded:4220 partition=1 offset=1073 suppressed=true
time=2026-09-03T23:26:01.397Z level=INFO msg=redelivery key=pf-s313-graded:4221 partition=1 offset=1074 suppressed=true
time=2026-09-03T23:26:01.416Z level=INFO msg=redelivery key=pf-s313-graded:4224 partition=1 offset=1075 suppressed=true
time=2026-09-03T23:26:01.436Z level=INFO msg=redelivery key=pf-s313-graded:4226 partition=1 offset=1076 suppressed=true
time=2026-09-03T23:26:01.456Z level=INFO msg=redelivery key=pf-s313-graded:4228 partition=1 offset=1077 suppressed=true
time=2026-09-03T23:26:01.476Z level=INFO msg=redelivery key=pf-s313-graded:4233 partition=1 offset=1078 suppressed=true
time=2026-09-03T23:26:01.496Z level=INFO msg=redelivery key=pf-s313-graded:4234 partition=1 offset=1079 suppressed=true
time=2026-09-03T23:26:01.516Z level=INFO msg=redelivery key=pf-s313-graded:4235 partition=1 offset=1080 suppressed=true
time=2026-09-03T23:26:01.536Z level=INFO msg=redelivery key=pf-s313-graded:4247 partition=1 offset=1081 suppressed=true
time=2026-09-03T23:26:01.557Z level=INFO msg=redelivery key=pf-s313-graded:4248 partition=1 offset=1082 suppressed=true
time=2026-09-03T23:26:01.576Z level=INFO msg=redelivery key=pf-s313-graded:4252 partition=1 offset=1083 suppressed=true
time=2026-09-03T23:26:01.596Z level=INFO msg=redelivery key=pf-s313-graded:4255 partition=1 offset=1084 suppressed=true
time=2026-09-03T23:26:01.617Z level=INFO msg=redelivery key=pf-s313-graded:4257 partition=1 offset=1085 suppressed=true
time=2026-09-03T23:26:01.636Z level=INFO msg=redelivery key=pf-s313-graded:4262 partition=1 offset=1086 suppressed=true
time=2026-09-03T23:26:01.656Z level=INFO msg=redelivery key=pf-s313-graded:4270 partition=1 offset=1087 suppressed=true
time=2026-09-03T23:26:01.677Z level=INFO msg=redelivery key=pf-s313-graded:4272 partition=1 offset=1088 suppressed=true
time=2026-09-03T23:26:01.696Z level=INFO msg=redelivery key=pf-s313-graded:4274 partition=1 offset=1089 suppressed=true
time=2026-09-03T23:26:01.716Z level=INFO msg=redelivery key=pf-s313-graded:4276 partition=1 offset=1090 suppressed=true
time=2026-09-03T23:26:01.736Z level=INFO msg=redelivery key=pf-s313-graded:4277 partition=1 offset=1091 suppressed=true
time=2026-09-03T23:26:01.756Z level=INFO msg=redelivery key=pf-s313-graded:4280 partition=1 offset=1092 suppressed=true
time=2026-09-03T23:26:01.777Z level=INFO msg=redelivery key=pf-s313-graded:4285 partition=1 offset=1093 suppressed=true
time=2026-09-03T23:26:01.797Z level=INFO msg=redelivery key=pf-s313-graded:4286 partition=1 offset=1094 suppressed=true
time=2026-09-03T23:26:01.816Z level=INFO msg=redelivery key=pf-s313-graded:4287 partition=1 offset=1095 suppressed=true
time=2026-09-03T23:26:01.836Z level=INFO msg=redelivery key=pf-s313-graded:4290 partition=1 offset=1096 suppressed=true
time=2026-09-03T23:26:01.858Z level=INFO msg=redelivery key=pf-s313-graded:4296 partition=1 offset=1097 suppressed=true
time=2026-09-03T23:26:01.876Z level=INFO msg=redelivery key=pf-s313-graded:4306 partition=1 offset=1098 suppressed=true
time=2026-09-03T23:26:01.896Z level=INFO msg=redelivery key=pf-s313-graded:4313 partition=1 offset=1099 suppressed=true
time=2026-09-03T23:26:01.916Z level=INFO msg=redelivery key=pf-s313-graded:4325 partition=1 offset=1100 suppressed=true
time=2026-09-03T23:26:01.936Z level=INFO msg=redelivery key=pf-s313-graded:4326 partition=1 offset=1101 suppressed=true
time=2026-09-03T23:26:01.956Z level=INFO msg=redelivery key=pf-s313-graded:4331 partition=1 offset=1102 suppressed=true
time=2026-09-03T23:26:01.976Z level=INFO msg=redelivery key=pf-s313-graded:4339 partition=1 offset=1103 suppressed=true
time=2026-09-03T23:26:01.997Z level=INFO msg=redelivery key=pf-s313-graded:4340 partition=1 offset=1104 suppressed=true
time=2026-09-03T23:26:02.016Z level=INFO msg=redelivery key=pf-s313-graded:4342 partition=1 offset=1105 suppressed=true
time=2026-09-03T23:26:02.037Z level=INFO msg=redelivery key=pf-s313-graded:4343 partition=1 offset=1106 suppressed=true
time=2026-09-03T23:26:02.056Z level=INFO msg=redelivery key=pf-s313-graded:4344 partition=1 offset=1107 suppressed=true
time=2026-09-03T23:26:02.076Z level=INFO msg=redelivery key=pf-s313-graded:4346 partition=1 offset=1108 suppressed=true
time=2026-09-03T23:26:02.098Z level=INFO msg=redelivery key=pf-s313-graded:4347 partition=1 offset=1109 suppressed=true
time=2026-09-03T23:26:02.116Z level=INFO msg=redelivery key=pf-s313-graded:4351 partition=1 offset=1110 suppressed=true
time=2026-09-03T23:26:02.136Z level=INFO msg=redelivery key=pf-s313-graded:4361 partition=1 offset=1111 suppressed=true
time=2026-09-03T23:26:02.156Z level=INFO msg=redelivery key=pf-s313-graded:4362 partition=1 offset=1112 suppressed=true
time=2026-09-03T23:26:02.176Z level=INFO msg=redelivery key=pf-s313-graded:4366 partition=1 offset=1113 suppressed=true
time=2026-09-03T23:26:02.196Z level=INFO msg=redelivery key=pf-s313-graded:4375 partition=1 offset=1114 suppressed=true
time=2026-09-03T23:26:02.216Z level=INFO msg=redelivery key=pf-s313-graded:4381 partition=1 offset=1115 suppressed=true
time=2026-09-03T23:26:02.236Z level=INFO msg=redelivery key=pf-s313-graded:4382 partition=1 offset=1116 suppressed=true
time=2026-09-03T23:26:02.256Z level=INFO msg=redelivery key=pf-s313-graded:4383 partition=1 offset=1117 suppressed=true
time=2026-09-03T23:26:02.276Z level=INFO msg=redelivery key=pf-s313-graded:4384 partition=1 offset=1118 suppressed=true
time=2026-09-03T23:26:02.296Z level=INFO msg=redelivery key=pf-s313-graded:4391 partition=1 offset=1119 suppressed=true
time=2026-09-03T23:26:02.316Z level=INFO msg=redelivery key=pf-s313-graded:4394 partition=1 offset=1120 suppressed=true
time=2026-09-03T23:26:02.336Z level=INFO msg=redelivery key=pf-s313-graded:4396 partition=1 offset=1121 suppressed=true
time=2026-09-03T23:26:02.356Z level=INFO msg=redelivery key=pf-s313-graded:4400 partition=1 offset=1122 suppressed=true
time=2026-09-03T23:26:02.376Z level=INFO msg=redelivery key=pf-s313-graded:4410 partition=1 offset=1123 suppressed=true
time=2026-09-03T23:26:02.396Z level=INFO msg=redelivery key=pf-s313-graded:4411 partition=1 offset=1124 suppressed=true
time=2026-09-03T23:26:02.416Z level=INFO msg=redelivery key=pf-s313-graded:4413 partition=1 offset=1125 suppressed=true
time=2026-09-03T23:26:02.436Z level=INFO msg=redelivery key=pf-s313-graded:4415 partition=1 offset=1126 suppressed=true
time=2026-09-03T23:26:02.456Z level=INFO msg=redelivery key=pf-s313-graded:4419 partition=1 offset=1127 suppressed=true
time=2026-09-03T23:26:02.477Z level=INFO msg=redelivery key=pf-s313-graded:4424 partition=1 offset=1128 suppressed=true
time=2026-09-03T23:26:07.656Z level=INFO msg=redelivery key=pf-s313-graded:3584 partition=2 offset=1739 suppressed=true
time=2026-09-03T23:26:07.676Z level=INFO msg=redelivery key=pf-s313-graded:3585 partition=2 offset=1740 suppressed=true
time=2026-09-03T23:26:07.696Z level=INFO msg=redelivery key=pf-s313-graded:3586 partition=2 offset=1741 suppressed=true
time=2026-09-03T23:26:07.717Z level=INFO msg=redelivery key=pf-s313-graded:3588 partition=2 offset=1742 suppressed=true
time=2026-09-03T23:26:07.738Z level=INFO msg=redelivery key=pf-s313-graded:3589 partition=2 offset=1743 suppressed=true
time=2026-09-03T23:26:07.756Z level=INFO msg=redelivery key=pf-s313-graded:3592 partition=2 offset=1744 suppressed=true
time=2026-09-03T23:26:07.777Z level=INFO msg=redelivery key=pf-s313-graded:3594 partition=2 offset=1745 suppressed=true
time=2026-09-03T23:26:07.796Z level=INFO msg=redelivery key=pf-s313-graded:3595 partition=2 offset=1746 suppressed=true
time=2026-09-03T23:26:07.816Z level=INFO msg=redelivery key=pf-s313-graded:3599 partition=2 offset=1747 suppressed=true
time=2026-09-03T23:26:07.836Z level=INFO msg=redelivery key=pf-s313-graded:3601 partition=2 offset=1748 suppressed=true
time=2026-09-03T23:26:07.856Z level=INFO msg=redelivery key=pf-s313-graded:3606 partition=2 offset=1749 suppressed=true
time=2026-09-03T23:26:07.876Z level=INFO msg=redelivery key=pf-s313-graded:3608 partition=2 offset=1750 suppressed=true
time=2026-09-03T23:26:07.896Z level=INFO msg=redelivery key=pf-s313-graded:3609 partition=2 offset=1751 suppressed=true
time=2026-09-03T23:26:07.917Z level=INFO msg=redelivery key=pf-s313-graded:3610 partition=2 offset=1752 suppressed=true
time=2026-09-03T23:26:07.936Z level=INFO msg=redelivery key=pf-s313-graded:3611 partition=2 offset=1753 suppressed=true
time=2026-09-03T23:26:07.958Z level=INFO msg=redelivery key=pf-s313-graded:3612 partition=2 offset=1754 suppressed=true
time=2026-09-03T23:26:07.976Z level=INFO msg=redelivery key=pf-s313-graded:3613 partition=2 offset=1755 suppressed=true
time=2026-09-03T23:26:07.996Z level=INFO msg=redelivery key=pf-s313-graded:3614 partition=2 offset=1756 suppressed=true
time=2026-09-03T23:26:08.017Z level=INFO msg=redelivery key=pf-s313-graded:3615 partition=2 offset=1757 suppressed=true
time=2026-09-03T23:26:08.038Z level=INFO msg=redelivery key=pf-s313-graded:3618 partition=2 offset=1758 suppressed=true
time=2026-09-03T23:26:08.056Z level=INFO msg=redelivery key=pf-s313-graded:3620 partition=2 offset=1759 suppressed=true
time=2026-09-03T23:26:08.076Z level=INFO msg=redelivery key=pf-s313-graded:3621 partition=2 offset=1760 suppressed=true
time=2026-09-03T23:26:08.097Z level=INFO msg=redelivery key=pf-s313-graded:3622 partition=2 offset=1761 suppressed=true
time=2026-09-03T23:26:08.116Z level=INFO msg=redelivery key=pf-s313-graded:3623 partition=2 offset=1762 suppressed=true
time=2026-09-03T23:26:08.136Z level=INFO msg=redelivery key=pf-s313-graded:3626 partition=2 offset=1763 suppressed=true
time=2026-09-03T23:26:08.157Z level=INFO msg=redelivery key=pf-s313-graded:3627 partition=2 offset=1764 suppressed=true
time=2026-09-03T23:26:08.176Z level=INFO msg=redelivery key=pf-s313-graded:3629 partition=2 offset=1765 suppressed=true
time=2026-09-03T23:26:08.196Z level=INFO msg=redelivery key=pf-s313-graded:3630 partition=2 offset=1766 suppressed=true
time=2026-09-03T23:26:08.216Z level=INFO msg=redelivery key=pf-s313-graded:3631 partition=2 offset=1767 suppressed=true
time=2026-09-03T23:26:08.236Z level=INFO msg=redelivery key=pf-s313-graded:3632 partition=2 offset=1768 suppressed=true
time=2026-09-03T23:26:08.256Z level=INFO msg=redelivery key=pf-s313-graded:3633 partition=2 offset=1769 suppressed=true
time=2026-09-03T23:26:08.280Z level=INFO msg=redelivery key=pf-s313-graded:3634 partition=2 offset=1770 suppressed=true
time=2026-09-03T23:26:08.300Z level=INFO msg=redelivery key=pf-s313-graded:3636 partition=2 offset=1771 suppressed=true
time=2026-09-03T23:26:08.317Z level=INFO msg=redelivery key=pf-s313-graded:3637 partition=2 offset=1772 suppressed=true
time=2026-09-03T23:26:08.338Z level=INFO msg=redelivery key=pf-s313-graded:3638 partition=2 offset=1773 suppressed=true
time=2026-09-03T23:26:08.356Z level=INFO msg=redelivery key=pf-s313-graded:3639 partition=2 offset=1774 suppressed=true
time=2026-09-03T23:26:08.378Z level=INFO msg=redelivery key=pf-s313-graded:3640 partition=2 offset=1775 suppressed=true
time=2026-09-03T23:26:08.397Z level=INFO msg=redelivery key=pf-s313-graded:3642 partition=2 offset=1776 suppressed=true
time=2026-09-03T23:26:08.416Z level=INFO msg=redelivery key=pf-s313-graded:3643 partition=2 offset=1777 suppressed=true
time=2026-09-03T23:26:08.436Z level=INFO msg=redelivery key=pf-s313-graded:3651 partition=2 offset=1778 suppressed=true
time=2026-09-03T23:26:08.457Z level=INFO msg=redelivery key=pf-s313-graded:3652 partition=2 offset=1779 suppressed=true
time=2026-09-03T23:26:08.476Z level=INFO msg=redelivery key=pf-s313-graded:3653 partition=2 offset=1780 suppressed=true
time=2026-09-03T23:26:08.496Z level=INFO msg=redelivery key=pf-s313-graded:3654 partition=2 offset=1781 suppressed=true
time=2026-09-03T23:26:08.516Z level=INFO msg=redelivery key=pf-s313-graded:3657 partition=2 offset=1782 suppressed=true
time=2026-09-03T23:26:08.537Z level=INFO msg=redelivery key=pf-s313-graded:3658 partition=2 offset=1783 suppressed=true
time=2026-09-03T23:26:08.556Z level=INFO msg=redelivery key=pf-s313-graded:3659 partition=2 offset=1784 suppressed=true
time=2026-09-03T23:26:08.576Z level=INFO msg=redelivery key=pf-s313-graded:3661 partition=2 offset=1785 suppressed=true
time=2026-09-03T23:26:08.597Z level=INFO msg=redelivery key=pf-s313-graded:3662 partition=2 offset=1786 suppressed=true
time=2026-09-03T23:26:08.616Z level=INFO msg=redelivery key=pf-s313-graded:3663 partition=2 offset=1787 suppressed=true
time=2026-09-03T23:26:08.640Z level=INFO msg=redelivery key=pf-s313-graded:3669 partition=2 offset=1788 suppressed=true
time=2026-09-03T23:26:08.657Z level=INFO msg=redelivery key=pf-s313-graded:3671 partition=2 offset=1789 suppressed=true
time=2026-09-03T23:26:08.676Z level=INFO msg=redelivery key=pf-s313-graded:3672 partition=2 offset=1790 suppressed=true
time=2026-09-03T23:26:08.701Z level=INFO msg=redelivery key=pf-s313-graded:3674 partition=2 offset=1791 suppressed=true
time=2026-09-03T23:26:08.716Z level=INFO msg=redelivery key=pf-s313-graded:3675 partition=2 offset=1792 suppressed=true
time=2026-09-03T23:26:08.736Z level=INFO msg=redelivery key=pf-s313-graded:3676 partition=2 offset=1793 suppressed=true
time=2026-09-03T23:26:08.756Z level=INFO msg=redelivery key=pf-s313-graded:3677 partition=2 offset=1794 suppressed=true
time=2026-09-03T23:26:08.776Z level=INFO msg=redelivery key=pf-s313-graded:3678 partition=2 offset=1795 suppressed=true
time=2026-09-03T23:26:08.796Z level=INFO msg=redelivery key=pf-s313-graded:3679 partition=2 offset=1796 suppressed=true
time=2026-09-03T23:26:08.816Z level=INFO msg=redelivery key=pf-s313-graded:3680 partition=2 offset=1797 suppressed=true
time=2026-09-03T23:26:08.837Z level=INFO msg=redelivery key=pf-s313-graded:3681 partition=2 offset=1798 suppressed=true
time=2026-09-03T23:26:08.857Z level=INFO msg=redelivery key=pf-s313-graded:3683 partition=2 offset=1799 suppressed=true
time=2026-09-03T23:26:08.876Z level=INFO msg=redelivery key=pf-s313-graded:3685 partition=2 offset=1800 suppressed=true
time=2026-09-03T23:26:08.896Z level=INFO msg=redelivery key=pf-s313-graded:3686 partition=2 offset=1801 suppressed=true
time=2026-09-03T23:26:08.917Z level=INFO msg=redelivery key=pf-s313-graded:3688 partition=2 offset=1802 suppressed=true
time=2026-09-03T23:26:08.937Z level=INFO msg=redelivery key=pf-s313-graded:3690 partition=2 offset=1803 suppressed=true
time=2026-09-03T23:26:08.956Z level=INFO msg=redelivery key=pf-s313-graded:3692 partition=2 offset=1804 suppressed=true
time=2026-09-03T23:26:08.976Z level=INFO msg=redelivery key=pf-s313-graded:3694 partition=2 offset=1805 suppressed=true
time=2026-09-03T23:26:08.996Z level=INFO msg=redelivery key=pf-s313-graded:3695 partition=2 offset=1806 suppressed=true
time=2026-09-03T23:26:09.017Z level=INFO msg=redelivery key=pf-s313-graded:3697 partition=2 offset=1807 suppressed=true
time=2026-09-03T23:26:09.036Z level=INFO msg=redelivery key=pf-s313-graded:3699 partition=2 offset=1808 suppressed=true
time=2026-09-03T23:26:09.056Z level=INFO msg=redelivery key=pf-s313-graded:3700 partition=2 offset=1809 suppressed=true
time=2026-09-03T23:26:09.077Z level=INFO msg=redelivery key=pf-s313-graded:3702 partition=2 offset=1810 suppressed=true
time=2026-09-03T23:26:09.096Z level=INFO msg=redelivery key=pf-s313-graded:3706 partition=2 offset=1811 suppressed=true
time=2026-09-03T23:26:09.116Z level=INFO msg=redelivery key=pf-s313-graded:3708 partition=2 offset=1812 suppressed=true
time=2026-09-03T23:26:09.136Z level=INFO msg=redelivery key=pf-s313-graded:3710 partition=2 offset=1813 suppressed=true
time=2026-09-03T23:26:09.156Z level=INFO msg=redelivery key=pf-s313-graded:3714 partition=2 offset=1814 suppressed=true
time=2026-09-03T23:26:09.176Z level=INFO msg=redelivery key=pf-s313-graded:3717 partition=2 offset=1815 suppressed=true
time=2026-09-03T23:26:09.196Z level=INFO msg=redelivery key=pf-s313-graded:3721 partition=2 offset=1816 suppressed=true
time=2026-09-03T23:26:09.217Z level=INFO msg=redelivery key=pf-s313-graded:3722 partition=2 offset=1817 suppressed=true
time=2026-09-03T23:26:09.236Z level=INFO msg=redelivery key=pf-s313-graded:3724 partition=2 offset=1818 suppressed=true
time=2026-09-03T23:26:09.256Z level=INFO msg=redelivery key=pf-s313-graded:3727 partition=2 offset=1819 suppressed=true
time=2026-09-03T23:26:09.276Z level=INFO msg=redelivery key=pf-s313-graded:3729 partition=2 offset=1820 suppressed=true
time=2026-09-03T23:26:09.296Z level=INFO msg=redelivery key=pf-s313-graded:3730 partition=2 offset=1821 suppressed=true
time=2026-09-03T23:26:09.316Z level=INFO msg=redelivery key=pf-s313-graded:3731 partition=2 offset=1822 suppressed=true
time=2026-09-03T23:26:09.336Z level=INFO msg=redelivery key=pf-s313-graded:3733 partition=2 offset=1823 suppressed=true
time=2026-09-03T23:26:09.356Z level=INFO msg=redelivery key=pf-s313-graded:3734 partition=2 offset=1824 suppressed=true
time=2026-09-03T23:26:09.376Z level=INFO msg=redelivery key=pf-s313-graded:3738 partition=2 offset=1825 suppressed=true
time=2026-09-03T23:26:09.396Z level=INFO msg=redelivery key=pf-s313-graded:3739 partition=2 offset=1826 suppressed=true
time=2026-09-03T23:26:09.416Z level=INFO msg=redelivery key=pf-s313-graded:3740 partition=2 offset=1827 suppressed=true
time=2026-09-03T23:26:09.436Z level=INFO msg=redelivery key=pf-s313-graded:3742 partition=2 offset=1828 suppressed=true
time=2026-09-03T23:26:09.456Z level=INFO msg=redelivery key=pf-s313-graded:3743 partition=2 offset=1829 suppressed=true
time=2026-09-03T23:26:09.476Z level=INFO msg=redelivery key=pf-s313-graded:3746 partition=2 offset=1830 suppressed=true
time=2026-09-03T23:26:09.497Z level=INFO msg=redelivery key=pf-s313-graded:3749 partition=2 offset=1831 suppressed=true
time=2026-09-03T23:26:09.517Z level=INFO msg=redelivery key=pf-s313-graded:3750 partition=2 offset=1832 suppressed=true
time=2026-09-03T23:26:09.536Z level=INFO msg=redelivery key=pf-s313-graded:3751 partition=2 offset=1833 suppressed=true
time=2026-09-03T23:26:09.556Z level=INFO msg=redelivery key=pf-s313-graded:3752 partition=2 offset=1834 suppressed=true
time=2026-09-03T23:26:09.576Z level=INFO msg=redelivery key=pf-s313-graded:3755 partition=2 offset=1835 suppressed=true
time=2026-09-03T23:26:09.596Z level=INFO msg=redelivery key=pf-s313-graded:3757 partition=2 offset=1836 suppressed=true
time=2026-09-03T23:26:09.616Z level=INFO msg=redelivery key=pf-s313-graded:3758 partition=2 offset=1837 suppressed=true
time=2026-09-03T23:26:09.637Z level=INFO msg=redelivery key=pf-s313-graded:3759 partition=2 offset=1838 suppressed=true
time=2026-09-03T23:26:09.656Z level=INFO msg=redelivery key=pf-s313-graded:3765 partition=2 offset=1839 suppressed=true
time=2026-09-03T23:26:09.676Z level=INFO msg=redelivery key=pf-s313-graded:3766 partition=2 offset=1840 suppressed=true
time=2026-09-03T23:26:09.697Z level=INFO msg=redelivery key=pf-s313-graded:3770 partition=2 offset=1841 suppressed=true
time=2026-09-03T23:26:09.717Z level=INFO msg=redelivery key=pf-s313-graded:3771 partition=2 offset=1842 suppressed=true
time=2026-09-03T23:26:09.736Z level=INFO msg=redelivery key=pf-s313-graded:3773 partition=2 offset=1843 suppressed=true
time=2026-09-03T23:26:09.756Z level=INFO msg=redelivery key=pf-s313-graded:3774 partition=2 offset=1844 suppressed=true
time=2026-09-03T23:26:09.776Z level=INFO msg=redelivery key=pf-s313-graded:3776 partition=2 offset=1845 suppressed=true
time=2026-09-03T23:26:09.796Z level=INFO msg=redelivery key=pf-s313-graded:3778 partition=2 offset=1846 suppressed=true
time=2026-09-03T23:26:09.817Z level=INFO msg=redelivery key=pf-s313-graded:3782 partition=2 offset=1847 suppressed=true
time=2026-09-03T23:26:09.836Z level=INFO msg=redelivery key=pf-s313-graded:3785 partition=2 offset=1848 suppressed=true
time=2026-09-03T23:26:09.856Z level=INFO msg=redelivery key=pf-s313-graded:3786 partition=2 offset=1849 suppressed=true
time=2026-09-03T23:26:09.876Z level=INFO msg=redelivery key=pf-s313-graded:3791 partition=2 offset=1850 suppressed=true
time=2026-09-03T23:26:09.896Z level=INFO msg=redelivery key=pf-s313-graded:3793 partition=2 offset=1851 suppressed=true
time=2026-09-03T23:26:09.916Z level=INFO msg=redelivery key=pf-s313-graded:3796 partition=2 offset=1852 suppressed=true
time=2026-09-03T23:26:09.936Z level=INFO msg=redelivery key=pf-s313-graded:3797 partition=2 offset=1853 suppressed=true
time=2026-09-03T23:26:09.957Z level=INFO msg=redelivery key=pf-s313-graded:3799 partition=2 offset=1854 suppressed=true
time=2026-09-03T23:26:09.976Z level=INFO msg=redelivery key=pf-s313-graded:3800 partition=2 offset=1855 suppressed=true
time=2026-09-03T23:26:09.996Z level=INFO msg=redelivery key=pf-s313-graded:3801 partition=2 offset=1856 suppressed=true
time=2026-09-03T23:26:10.016Z level=INFO msg=redelivery key=pf-s313-graded:3808 partition=2 offset=1857 suppressed=true
time=2026-09-03T23:26:10.037Z level=INFO msg=redelivery key=pf-s313-graded:3809 partition=2 offset=1858 suppressed=true
time=2026-09-03T23:26:10.058Z level=INFO msg=redelivery key=pf-s313-graded:3810 partition=2 offset=1859 suppressed=true
time=2026-09-03T23:26:10.076Z level=INFO msg=redelivery key=pf-s313-graded:3811 partition=2 offset=1860 suppressed=true
time=2026-09-03T23:26:10.096Z level=INFO msg=redelivery key=pf-s313-graded:3812 partition=2 offset=1861 suppressed=true
time=2026-09-03T23:26:10.116Z level=INFO msg=redelivery key=pf-s313-graded:3814 partition=2 offset=1862 suppressed=true
time=2026-09-03T23:26:10.136Z level=INFO msg=redelivery key=pf-s313-graded:3818 partition=2 offset=1863 suppressed=true
time=2026-09-03T23:26:10.156Z level=INFO msg=redelivery key=pf-s313-graded:3819 partition=2 offset=1864 suppressed=true
time=2026-09-03T23:26:10.176Z level=INFO msg=redelivery key=pf-s313-graded:3820 partition=2 offset=1865 suppressed=true
time=2026-09-03T23:26:10.196Z level=INFO msg=redelivery key=pf-s313-graded:3821 partition=2 offset=1866 suppressed=true
time=2026-09-03T23:26:10.216Z level=INFO msg=redelivery key=pf-s313-graded:3824 partition=2 offset=1867 suppressed=true
time=2026-09-03T23:26:10.236Z level=INFO msg=redelivery key=pf-s313-graded:3826 partition=2 offset=1868 suppressed=true
time=2026-09-03T23:26:10.256Z level=INFO msg=redelivery key=pf-s313-graded:3827 partition=2 offset=1869 suppressed=true
time=2026-09-03T23:26:10.277Z level=INFO msg=redelivery key=pf-s313-graded:3828 partition=2 offset=1870 suppressed=true
time=2026-09-03T23:26:10.296Z level=INFO msg=redelivery key=pf-s313-graded:3829 partition=2 offset=1871 suppressed=true
time=2026-09-03T23:26:10.317Z level=INFO msg=redelivery key=pf-s313-graded:3830 partition=2 offset=1872 suppressed=true
time=2026-09-03T23:26:10.336Z level=INFO msg=redelivery key=pf-s313-graded:3831 partition=2 offset=1873 suppressed=true
time=2026-09-03T23:26:10.356Z level=INFO msg=redelivery key=pf-s313-graded:3832 partition=2 offset=1874 suppressed=true
time=2026-09-03T23:26:10.377Z level=INFO msg=redelivery key=pf-s313-graded:3833 partition=2 offset=1875 suppressed=true
time=2026-09-03T23:26:10.396Z level=INFO msg=redelivery key=pf-s313-graded:3834 partition=2 offset=1876 suppressed=true
time=2026-09-03T23:26:10.416Z level=INFO msg=redelivery key=pf-s313-graded:3835 partition=2 offset=1877 suppressed=true
time=2026-09-03T23:26:10.436Z level=INFO msg=redelivery key=pf-s313-graded:3837 partition=2 offset=1878 suppressed=true
time=2026-09-03T23:26:10.457Z level=INFO msg=redelivery key=pf-s313-graded:3839 partition=2 offset=1879 suppressed=true
time=2026-09-03T23:26:10.476Z level=INFO msg=redelivery key=pf-s313-graded:3842 partition=2 offset=1880 suppressed=true
time=2026-09-03T23:26:10.496Z level=INFO msg=redelivery key=pf-s313-graded:3843 partition=2 offset=1881 suppressed=true
time=2026-09-03T23:26:10.517Z level=INFO msg=redelivery key=pf-s313-graded:3844 partition=2 offset=1882 suppressed=true
time=2026-09-03T23:26:10.536Z level=INFO msg=redelivery key=pf-s313-graded:3846 partition=2 offset=1883 suppressed=true
time=2026-09-03T23:26:10.557Z level=INFO msg=redelivery key=pf-s313-graded:3847 partition=2 offset=1884 suppressed=true
time=2026-09-03T23:26:10.576Z level=INFO msg=redelivery key=pf-s313-graded:3849 partition=2 offset=1885 suppressed=true
time=2026-09-03T23:26:10.596Z level=INFO msg=redelivery key=pf-s313-graded:3850 partition=2 offset=1886 suppressed=true
time=2026-09-03T23:26:10.616Z level=INFO msg=redelivery key=pf-s313-graded:3851 partition=2 offset=1887 suppressed=true
time=2026-09-03T23:26:10.636Z level=INFO msg=redelivery key=pf-s313-graded:3856 partition=2 offset=1888 suppressed=true
time=2026-09-03T23:26:10.656Z level=INFO msg=redelivery key=pf-s313-graded:3859 partition=2 offset=1889 suppressed=true
time=2026-09-03T23:26:10.676Z level=INFO msg=redelivery key=pf-s313-graded:3860 partition=2 offset=1890 suppressed=true
time=2026-09-03T23:26:10.696Z level=INFO msg=redelivery key=pf-s313-graded:3864 partition=2 offset=1891 suppressed=true
time=2026-09-03T23:26:10.716Z level=INFO msg=redelivery key=pf-s313-graded:3865 partition=2 offset=1892 suppressed=true
time=2026-09-03T23:26:10.736Z level=INFO msg=redelivery key=pf-s313-graded:3866 partition=2 offset=1893 suppressed=true
time=2026-09-03T23:26:10.756Z level=INFO msg=redelivery key=pf-s313-graded:3868 partition=2 offset=1894 suppressed=true
time=2026-09-03T23:26:10.776Z level=INFO msg=redelivery key=pf-s313-graded:3869 partition=2 offset=1895 suppressed=true
time=2026-09-03T23:26:10.796Z level=INFO msg=redelivery key=pf-s313-graded:3871 partition=2 offset=1896 suppressed=true
time=2026-09-03T23:26:10.817Z level=INFO msg=redelivery key=pf-s313-graded:3872 partition=2 offset=1897 suppressed=true
time=2026-09-03T23:26:10.836Z level=INFO msg=redelivery key=pf-s313-graded:3875 partition=2 offset=1898 suppressed=true
time=2026-09-03T23:26:10.857Z level=INFO msg=redelivery key=pf-s313-graded:3876 partition=2 offset=1899 suppressed=true
time=2026-09-03T23:26:10.857Z level=INFO msg="fault injected: rewinding instead of committing" key=pf-s313-graded:4752 partition=1 offset=1216 epoch=0
time=2026-09-03T23:26:10.877Z level=INFO msg=redelivery key=pf-s313-graded:4752 partition=1 offset=1216 suppressed=true
time=2026-09-03T23:26:10.896Z level=INFO msg=redelivery key=pf-s313-graded:4755 partition=1 offset=1217 suppressed=true
time=2026-09-03T23:26:10.917Z level=INFO msg=redelivery key=pf-s313-graded:4761 partition=1 offset=1218 suppressed=true
time=2026-09-03T23:26:10.936Z level=INFO msg=redelivery key=pf-s313-graded:4763 partition=1 offset=1219 suppressed=true
time=2026-09-03T23:26:10.957Z level=INFO msg=redelivery key=pf-s313-graded:4770 partition=1 offset=1220 suppressed=true
time=2026-09-03T23:26:10.976Z level=INFO msg=redelivery key=pf-s313-graded:4771 partition=1 offset=1221 suppressed=true
time=2026-09-03T23:26:10.997Z level=INFO msg=redelivery key=pf-s313-graded:4776 partition=1 offset=1222 suppressed=true
time=2026-09-03T23:26:11.016Z level=INFO msg=redelivery key=pf-s313-graded:4780 partition=1 offset=1223 suppressed=true
time=2026-09-03T23:26:11.036Z level=INFO msg=redelivery key=pf-s313-graded:4785 partition=1 offset=1224 suppressed=true
time=2026-09-03T23:26:11.056Z level=INFO msg=redelivery key=pf-s313-graded:4786 partition=1 offset=1225 suppressed=true
time=2026-09-03T23:26:11.076Z level=INFO msg=redelivery key=pf-s313-graded:4790 partition=1 offset=1226 suppressed=true
time=2026-09-03T23:26:11.096Z level=INFO msg=redelivery key=pf-s313-graded:4794 partition=1 offset=1227 suppressed=true
time=2026-09-03T23:26:11.117Z level=INFO msg=redelivery key=pf-s313-graded:4795 partition=1 offset=1228 suppressed=true
time=2026-09-03T23:26:11.137Z level=INFO msg=redelivery key=pf-s313-graded:4803 partition=1 offset=1229 suppressed=true
time=2026-09-03T23:26:11.157Z level=INFO msg=redelivery key=pf-s313-graded:4807 partition=1 offset=1230 suppressed=true
time=2026-09-03T23:26:11.176Z level=INFO msg=redelivery key=pf-s313-graded:4811 partition=1 offset=1231 suppressed=true
time=2026-09-03T23:26:11.196Z level=INFO msg=redelivery key=pf-s313-graded:4812 partition=1 offset=1232 suppressed=true
time=2026-09-03T23:26:11.216Z level=INFO msg=redelivery key=pf-s313-graded:4819 partition=1 offset=1233 suppressed=true
time=2026-09-03T23:26:11.236Z level=INFO msg=redelivery key=pf-s313-graded:4822 partition=1 offset=1234 suppressed=true
time=2026-09-03T23:26:11.256Z level=INFO msg=redelivery key=pf-s313-graded:4824 partition=1 offset=1235 suppressed=true
time=2026-09-03T23:26:11.276Z level=INFO msg=redelivery key=pf-s313-graded:4825 partition=1 offset=1236 suppressed=true
time=2026-09-03T23:26:11.297Z level=INFO msg=redelivery key=pf-s313-graded:4826 partition=1 offset=1237 suppressed=true
time=2026-09-03T23:26:11.316Z level=INFO msg=redelivery key=pf-s313-graded:4829 partition=1 offset=1238 suppressed=true
time=2026-09-03T23:26:11.337Z level=INFO msg=redelivery key=pf-s313-graded:4830 partition=1 offset=1239 suppressed=true
time=2026-09-03T23:26:11.356Z level=INFO msg=redelivery key=pf-s313-graded:4840 partition=1 offset=1240 suppressed=true
time=2026-09-03T23:26:11.377Z level=INFO msg=redelivery key=pf-s313-graded:4841 partition=1 offset=1241 suppressed=true
time=2026-09-03T23:26:11.397Z level=INFO msg=redelivery key=pf-s313-graded:4852 partition=1 offset=1242 suppressed=true
time=2026-09-03T23:26:11.417Z level=INFO msg=redelivery key=pf-s313-graded:4855 partition=1 offset=1243 suppressed=true
time=2026-09-03T23:26:11.436Z level=INFO msg=redelivery key=pf-s313-graded:4856 partition=1 offset=1244 suppressed=true
time=2026-09-03T23:26:11.456Z level=INFO msg=redelivery key=pf-s313-graded:4862 partition=1 offset=1245 suppressed=true
time=2026-09-03T23:26:11.476Z level=INFO msg=redelivery key=pf-s313-graded:4863 partition=1 offset=1246 suppressed=true
time=2026-09-03T23:26:11.497Z level=INFO msg=redelivery key=pf-s313-graded:4872 partition=1 offset=1247 suppressed=true
time=2026-09-03T23:26:11.517Z level=INFO msg=redelivery key=pf-s313-graded:4878 partition=1 offset=1248 suppressed=true
time=2026-09-03T23:26:11.536Z level=INFO msg=redelivery key=pf-s313-graded:4886 partition=1 offset=1249 suppressed=true
time=2026-09-03T23:26:11.557Z level=INFO msg=redelivery key=pf-s313-graded:4889 partition=1 offset=1250 suppressed=true
time=2026-09-03T23:26:11.577Z level=INFO msg=redelivery key=pf-s313-graded:4891 partition=1 offset=1251 suppressed=true
time=2026-09-03T23:26:11.597Z level=INFO msg=redelivery key=pf-s313-graded:4892 partition=1 offset=1252 suppressed=true
time=2026-09-03T23:26:11.616Z level=INFO msg=redelivery key=pf-s313-graded:4902 partition=1 offset=1253 suppressed=true
time=2026-09-03T23:26:11.636Z level=INFO msg=redelivery key=pf-s313-graded:4905 partition=1 offset=1254 suppressed=true
time=2026-09-03T23:26:11.656Z level=INFO msg=redelivery key=pf-s313-graded:4906 partition=1 offset=1255 suppressed=true
time=2026-09-03T23:26:11.676Z level=INFO msg=redelivery key=pf-s313-graded:4908 partition=1 offset=1256 suppressed=true
time=2026-09-03T23:26:11.696Z level=INFO msg=redelivery key=pf-s313-graded:4911 partition=1 offset=1257 suppressed=true
time=2026-09-03T23:26:11.717Z level=INFO msg=redelivery key=pf-s313-graded:4912 partition=1 offset=1258 suppressed=true
time=2026-09-03T23:26:11.737Z level=INFO msg=redelivery key=pf-s313-graded:4914 partition=1 offset=1259 suppressed=true
time=2026-09-03T23:26:11.756Z level=INFO msg=redelivery key=pf-s313-graded:4918 partition=1 offset=1260 suppressed=true
time=2026-09-03T23:26:11.776Z level=INFO msg=redelivery key=pf-s313-graded:4920 partition=1 offset=1261 suppressed=true
time=2026-09-03T23:26:11.796Z level=INFO msg=redelivery key=pf-s313-graded:4924 partition=1 offset=1262 suppressed=true
time=2026-09-03T23:26:11.816Z level=INFO msg=redelivery key=pf-s313-graded:4925 partition=1 offset=1263 suppressed=true
time=2026-09-03T23:26:11.836Z level=INFO msg=redelivery key=pf-s313-graded:4937 partition=1 offset=1264 suppressed=true
time=2026-09-03T23:26:11.856Z level=INFO msg=redelivery key=pf-s313-graded:4939 partition=1 offset=1265 suppressed=true
time=2026-09-03T23:26:11.876Z level=INFO msg=redelivery key=pf-s313-graded:4940 partition=1 offset=1266 suppressed=true
time=2026-09-03T23:26:11.898Z level=INFO msg=redelivery key=pf-s313-graded:4942 partition=1 offset=1267 suppressed=true
time=2026-09-03T23:26:11.916Z level=INFO msg=redelivery key=pf-s313-graded:4943 partition=1 offset=1268 suppressed=true
time=2026-09-03T23:26:11.936Z level=INFO msg=redelivery key=pf-s313-graded:4945 partition=1 offset=1269 suppressed=true
time=2026-09-03T23:26:11.956Z level=INFO msg=redelivery key=pf-s313-graded:4949 partition=1 offset=1270 suppressed=true
time=2026-09-03T23:26:11.976Z level=INFO msg=redelivery key=pf-s313-graded:4952 partition=1 offset=1271 suppressed=true
time=2026-09-03T23:26:11.997Z level=INFO msg=redelivery key=pf-s313-graded:4954 partition=1 offset=1272 suppressed=true
time=2026-09-03T23:26:12.018Z level=INFO msg=redelivery key=pf-s313-graded:4960 partition=1 offset=1273 suppressed=true
time=2026-09-03T23:26:12.036Z level=INFO msg=redelivery key=pf-s313-graded:4963 partition=1 offset=1274 suppressed=true
time=2026-09-03T23:26:12.056Z level=INFO msg=redelivery key=pf-s313-graded:4966 partition=1 offset=1275 suppressed=true
time=2026-09-03T23:26:12.076Z level=INFO msg=redelivery key=pf-s313-graded:4974 partition=1 offset=1276 suppressed=true
time=2026-09-03T23:26:12.096Z level=INFO msg=redelivery key=pf-s313-graded:4979 partition=1 offset=1277 suppressed=true
time=2026-09-03T23:26:12.116Z level=INFO msg=redelivery key=pf-s313-graded:4980 partition=1 offset=1278 suppressed=true
time=2026-09-03T23:26:12.136Z level=INFO msg=redelivery key=pf-s313-graded:4989 partition=1 offset=1279 suppressed=true
time=2026-09-03T23:26:12.156Z level=INFO msg=redelivery key=pf-s313-graded:4992 partition=1 offset=1280 suppressed=true
time=2026-09-03T23:26:12.176Z level=INFO msg=redelivery key=pf-s313-graded:4995 partition=1 offset=1281 suppressed=true
time=2026-09-03T23:26:12.196Z level=INFO msg=redelivery key=pf-s313-graded:4996 partition=1 offset=1282 suppressed=true
time=2026-09-03T23:26:12.216Z level=INFO msg=redelivery key=pf-s313-graded:4997 partition=1 offset=1283 suppressed=true
time=2026-09-03T23:26:12.236Z level=INFO msg=redelivery key=pf-s313-graded:5005 partition=1 offset=1284 suppressed=true
time=2026-09-03T23:26:12.256Z level=INFO msg=redelivery key=pf-s313-graded:5010 partition=1 offset=1285 suppressed=true
time=2026-09-03T23:26:12.276Z level=INFO msg=redelivery key=pf-s313-graded:5014 partition=1 offset=1286 suppressed=true
time=2026-09-03T23:26:12.296Z level=INFO msg=redelivery key=pf-s313-graded:5016 partition=1 offset=1287 suppressed=true
time=2026-09-03T23:26:12.316Z level=INFO msg=redelivery key=pf-s313-graded:5018 partition=1 offset=1288 suppressed=true
time=2026-09-03T23:26:12.336Z level=INFO msg=redelivery key=pf-s313-graded:5023 partition=1 offset=1289 suppressed=true
time=2026-09-03T23:26:12.356Z level=INFO msg=redelivery key=pf-s313-graded:5028 partition=1 offset=1290 suppressed=true
time=2026-09-03T23:26:12.376Z level=INFO msg=redelivery key=pf-s313-graded:5029 partition=1 offset=1291 suppressed=true
time=2026-09-03T23:26:12.396Z level=INFO msg=redelivery key=pf-s313-graded:5037 partition=1 offset=1292 suppressed=true
time=2026-09-03T23:26:12.416Z level=INFO msg=redelivery key=pf-s313-graded:5040 partition=1 offset=1293 suppressed=true
time=2026-09-03T23:26:12.437Z level=INFO msg=redelivery key=pf-s313-graded:5050 partition=1 offset=1294 suppressed=true
time=2026-09-03T23:26:12.456Z level=INFO msg=redelivery key=pf-s313-graded:5058 partition=1 offset=1295 suppressed=true
time=2026-09-03T23:26:12.476Z level=INFO msg=redelivery key=pf-s313-graded:5062 partition=1 offset=1296 suppressed=true
time=2026-09-03T23:26:12.500Z level=INFO msg=redelivery key=pf-s313-graded:5063 partition=1 offset=1297 suppressed=true
time=2026-09-03T23:26:12.516Z level=INFO msg=redelivery key=pf-s313-graded:5064 partition=1 offset=1298 suppressed=true
time=2026-09-03T23:26:12.536Z level=INFO msg=redelivery key=pf-s313-graded:5065 partition=1 offset=1299 suppressed=true
time=2026-09-03T23:26:12.557Z level=INFO msg=redelivery key=pf-s313-graded:5068 partition=1 offset=1300 suppressed=true
time=2026-09-03T23:26:12.577Z level=INFO msg=redelivery key=pf-s313-graded:5070 partition=1 offset=1301 suppressed=true
time=2026-09-03T23:26:12.596Z level=INFO msg=redelivery key=pf-s313-graded:5076 partition=1 offset=1302 suppressed=true
time=2026-09-03T23:26:12.616Z level=INFO msg=redelivery key=pf-s313-graded:5087 partition=1 offset=1303 suppressed=true
time=2026-09-03T23:26:12.636Z level=INFO msg=redelivery key=pf-s313-graded:5097 partition=1 offset=1304 suppressed=true
time=2026-09-03T23:26:12.656Z level=INFO msg=redelivery key=pf-s313-graded:5102 partition=1 offset=1305 suppressed=true
time=2026-09-03T23:26:12.676Z level=INFO msg=redelivery key=pf-s313-graded:5103 partition=1 offset=1306 suppressed=true
time=2026-09-03T23:26:12.696Z level=INFO msg=redelivery key=pf-s313-graded:5104 partition=1 offset=1307 suppressed=true
time=2026-09-03T23:26:12.716Z level=INFO msg=redelivery key=pf-s313-graded:5120 partition=1 offset=1308 suppressed=true
time=2026-09-03T23:26:12.736Z level=INFO msg=redelivery key=pf-s313-graded:5123 partition=1 offset=1309 suppressed=true
time=2026-09-03T23:26:12.757Z level=INFO msg=redelivery key=pf-s313-graded:5124 partition=1 offset=1310 suppressed=true
time=2026-09-03T23:26:12.776Z level=INFO msg=redelivery key=pf-s313-graded:5130 partition=1 offset=1311 suppressed=true
time=2026-09-03T23:26:12.796Z level=INFO msg=redelivery key=pf-s313-graded:5131 partition=1 offset=1312 suppressed=true
time=2026-09-03T23:26:12.816Z level=INFO msg=redelivery key=pf-s313-graded:5132 partition=1 offset=1313 suppressed=true
time=2026-09-03T23:26:12.836Z level=INFO msg=redelivery key=pf-s313-graded:5137 partition=1 offset=1314 suppressed=true
time=2026-09-03T23:26:12.856Z level=INFO msg=redelivery key=pf-s313-graded:5139 partition=1 offset=1315 suppressed=true
time=2026-09-03T23:26:12.876Z level=INFO msg=redelivery key=pf-s313-graded:5141 partition=1 offset=1316 suppressed=true
time=2026-09-03T23:26:12.896Z level=INFO msg=redelivery key=pf-s313-graded:5144 partition=1 offset=1317 suppressed=true
time=2026-09-03T23:26:12.916Z level=INFO msg=redelivery key=pf-s313-graded:5146 partition=1 offset=1318 suppressed=true
time=2026-09-03T23:26:12.937Z level=INFO msg=redelivery key=pf-s313-graded:5151 partition=1 offset=1319 suppressed=true
time=2026-09-03T23:26:12.957Z level=INFO msg=redelivery key=pf-s313-graded:5152 partition=1 offset=1320 suppressed=true
time=2026-09-03T23:26:12.977Z level=INFO msg=redelivery key=pf-s313-graded:5154 partition=1 offset=1321 suppressed=true
time=2026-09-03T23:26:12.996Z level=INFO msg=redelivery key=pf-s313-graded:5160 partition=1 offset=1322 suppressed=true
time=2026-09-03T23:26:13.016Z level=INFO msg=redelivery key=pf-s313-graded:5166 partition=1 offset=1323 suppressed=true
time=2026-09-03T23:26:13.036Z level=INFO msg=redelivery key=pf-s313-graded:5169 partition=1 offset=1324 suppressed=true
time=2026-09-03T23:26:13.056Z level=INFO msg=redelivery key=pf-s313-graded:5185 partition=1 offset=1325 suppressed=true
time=2026-09-03T23:26:13.076Z level=INFO msg=redelivery key=pf-s313-graded:5189 partition=1 offset=1326 suppressed=true
time=2026-09-03T23:26:13.097Z level=INFO msg=redelivery key=pf-s313-graded:5191 partition=1 offset=1327 suppressed=true
time=2026-09-03T23:26:13.116Z level=INFO msg=redelivery key=pf-s313-graded:5194 partition=1 offset=1328 suppressed=true
time=2026-09-03T23:26:13.136Z level=INFO msg=redelivery key=pf-s313-graded:5197 partition=1 offset=1329 suppressed=true
time=2026-09-03T23:26:13.156Z level=INFO msg=redelivery key=pf-s313-graded:5204 partition=1 offset=1330 suppressed=true
time=2026-09-03T23:26:13.176Z level=INFO msg=redelivery key=pf-s313-graded:5208 partition=1 offset=1331 suppressed=true
time=2026-09-03T23:26:13.196Z level=INFO msg=redelivery key=pf-s313-graded:5211 partition=1 offset=1332 suppressed=true
time=2026-09-03T23:26:13.216Z level=INFO msg=redelivery key=pf-s313-graded:5212 partition=1 offset=1333 suppressed=true
time=2026-09-03T23:26:13.236Z level=INFO msg=redelivery key=pf-s313-graded:5215 partition=1 offset=1334 suppressed=true
time=2026-09-03T23:26:13.257Z level=INFO msg=redelivery key=pf-s313-graded:5227 partition=1 offset=1335 suppressed=true
time=2026-09-03T23:26:13.276Z level=INFO msg=redelivery key=pf-s313-graded:5228 partition=1 offset=1336 suppressed=true
time=2026-09-03T23:26:13.297Z level=INFO msg=redelivery key=pf-s313-graded:5235 partition=1 offset=1337 suppressed=true
time=2026-09-03T23:26:13.316Z level=INFO msg=redelivery key=pf-s313-graded:5239 partition=1 offset=1338 suppressed=true
time=2026-09-03T23:26:13.337Z level=INFO msg=redelivery key=pf-s313-graded:5248 partition=1 offset=1339 suppressed=true
time=2026-09-03T23:26:13.356Z level=INFO msg=redelivery key=pf-s313-graded:5250 partition=1 offset=1340 suppressed=true
time=2026-09-03T23:26:13.376Z level=INFO msg=redelivery key=pf-s313-graded:5253 partition=1 offset=1341 suppressed=true
time=2026-09-03T23:26:13.397Z level=INFO msg=redelivery key=pf-s313-graded:5255 partition=1 offset=1342 suppressed=true
time=2026-09-03T23:26:13.416Z level=INFO msg=redelivery key=pf-s313-graded:5257 partition=1 offset=1343 suppressed=true
time=2026-09-03T23:26:13.436Z level=INFO msg=redelivery key=pf-s313-graded:5260 partition=1 offset=1344 suppressed=true
time=2026-09-03T23:26:13.456Z level=INFO msg=redelivery key=pf-s313-graded:5262 partition=1 offset=1345 suppressed=true
time=2026-09-03T23:26:13.477Z level=INFO msg=redelivery key=pf-s313-graded:5263 partition=1 offset=1346 suppressed=true
time=2026-09-03T23:26:13.497Z level=INFO msg=redelivery key=pf-s313-graded:5272 partition=1 offset=1347 suppressed=true
time=2026-09-03T23:26:13.516Z level=INFO msg=redelivery key=pf-s313-graded:5275 partition=1 offset=1348 suppressed=true
time=2026-09-03T23:26:13.536Z level=INFO msg=redelivery key=pf-s313-graded:5277 partition=1 offset=1349 suppressed=true
time=2026-09-03T23:26:13.556Z level=INFO msg=redelivery key=pf-s313-graded:5278 partition=1 offset=1350 suppressed=true
time=2026-09-03T23:26:13.576Z level=INFO msg=redelivery key=pf-s313-graded:5280 partition=1 offset=1351 suppressed=true
time=2026-09-03T23:26:13.596Z level=INFO msg=redelivery key=pf-s313-graded:5284 partition=1 offset=1352 suppressed=true
time=2026-09-03T23:26:13.616Z level=INFO msg=redelivery key=pf-s313-graded:5290 partition=1 offset=1353 suppressed=true
time=2026-09-03T23:26:13.636Z level=INFO msg=redelivery key=pf-s313-graded:5293 partition=1 offset=1354 suppressed=true
time=2026-09-03T23:26:13.656Z level=INFO msg=redelivery key=pf-s313-graded:5294 partition=1 offset=1355 suppressed=true
time=2026-09-03T23:26:13.676Z level=INFO msg=redelivery key=pf-s313-graded:5296 partition=1 offset=1356 suppressed=true
time=2026-09-03T23:26:13.696Z level=INFO msg=redelivery key=pf-s313-graded:5298 partition=1 offset=1357 suppressed=true
time=2026-09-03T23:26:13.716Z level=INFO msg=redelivery key=pf-s313-graded:5304 partition=1 offset=1358 suppressed=true
time=2026-09-03T23:26:13.736Z level=INFO msg=redelivery key=pf-s313-graded:5311 partition=1 offset=1359 suppressed=true
time=2026-09-03T23:26:13.757Z level=INFO msg=redelivery key=pf-s313-graded:5314 partition=1 offset=1360 suppressed=true
time=2026-09-03T23:26:13.776Z level=INFO msg=redelivery key=pf-s313-graded:5316 partition=1 offset=1361 suppressed=true
time=2026-09-03T23:26:13.796Z level=INFO msg=redelivery key=pf-s313-graded:5317 partition=1 offset=1362 suppressed=true
time=2026-09-03T23:26:13.818Z level=INFO msg=redelivery key=pf-s313-graded:5320 partition=1 offset=1363 suppressed=true
time=2026-09-03T23:26:13.837Z level=INFO msg=redelivery key=pf-s313-graded:5324 partition=1 offset=1364 suppressed=true
time=2026-09-03T23:26:13.857Z level=INFO msg=redelivery key=pf-s313-graded:5329 partition=1 offset=1365 suppressed=true
time=2026-09-03T23:26:13.876Z level=INFO msg=redelivery key=pf-s313-graded:5336 partition=1 offset=1366 suppressed=true
time=2026-09-03T23:26:13.897Z level=INFO msg=redelivery key=pf-s313-graded:5338 partition=1 offset=1367 suppressed=true
time=2026-09-03T23:26:13.916Z level=INFO msg=redelivery key=pf-s313-graded:5344 partition=1 offset=1368 suppressed=true
time=2026-09-03T23:26:13.936Z level=INFO msg=redelivery key=pf-s313-graded:5345 partition=1 offset=1369 suppressed=true
time=2026-09-03T23:26:13.956Z level=INFO msg=redelivery key=pf-s313-graded:5355 partition=1 offset=1370 suppressed=true
time=2026-09-03T23:26:13.976Z level=INFO msg=redelivery key=pf-s313-graded:5356 partition=1 offset=1371 suppressed=true
time=2026-09-03T23:26:13.996Z level=INFO msg=redelivery key=pf-s313-graded:5358 partition=1 offset=1372 suppressed=true
time=2026-09-03T23:26:14.016Z level=INFO msg=redelivery key=pf-s313-graded:5360 partition=1 offset=1373 suppressed=true
time=2026-09-03T23:26:14.036Z level=INFO msg=redelivery key=pf-s313-graded:5363 partition=1 offset=1374 suppressed=true
time=2026-09-03T23:26:14.056Z level=INFO msg=redelivery key=pf-s313-graded:5365 partition=1 offset=1375 suppressed=true
time=2026-09-03T23:26:14.076Z level=INFO msg=redelivery key=pf-s313-graded:5372 partition=1 offset=1376 suppressed=true
time=2026-09-03T23:26:14.096Z level=INFO msg=redelivery key=pf-s313-graded:5373 partition=1 offset=1377 suppressed=true
time=2026-09-03T23:26:14.117Z level=INFO msg=redelivery key=pf-s313-graded:5376 partition=1 offset=1378 suppressed=true
time=2026-09-03T23:26:14.136Z level=INFO msg=redelivery key=pf-s313-graded:5380 partition=1 offset=1379 suppressed=true
time=2026-09-03T23:26:14.157Z level=INFO msg=redelivery key=pf-s313-graded:5391 partition=1 offset=1380 suppressed=true
time=2026-09-03T23:26:14.176Z level=INFO msg=redelivery key=pf-s313-graded:5394 partition=1 offset=1381 suppressed=true
time=2026-09-03T23:26:14.196Z level=INFO msg=redelivery key=pf-s313-graded:5395 partition=1 offset=1382 suppressed=true
time=2026-09-03T23:26:14.216Z level=INFO msg=redelivery key=pf-s313-graded:5396 partition=1 offset=1383 suppressed=true
time=2026-09-03T23:26:14.236Z level=INFO msg=redelivery key=pf-s313-graded:5401 partition=1 offset=1384 suppressed=true
time=2026-09-03T23:26:14.256Z level=INFO msg=redelivery key=pf-s313-graded:5413 partition=1 offset=1385 suppressed=true
time=2026-09-03T23:26:14.276Z level=INFO msg=redelivery key=pf-s313-graded:5427 partition=1 offset=1386 suppressed=true
time=2026-09-03T23:26:19.256Z level=INFO msg=redelivery key=pf-s313-graded:3879 partition=2 offset=1900 suppressed=true
time=2026-09-03T23:26:19.276Z level=INFO msg=redelivery key=pf-s313-graded:3880 partition=2 offset=1901 suppressed=true
time=2026-09-03T23:26:19.296Z level=INFO msg=redelivery key=pf-s313-graded:3882 partition=2 offset=1902 suppressed=true
time=2026-09-03T23:26:19.317Z level=INFO msg=redelivery key=pf-s313-graded:3885 partition=2 offset=1903 suppressed=true
time=2026-09-03T23:26:19.336Z level=INFO msg=redelivery key=pf-s313-graded:3890 partition=2 offset=1904 suppressed=true
time=2026-09-03T23:26:19.356Z level=INFO msg=redelivery key=pf-s313-graded:3893 partition=2 offset=1905 suppressed=true
time=2026-09-03T23:26:19.376Z level=INFO msg=redelivery key=pf-s313-graded:3896 partition=2 offset=1906 suppressed=true
time=2026-09-03T23:26:19.396Z level=INFO msg=redelivery key=pf-s313-graded:3899 partition=2 offset=1907 suppressed=true
time=2026-09-03T23:26:19.416Z level=INFO msg=redelivery key=pf-s313-graded:3903 partition=2 offset=1908 suppressed=true
time=2026-09-03T23:26:19.436Z level=INFO msg=redelivery key=pf-s313-graded:3904 partition=2 offset=1909 suppressed=true
time=2026-09-03T23:26:19.456Z level=INFO msg=redelivery key=pf-s313-graded:3905 partition=2 offset=1910 suppressed=true
time=2026-09-03T23:26:19.476Z level=INFO msg=redelivery key=pf-s313-graded:3906 partition=2 offset=1911 suppressed=true
time=2026-09-03T23:26:19.496Z level=INFO msg=redelivery key=pf-s313-graded:3908 partition=2 offset=1912 suppressed=true
time=2026-09-03T23:26:19.516Z level=INFO msg=redelivery key=pf-s313-graded:3909 partition=2 offset=1913 suppressed=true
time=2026-09-03T23:26:19.536Z level=INFO msg=redelivery key=pf-s313-graded:3911 partition=2 offset=1914 suppressed=true
time=2026-09-03T23:26:19.556Z level=INFO msg=redelivery key=pf-s313-graded:3913 partition=2 offset=1915 suppressed=true
time=2026-09-03T23:26:19.576Z level=INFO msg=redelivery key=pf-s313-graded:3914 partition=2 offset=1916 suppressed=true
time=2026-09-03T23:26:19.595Z level=INFO msg=redelivery key=pf-s313-graded:3916 partition=2 offset=1917 suppressed=true
time=2026-09-03T23:26:19.618Z level=INFO msg=redelivery key=pf-s313-graded:3917 partition=2 offset=1918 suppressed=true
time=2026-09-03T23:26:19.636Z level=INFO msg=redelivery key=pf-s313-graded:3918 partition=2 offset=1919 suppressed=true
time=2026-09-03T23:26:19.657Z level=INFO msg=redelivery key=pf-s313-graded:3920 partition=2 offset=1920 suppressed=true
time=2026-09-03T23:26:19.676Z level=INFO msg=redelivery key=pf-s313-graded:3921 partition=2 offset=1921 suppressed=true
time=2026-09-03T23:26:19.696Z level=INFO msg=redelivery key=pf-s313-graded:3922 partition=2 offset=1922 suppressed=true
time=2026-09-03T23:26:19.716Z level=INFO msg=redelivery key=pf-s313-graded:3924 partition=2 offset=1923 suppressed=true
time=2026-09-03T23:26:19.736Z level=INFO msg=redelivery key=pf-s313-graded:3925 partition=2 offset=1924 suppressed=true
time=2026-09-03T23:26:19.756Z level=INFO msg=redelivery key=pf-s313-graded:3929 partition=2 offset=1925 suppressed=true
time=2026-09-03T23:26:19.776Z level=INFO msg=redelivery key=pf-s313-graded:3930 partition=2 offset=1926 suppressed=true
time=2026-09-03T23:26:19.796Z level=INFO msg=redelivery key=pf-s313-graded:3931 partition=2 offset=1927 suppressed=true
time=2026-09-03T23:26:19.816Z level=INFO msg=redelivery key=pf-s313-graded:3932 partition=2 offset=1928 suppressed=true
time=2026-09-03T23:26:19.836Z level=INFO msg=redelivery key=pf-s313-graded:3935 partition=2 offset=1929 suppressed=true
time=2026-09-03T23:26:19.857Z level=INFO msg=redelivery key=pf-s313-graded:3938 partition=2 offset=1930 suppressed=true
time=2026-09-03T23:26:19.876Z level=INFO msg=redelivery key=pf-s313-graded:3942 partition=2 offset=1931 suppressed=true
time=2026-09-03T23:26:19.896Z level=INFO msg=redelivery key=pf-s313-graded:3943 partition=2 offset=1932 suppressed=true
time=2026-09-03T23:26:19.916Z level=INFO msg=redelivery key=pf-s313-graded:3944 partition=2 offset=1933 suppressed=true
time=2026-09-03T23:26:19.936Z level=INFO msg=redelivery key=pf-s313-graded:3945 partition=2 offset=1934 suppressed=true
time=2026-09-03T23:26:19.956Z level=INFO msg=redelivery key=pf-s313-graded:3946 partition=2 offset=1935 suppressed=true
time=2026-09-03T23:26:19.976Z level=INFO msg=redelivery key=pf-s313-graded:3948 partition=2 offset=1936 suppressed=true
time=2026-09-03T23:26:19.996Z level=INFO msg=redelivery key=pf-s313-graded:3949 partition=2 offset=1937 suppressed=true
time=2026-09-03T23:26:20.016Z level=INFO msg=redelivery key=pf-s313-graded:3954 partition=2 offset=1938 suppressed=true
time=2026-09-03T23:26:20.036Z level=INFO msg=redelivery key=pf-s313-graded:3956 partition=2 offset=1939 suppressed=true
time=2026-09-03T23:26:20.056Z level=INFO msg=redelivery key=pf-s313-graded:3957 partition=2 offset=1940 suppressed=true
time=2026-09-03T23:26:20.076Z level=INFO msg=redelivery key=pf-s313-graded:3959 partition=2 offset=1941 suppressed=true
time=2026-09-03T23:26:20.096Z level=INFO msg=redelivery key=pf-s313-graded:3961 partition=2 offset=1942 suppressed=true
time=2026-09-03T23:26:20.116Z level=INFO msg=redelivery key=pf-s313-graded:3964 partition=2 offset=1943 suppressed=true
time=2026-09-03T23:26:20.136Z level=INFO msg=redelivery key=pf-s313-graded:3968 partition=2 offset=1944 suppressed=true
time=2026-09-03T23:26:20.156Z level=INFO msg=redelivery key=pf-s313-graded:3969 partition=2 offset=1945 suppressed=true
time=2026-09-03T23:26:20.177Z level=INFO msg=redelivery key=pf-s313-graded:3971 partition=2 offset=1946 suppressed=true
time=2026-09-03T23:26:20.196Z level=INFO msg=redelivery key=pf-s313-graded:3972 partition=2 offset=1947 suppressed=true
time=2026-09-03T23:26:20.216Z level=INFO msg=redelivery key=pf-s313-graded:3973 partition=2 offset=1948 suppressed=true
time=2026-09-03T23:26:20.236Z level=INFO msg=redelivery key=pf-s313-graded:3977 partition=2 offset=1949 suppressed=true
time=2026-09-03T23:26:20.256Z level=INFO msg=redelivery key=pf-s313-graded:3979 partition=2 offset=1950 suppressed=true
time=2026-09-03T23:26:20.276Z level=INFO msg=redelivery key=pf-s313-graded:3980 partition=2 offset=1951 suppressed=true
time=2026-09-03T23:26:20.296Z level=INFO msg=redelivery key=pf-s313-graded:3982 partition=2 offset=1952 suppressed=true
time=2026-09-03T23:26:20.317Z level=INFO msg=redelivery key=pf-s313-graded:3984 partition=2 offset=1953 suppressed=true
time=2026-09-03T23:26:20.336Z level=INFO msg=redelivery key=pf-s313-graded:3986 partition=2 offset=1954 suppressed=true
time=2026-09-03T23:26:20.356Z level=INFO msg=redelivery key=pf-s313-graded:3987 partition=2 offset=1955 suppressed=true
time=2026-09-03T23:26:20.376Z level=INFO msg=redelivery key=pf-s313-graded:3989 partition=2 offset=1956 suppressed=true
time=2026-09-03T23:26:20.396Z level=INFO msg=redelivery key=pf-s313-graded:3991 partition=2 offset=1957 suppressed=true
time=2026-09-03T23:26:20.416Z level=INFO msg=redelivery key=pf-s313-graded:3992 partition=2 offset=1958 suppressed=true
time=2026-09-03T23:26:20.436Z level=INFO msg=redelivery key=pf-s313-graded:3994 partition=2 offset=1959 suppressed=true
time=2026-09-03T23:26:20.456Z level=INFO msg=redelivery key=pf-s313-graded:3995 partition=2 offset=1960 suppressed=true
time=2026-09-03T23:26:20.476Z level=INFO msg=redelivery key=pf-s313-graded:3998 partition=2 offset=1961 suppressed=true
time=2026-09-03T23:26:20.496Z level=INFO msg=redelivery key=pf-s313-graded:3999 partition=2 offset=1962 suppressed=true
time=2026-09-03T23:26:20.517Z level=INFO msg=redelivery key=pf-s313-graded:4000 partition=2 offset=1963 suppressed=true
time=2026-09-03T23:26:20.537Z level=INFO msg=redelivery key=pf-s313-graded:4001 partition=2 offset=1964 suppressed=true
time=2026-09-03T23:26:20.556Z level=INFO msg=redelivery key=pf-s313-graded:4007 partition=2 offset=1965 suppressed=true
time=2026-09-03T23:26:20.576Z level=INFO msg=redelivery key=pf-s313-graded:4008 partition=2 offset=1966 suppressed=true
time=2026-09-03T23:26:20.596Z level=INFO msg=redelivery key=pf-s313-graded:4009 partition=2 offset=1967 suppressed=true
time=2026-09-03T23:26:20.616Z level=INFO msg=redelivery key=pf-s313-graded:4012 partition=2 offset=1968 suppressed=true
time=2026-09-03T23:26:20.636Z level=INFO msg=redelivery key=pf-s313-graded:4013 partition=2 offset=1969 suppressed=true
time=2026-09-03T23:26:20.656Z level=INFO msg=redelivery key=pf-s313-graded:4014 partition=2 offset=1970 suppressed=true
time=2026-09-03T23:26:20.676Z level=INFO msg=redelivery key=pf-s313-graded:4017 partition=2 offset=1971 suppressed=true
time=2026-09-03T23:26:20.696Z level=INFO msg=redelivery key=pf-s313-graded:4019 partition=2 offset=1972 suppressed=true
time=2026-09-03T23:26:20.716Z level=INFO msg=redelivery key=pf-s313-graded:4020 partition=2 offset=1973 suppressed=true
time=2026-09-03T23:26:20.736Z level=INFO msg=redelivery key=pf-s313-graded:4021 partition=2 offset=1974 suppressed=true
time=2026-09-03T23:26:20.755Z level=INFO msg=redelivery key=pf-s313-graded:4022 partition=2 offset=1975 suppressed=true
time=2026-09-03T23:26:20.776Z level=INFO msg=redelivery key=pf-s313-graded:4023 partition=2 offset=1976 suppressed=true
time=2026-09-03T23:26:20.796Z level=INFO msg=redelivery key=pf-s313-graded:4024 partition=2 offset=1977 suppressed=true
time=2026-09-03T23:26:20.816Z level=INFO msg=redelivery key=pf-s313-graded:4026 partition=2 offset=1978 suppressed=true
time=2026-09-03T23:26:20.836Z level=INFO msg=redelivery key=pf-s313-graded:4027 partition=2 offset=1979 suppressed=true
time=2026-09-03T23:26:20.856Z level=INFO msg=redelivery key=pf-s313-graded:4030 partition=2 offset=1980 suppressed=true
time=2026-09-03T23:26:20.856Z level=INFO msg="fault injected: rewinding instead of committing" key=pf-s313-graded:5524 partition=1 offset=1409 epoch=0
time=2026-09-03T23:26:20.876Z level=INFO msg=redelivery key=pf-s313-graded:4031 partition=2 offset=1981 suppressed=true
time=2026-09-03T23:26:20.896Z level=INFO msg=redelivery key=pf-s313-graded:4032 partition=2 offset=1982 suppressed=true
time=2026-09-03T23:26:20.916Z level=INFO msg=redelivery key=pf-s313-graded:4034 partition=2 offset=1983 suppressed=true
time=2026-09-03T23:26:20.936Z level=INFO msg=redelivery key=pf-s313-graded:4038 partition=2 offset=1984 suppressed=true
time=2026-09-03T23:26:20.956Z level=INFO msg=redelivery key=pf-s313-graded:4043 partition=2 offset=1985 suppressed=true
time=2026-09-03T23:26:20.976Z level=INFO msg=redelivery key=pf-s313-graded:4045 partition=2 offset=1986 suppressed=true
time=2026-09-03T23:26:20.996Z level=INFO msg=redelivery key=pf-s313-graded:4046 partition=2 offset=1987 suppressed=true
time=2026-09-03T23:26:21.016Z level=INFO msg=redelivery key=pf-s313-graded:4050 partition=2 offset=1988 suppressed=true
time=2026-09-03T23:26:21.036Z level=INFO msg=redelivery key=pf-s313-graded:4051 partition=2 offset=1989 suppressed=true
time=2026-09-03T23:26:21.056Z level=INFO msg=redelivery key=pf-s313-graded:4052 partition=2 offset=1990 suppressed=true
time=2026-09-03T23:26:21.076Z level=INFO msg=redelivery key=pf-s313-graded:4053 partition=2 offset=1991 suppressed=true
time=2026-09-03T23:26:21.096Z level=INFO msg=redelivery key=pf-s313-graded:4054 partition=2 offset=1992 suppressed=true
time=2026-09-03T23:26:21.116Z level=INFO msg=redelivery key=pf-s313-graded:4055 partition=2 offset=1993 suppressed=true
time=2026-09-03T23:26:21.136Z level=INFO msg=redelivery key=pf-s313-graded:4056 partition=2 offset=1994 suppressed=true
time=2026-09-03T23:26:21.156Z level=INFO msg=redelivery key=pf-s313-graded:4059 partition=2 offset=1995 suppressed=true
time=2026-09-03T23:26:21.176Z level=INFO msg=redelivery key=pf-s313-graded:4067 partition=2 offset=1996 suppressed=true
time=2026-09-03T23:26:21.197Z level=INFO msg=redelivery key=pf-s313-graded:4068 partition=2 offset=1997 suppressed=true
time=2026-09-03T23:26:21.216Z level=INFO msg=redelivery key=pf-s313-graded:4069 partition=2 offset=1998 suppressed=true
time=2026-09-03T23:26:21.237Z level=INFO msg=redelivery key=pf-s313-graded:4073 partition=2 offset=1999 suppressed=true
time=2026-09-03T23:26:21.256Z level=INFO msg=redelivery key=pf-s313-graded:4074 partition=2 offset=2000 suppressed=true
time=2026-09-03T23:26:21.276Z level=INFO msg=redelivery key=pf-s313-graded:4080 partition=2 offset=2001 suppressed=true
time=2026-09-03T23:26:21.296Z level=INFO msg=redelivery key=pf-s313-graded:4082 partition=2 offset=2002 suppressed=true
time=2026-09-03T23:26:21.316Z level=INFO msg=redelivery key=pf-s313-graded:4083 partition=2 offset=2003 suppressed=true
time=2026-09-03T23:26:21.336Z level=INFO msg=redelivery key=pf-s313-graded:4084 partition=2 offset=2004 suppressed=true
time=2026-09-03T23:26:21.356Z level=INFO msg=redelivery key=pf-s313-graded:4085 partition=2 offset=2005 suppressed=true
time=2026-09-03T23:26:21.376Z level=INFO msg=redelivery key=pf-s313-graded:4086 partition=2 offset=2006 suppressed=true
time=2026-09-03T23:26:21.396Z level=INFO msg=redelivery key=pf-s313-graded:4087 partition=2 offset=2007 suppressed=true
time=2026-09-03T23:26:21.416Z level=INFO msg=redelivery key=pf-s313-graded:4091 partition=2 offset=2008 suppressed=true
time=2026-09-03T23:26:21.436Z level=INFO msg=redelivery key=pf-s313-graded:4092 partition=2 offset=2009 suppressed=true
time=2026-09-03T23:26:21.456Z level=INFO msg=redelivery key=pf-s313-graded:4094 partition=2 offset=2010 suppressed=true
time=2026-09-03T23:26:21.476Z level=INFO msg=redelivery key=pf-s313-graded:4099 partition=2 offset=2011 suppressed=true
time=2026-09-03T23:26:21.496Z level=INFO msg=redelivery key=pf-s313-graded:4100 partition=2 offset=2012 suppressed=true
time=2026-09-03T23:26:21.516Z level=INFO msg=redelivery key=pf-s313-graded:4103 partition=2 offset=2013 suppressed=true
time=2026-09-03T23:26:21.536Z level=INFO msg=redelivery key=pf-s313-graded:4104 partition=2 offset=2014 suppressed=true
time=2026-09-03T23:26:21.556Z level=INFO msg=redelivery key=pf-s313-graded:4106 partition=2 offset=2015 suppressed=true
time=2026-09-03T23:26:21.576Z level=INFO msg=redelivery key=pf-s313-graded:4107 partition=2 offset=2016 suppressed=true
time=2026-09-03T23:26:21.596Z level=INFO msg=redelivery key=pf-s313-graded:4108 partition=2 offset=2017 suppressed=true
time=2026-09-03T23:26:21.616Z level=INFO msg=redelivery key=pf-s313-graded:4109 partition=2 offset=2018 suppressed=true
time=2026-09-03T23:26:21.636Z level=INFO msg=redelivery key=pf-s313-graded:4111 partition=2 offset=2019 suppressed=true
time=2026-09-03T23:26:21.656Z level=INFO msg=redelivery key=pf-s313-graded:4114 partition=2 offset=2020 suppressed=true
time=2026-09-03T23:26:21.676Z level=INFO msg=redelivery key=pf-s313-graded:4116 partition=2 offset=2021 suppressed=true
time=2026-09-03T23:26:21.696Z level=INFO msg=redelivery key=pf-s313-graded:4118 partition=2 offset=2022 suppressed=true
time=2026-09-03T23:26:21.716Z level=INFO msg=redelivery key=pf-s313-graded:4120 partition=2 offset=2023 suppressed=true
time=2026-09-03T23:26:21.736Z level=INFO msg=redelivery key=pf-s313-graded:4121 partition=2 offset=2024 suppressed=true
time=2026-09-03T23:26:21.756Z level=INFO msg=redelivery key=pf-s313-graded:4122 partition=2 offset=2025 suppressed=true
time=2026-09-03T23:26:21.777Z level=INFO msg=redelivery key=pf-s313-graded:4123 partition=2 offset=2026 suppressed=true
time=2026-09-03T23:26:21.796Z level=INFO msg=redelivery key=pf-s313-graded:4124 partition=2 offset=2027 suppressed=true
time=2026-09-03T23:26:21.816Z level=INFO msg=redelivery key=pf-s313-graded:4125 partition=2 offset=2028 suppressed=true
time=2026-09-03T23:26:21.836Z level=INFO msg=redelivery key=pf-s313-graded:4127 partition=2 offset=2029 suppressed=true
time=2026-09-03T23:26:21.856Z level=INFO msg=redelivery key=pf-s313-graded:4136 partition=2 offset=2030 suppressed=true
time=2026-09-03T23:26:21.877Z level=INFO msg=redelivery key=pf-s313-graded:4138 partition=2 offset=2031 suppressed=true
time=2026-09-03T23:26:21.896Z level=INFO msg=redelivery key=pf-s313-graded:4141 partition=2 offset=2032 suppressed=true
time=2026-09-03T23:26:21.916Z level=INFO msg=redelivery key=pf-s313-graded:4142 partition=2 offset=2033 suppressed=true
time=2026-09-03T23:26:21.936Z level=INFO msg=redelivery key=pf-s313-graded:4143 partition=2 offset=2034 suppressed=true
time=2026-09-03T23:26:21.956Z level=INFO msg=redelivery key=pf-s313-graded:4144 partition=2 offset=2035 suppressed=true
time=2026-09-03T23:26:21.975Z level=INFO msg=redelivery key=pf-s313-graded:4153 partition=2 offset=2036 suppressed=true
time=2026-09-03T23:26:21.996Z level=INFO msg=redelivery key=pf-s313-graded:4154 partition=2 offset=2037 suppressed=true
time=2026-09-03T23:26:22.016Z level=INFO msg=redelivery key=pf-s313-graded:4158 partition=2 offset=2038 suppressed=true
time=2026-09-03T23:26:22.036Z level=INFO msg=redelivery key=pf-s313-graded:4160 partition=2 offset=2039 suppressed=true
time=2026-09-03T23:26:22.056Z level=INFO msg=redelivery key=pf-s313-graded:4161 partition=2 offset=2040 suppressed=true
time=2026-09-03T23:26:22.076Z level=INFO msg=redelivery key=pf-s313-graded:4162 partition=2 offset=2041 suppressed=true
time=2026-09-03T23:26:22.096Z level=INFO msg=redelivery key=pf-s313-graded:4163 partition=2 offset=2042 suppressed=true
time=2026-09-03T23:26:22.116Z level=INFO msg=redelivery key=pf-s313-graded:4164 partition=2 offset=2043 suppressed=true
time=2026-09-03T23:26:22.136Z level=INFO msg=redelivery key=pf-s313-graded:4165 partition=2 offset=2044 suppressed=true
time=2026-09-03T23:26:22.156Z level=INFO msg=redelivery key=pf-s313-graded:4166 partition=2 offset=2045 suppressed=true
time=2026-09-03T23:26:22.176Z level=INFO msg=redelivery key=pf-s313-graded:4168 partition=2 offset=2046 suppressed=true
time=2026-09-03T23:26:22.196Z level=INFO msg=redelivery key=pf-s313-graded:4169 partition=2 offset=2047 suppressed=true
time=2026-09-03T23:26:22.216Z level=INFO msg=redelivery key=pf-s313-graded:4172 partition=2 offset=2048 suppressed=true
time=2026-09-03T23:26:22.236Z level=INFO msg=redelivery key=pf-s313-graded:4177 partition=2 offset=2049 suppressed=true
time=2026-09-03T23:26:22.256Z level=INFO msg=redelivery key=pf-s313-graded:4178 partition=2 offset=2050 suppressed=true
time=2026-09-03T23:26:22.276Z level=INFO msg=redelivery key=pf-s313-graded:4182 partition=2 offset=2051 suppressed=true
time=2026-09-03T23:26:22.297Z level=INFO msg=redelivery key=pf-s313-graded:4183 partition=2 offset=2052 suppressed=true
time=2026-09-03T23:26:22.316Z level=INFO msg=redelivery key=pf-s313-graded:4187 partition=2 offset=2053 suppressed=true
time=2026-09-03T23:26:22.336Z level=INFO msg=redelivery key=pf-s313-graded:4191 partition=2 offset=2054 suppressed=true
time=2026-09-03T23:26:22.356Z level=INFO msg=redelivery key=pf-s313-graded:4192 partition=2 offset=2055 suppressed=true
time=2026-09-03T23:26:22.376Z level=INFO msg=redelivery key=pf-s313-graded:4193 partition=2 offset=2056 suppressed=true
time=2026-09-03T23:26:22.396Z level=INFO msg=redelivery key=pf-s313-graded:4196 partition=2 offset=2057 suppressed=true
time=2026-09-03T23:26:22.416Z level=INFO msg=redelivery key=pf-s313-graded:4197 partition=2 offset=2058 suppressed=true
time=2026-09-03T23:26:22.436Z level=INFO msg=redelivery key=pf-s313-graded:4200 partition=2 offset=2059 suppressed=true
time=2026-09-03T23:26:22.456Z level=INFO msg=redelivery key=pf-s313-graded:4203 partition=2 offset=2060 suppressed=true
time=2026-09-03T23:26:22.476Z level=INFO msg=redelivery key=pf-s313-graded:4205 partition=2 offset=2061 suppressed=true
time=2026-09-03T23:26:22.496Z level=INFO msg=redelivery key=pf-s313-graded:4206 partition=2 offset=2062 suppressed=true
time=2026-09-03T23:26:22.516Z level=INFO msg=redelivery key=pf-s313-graded:4211 partition=2 offset=2063 suppressed=true
time=2026-09-03T23:26:22.536Z level=INFO msg=redelivery key=pf-s313-graded:4212 partition=2 offset=2064 suppressed=true
time=2026-09-03T23:26:22.556Z level=INFO msg=redelivery key=pf-s313-graded:4219 partition=2 offset=2065 suppressed=true
time=2026-09-03T23:26:22.576Z level=INFO msg=redelivery key=pf-s313-graded:4222 partition=2 offset=2066 suppressed=true
time=2026-09-03T23:26:22.596Z level=INFO msg=redelivery key=pf-s313-graded:4225 partition=2 offset=2067 suppressed=true
time=2026-09-03T23:26:22.616Z level=INFO msg=redelivery key=pf-s313-graded:4227 partition=2 offset=2068 suppressed=true
time=2026-09-03T23:26:22.636Z level=INFO msg=redelivery key=pf-s313-graded:4230 partition=2 offset=2069 suppressed=true
time=2026-09-03T23:26:22.656Z level=INFO msg=redelivery key=pf-s313-graded:4231 partition=2 offset=2070 suppressed=true
time=2026-09-03T23:26:22.676Z level=INFO msg=redelivery key=pf-s313-graded:4236 partition=2 offset=2071 suppressed=true
time=2026-09-03T23:26:22.696Z level=INFO msg=redelivery key=pf-s313-graded:4237 partition=2 offset=2072 suppressed=true
time=2026-09-03T23:26:22.716Z level=INFO msg=redelivery key=pf-s313-graded:4238 partition=2 offset=2073 suppressed=true
time=2026-09-03T23:26:22.737Z level=INFO msg=redelivery key=pf-s313-graded:4241 partition=2 offset=2074 suppressed=true
time=2026-09-03T23:26:22.756Z level=INFO msg=redelivery key=pf-s313-graded:4242 partition=2 offset=2075 suppressed=true
time=2026-09-03T23:26:22.776Z level=INFO msg=redelivery key=pf-s313-graded:4243 partition=2 offset=2076 suppressed=true
time=2026-09-03T23:26:22.796Z level=INFO msg=redelivery key=pf-s313-graded:4245 partition=2 offset=2077 suppressed=true
time=2026-09-03T23:26:22.816Z level=INFO msg=redelivery key=pf-s313-graded:4246 partition=2 offset=2078 suppressed=true
time=2026-09-03T23:26:22.836Z level=INFO msg=redelivery key=pf-s313-graded:4250 partition=2 offset=2079 suppressed=true
time=2026-09-03T23:26:22.856Z level=INFO msg=redelivery key=pf-s313-graded:4251 partition=2 offset=2080 suppressed=true
time=2026-09-03T23:26:22.876Z level=INFO msg=redelivery key=pf-s313-graded:4253 partition=2 offset=2081 suppressed=true
time=2026-09-03T23:26:22.896Z level=INFO msg=redelivery key=pf-s313-graded:4254 partition=2 offset=2082 suppressed=true
time=2026-09-03T23:26:22.916Z level=INFO msg=redelivery key=pf-s313-graded:4259 partition=2 offset=2083 suppressed=true
time=2026-09-03T23:26:22.936Z level=INFO msg=redelivery key=pf-s313-graded:4264 partition=2 offset=2084 suppressed=true
time=2026-09-03T23:26:22.956Z level=INFO msg=redelivery key=pf-s313-graded:4265 partition=2 offset=2085 suppressed=true
time=2026-09-03T23:26:22.976Z level=INFO msg=redelivery key=pf-s313-graded:4268 partition=2 offset=2086 suppressed=true
time=2026-09-03T23:26:22.996Z level=INFO msg=redelivery key=pf-s313-graded:4269 partition=2 offset=2087 suppressed=true
time=2026-09-03T23:26:23.016Z level=INFO msg=redelivery key=pf-s313-graded:4271 partition=2 offset=2088 suppressed=true
time=2026-09-03T23:26:23.037Z level=INFO msg=redelivery key=pf-s313-graded:4273 partition=2 offset=2089 suppressed=true
time=2026-09-03T23:26:23.056Z level=INFO msg=redelivery key=pf-s313-graded:4278 partition=2 offset=2090 suppressed=true
time=2026-09-03T23:26:23.076Z level=INFO msg=redelivery key=pf-s313-graded:4279 partition=2 offset=2091 suppressed=true
time=2026-09-03T23:26:23.096Z level=INFO msg=redelivery key=pf-s313-graded:4282 partition=2 offset=2092 suppressed=true
time=2026-09-03T23:26:23.116Z level=INFO msg=redelivery key=pf-s313-graded:4283 partition=2 offset=2093 suppressed=true
time=2026-09-03T23:26:23.135Z level=INFO msg=redelivery key=pf-s313-graded:4284 partition=2 offset=2094 suppressed=true
time=2026-09-03T23:26:23.157Z level=INFO msg=redelivery key=pf-s313-graded:4289 partition=2 offset=2095 suppressed=true
time=2026-09-03T23:26:23.176Z level=INFO msg=redelivery key=pf-s313-graded:4292 partition=2 offset=2096 suppressed=true
time=2026-09-03T23:26:23.196Z level=INFO msg=redelivery key=pf-s313-graded:4293 partition=2 offset=2097 suppressed=true
time=2026-09-03T23:26:23.216Z level=INFO msg=redelivery key=pf-s313-graded:4294 partition=2 offset=2098 suppressed=true
time=2026-09-03T23:26:23.236Z level=INFO msg=redelivery key=pf-s313-graded:4297 partition=2 offset=2099 suppressed=true
time=2026-09-03T23:26:23.256Z level=INFO msg=redelivery key=pf-s313-graded:4298 partition=2 offset=2100 suppressed=true
time=2026-09-03T23:26:23.276Z level=INFO msg=redelivery key=pf-s313-graded:4301 partition=2 offset=2101 suppressed=true
time=2026-09-03T23:26:30.857Z level=INFO msg="fault injected: rewinding instead of committing" key=pf-s313-graded:4389 partition=2 offset=2149 epoch=0
