time=2026-09-03T23:17:58.881Z level=INFO msg="waiting for the broker" brokers=[kafka:9092]
time=2026-09-03T23:17:58.882Z level=INFO msg="metrics listening" addr=:2112
time=2026-09-03T23:17:58.953Z level=INFO msg="delivery semantics configured" dedupe=false capacity=50000 ttl=10m0s header=kafka-lab-event-id fault_rate=0.01 fault_seed=pf-s313
time=2026-09-03T23:18:04.367Z level=INFO msg="fault injected: rewinding instead of committing" key=pf-s313-graded:251 partition=2 offset=131 epoch=0
time=2026-09-03T23:18:04.483Z level=INFO msg=redelivery key=pf-s313-graded:251 partition=2 offset=131 suppressed=false
time=2026-09-03T23:18:04.502Z level=INFO msg=redelivery key=pf-s313-graded:252 partition=2 offset=132 suppressed=false
time=2026-09-03T23:18:06.086Z level=INFO msg="fault injected: rewinding instead of committing" key=pf-s313-graded:331 partition=2 offset=177 epoch=0
time=2026-09-03T23:18:06.186Z level=INFO msg=redelivery key=pf-s313-graded:331 partition=2 offset=177 suppressed=false
time=2026-09-03T23:18:06.206Z level=INFO msg=redelivery key=pf-s313-graded:336 partition=2 offset=178 suppressed=false
time=2026-09-03T23:18:06.465Z level=INFO msg="fault injected: rewinding instead of committing" key=pf-s313-graded:350 partition=0 offset=81 epoch=0
time=2026-09-03T23:18:06.486Z level=INFO msg=redelivery key=pf-s313-graded:350 partition=0 offset=81 suppressed=false
time=2026-09-03T23:18:06.505Z level=INFO msg=redelivery key=pf-s313-graded:353 partition=0 offset=82 suppressed=false
time=2026-09-03T23:18:09.045Z level=INFO msg="fault injected: rewinding instead of committing" key=pf-s313-graded:474 partition=1 offset=120 epoch=0
time=2026-09-03T23:18:09.186Z level=INFO msg=redelivery key=pf-s313-graded:474 partition=1 offset=120 suppressed=false
time=2026-09-03T23:18:09.205Z level=INFO msg=redelivery key=pf-s313-graded:476 partition=1 offset=121 suppressed=false
time=2026-09-03T23:18:09.226Z level=INFO msg=redelivery key=pf-s313-graded:477 partition=1 offset=122 suppressed=false
time=2026-09-03T23:18:13.470Z level=INFO msg="fault injected: rewinding instead of committing" key=pf-s313-graded:695 partition=0 offset=167 epoch=0
time=2026-09-03T23:18:13.486Z level=INFO msg=redelivery key=pf-s313-graded:695 partition=0 offset=167 suppressed=false
time=2026-09-03T23:18:13.507Z level=INFO msg=redelivery key=pf-s313-graded:698 partition=0 offset=168 suppressed=false
time=2026-09-03T23:18:14.007Z level=INFO msg="fault injected: rewinding instead of committing" key=pf-s313-graded:715 partition=0 offset=174 epoch=0
time=2026-09-03T23:18:14.265Z level=INFO msg=redelivery key=pf-s313-graded:715 partition=0 offset=174 suppressed=false
time=2026-09-03T23:18:14.285Z level=INFO msg=redelivery key=pf-s313-graded:716 partition=0 offset=175 suppressed=false
time=2026-09-03T23:18:14.306Z level=INFO msg=redelivery key=pf-s313-graded:717 partition=0 offset=176 suppressed=false
time=2026-09-03T23:18:16.451Z level=INFO msg="fault injected: rewinding instead of committing" key=pf-s313-graded:832 partition=1 offset=215 epoch=0
time=2026-09-03T23:18:16.471Z level=INFO msg=redelivery key=pf-s313-graded:832 partition=1 offset=215 suppressed=false
time=2026-09-03T23:18:16.493Z level=INFO msg=redelivery key=pf-s313-graded:833 partition=1 offset=216 suppressed=false
time=2026-09-03T23:18:16.513Z level=INFO msg=redelivery key=pf-s313-graded:834 partition=1 offset=217 suppressed=false
time=2026-09-03T23:18:17.911Z level=INFO msg="fault injected: rewinding instead of committing" key=pf-s313-graded:890 partition=2 offset=433 epoch=0
time=2026-09-03T23:18:17.932Z level=INFO msg=redelivery key=pf-s313-graded:890 partition=2 offset=433 suppressed=false
time=2026-09-03T23:18:17.951Z level=INFO msg=redelivery key=pf-s313-graded:893 partition=2 offset=434 suppressed=false
time=2026-09-03T23:18:17.971Z level=INFO msg=redelivery key=pf-s313-graded:894 partition=2 offset=435 suppressed=false
time=2026-09-03T23:18:17.991Z level=INFO msg=redelivery key=pf-s313-graded:899 partition=2 offset=436 suppressed=false
time=2026-09-03T23:18:18.011Z level=INFO msg=redelivery key=pf-s313-graded:901 partition=2 offset=437 suppressed=false
time=2026-09-03T23:18:18.031Z level=INFO msg=redelivery key=pf-s313-graded:903 partition=2 offset=438 suppressed=false
time=2026-09-03T23:18:18.051Z level=INFO msg=redelivery key=pf-s313-graded:905 partition=2 offset=439 suppressed=false
time=2026-09-03T23:18:18.072Z level=INFO msg=redelivery key=pf-s313-graded:906 partition=2 offset=440 suppressed=false
time=2026-09-03T23:18:18.091Z level=INFO msg=redelivery key=pf-s313-graded:907 partition=2 offset=441 suppressed=false
time=2026-09-03T23:18:18.831Z level=INFO msg="fault injected: rewinding instead of committing" key=pf-s313-graded:942 partition=1 offset=247 epoch=0
time=2026-09-03T23:18:18.851Z level=INFO msg=redelivery key=pf-s313-graded:942 partition=1 offset=247 suppressed=false
time=2026-09-03T23:18:18.871Z level=INFO msg=redelivery key=pf-s313-graded:945 partition=1 offset=248 suppressed=false
time=2026-09-03T23:18:19.792Z level=INFO msg="fault injected: rewinding instead of committing" key=pf-s313-graded:963 partition=2 offset=470 epoch=0
time=2026-09-03T23:18:20.371Z level=INFO msg=redelivery key=pf-s313-graded:963 partition=2 offset=470 suppressed=false
time=2026-09-03T23:18:20.391Z level=INFO msg=redelivery key=pf-s313-graded:964 partition=2 offset=471 suppressed=false
time=2026-09-03T23:18:20.412Z level=INFO msg=redelivery key=pf-s313-graded:967 partition=2 offset=472 suppressed=false
time=2026-09-03T23:18:20.432Z level=INFO msg=redelivery key=pf-s313-graded:968 partition=2 offset=473 suppressed=false
time=2026-09-03T23:18:20.451Z level=INFO msg=redelivery key=pf-s313-graded:969 partition=2 offset=474 suppressed=false
time=2026-09-03T23:18:20.472Z level=INFO msg=redelivery key=pf-s313-graded:972 partition=2 offset=475 suppressed=false
time=2026-09-03T23:18:20.493Z level=INFO msg=redelivery key=pf-s313-graded:977 partition=2 offset=476 suppressed=false
time=2026-09-03T23:18:20.511Z level=INFO msg=redelivery key=pf-s313-graded:980 partition=2 offset=477 suppressed=false
time=2026-09-03T23:18:20.534Z level=INFO msg=redelivery key=pf-s313-graded:984 partition=2 offset=478 suppressed=false
time=2026-09-03T23:18:20.551Z level=INFO msg=redelivery key=pf-s313-graded:985 partition=2 offset=479 suppressed=false
time=2026-09-03T23:18:20.572Z level=INFO msg=redelivery key=pf-s313-graded:986 partition=2 offset=480 suppressed=false
time=2026-09-03T23:18:20.594Z level=INFO msg=redelivery key=pf-s313-graded:988 partition=2 offset=481 suppressed=false
time=2026-09-03T23:18:20.612Z level=INFO msg=redelivery key=pf-s313-graded:989 partition=2 offset=482 suppressed=false
time=2026-09-03T23:18:20.631Z level=INFO msg=redelivery key=pf-s313-graded:991 partition=2 offset=483 suppressed=false
time=2026-09-03T23:18:23.512Z level=INFO msg="fault injected: rewinding instead of committing" key=pf-s313-graded:1113 partition=0 offset=281 epoch=0
time=2026-09-03T23:18:23.536Z level=INFO msg=redelivery key=pf-s313-graded:1113 partition=0 offset=281 suppressed=false
time=2026-09-03T23:18:23.552Z level=INFO msg=redelivery key=pf-s313-graded:1116 partition=0 offset=282 suppressed=false
time=2026-09-03T23:18:23.572Z level=INFO msg=redelivery key=pf-s313-graded:1118 partition=0 offset=283 suppressed=false
time=2026-09-03T23:18:23.594Z level=INFO msg=redelivery key=pf-s313-graded:1123 partition=0 offset=284 suppressed=false
time=2026-09-03T23:18:23.616Z level=INFO msg=redelivery key=pf-s313-graded:1124 partition=0 offset=285 suppressed=false
time=2026-09-03T23:18:23.639Z level=INFO msg=redelivery key=pf-s313-graded:1126 partition=0 offset=286 suppressed=false
time=2026-09-03T23:18:23.651Z level=INFO msg=redelivery key=pf-s313-graded:1134 partition=0 offset=287 suppressed=false
time=2026-09-03T23:18:23.675Z level=INFO msg=redelivery key=pf-s313-graded:1135 partition=0 offset=288 suppressed=false
time=2026-09-03T23:18:23.695Z level=INFO msg=redelivery key=pf-s313-graded:1137 partition=0 offset=289 suppressed=false
time=2026-09-03T23:18:23.711Z level=INFO msg=redelivery key=pf-s313-graded:1147 partition=0 offset=290 suppressed=false
time=2026-09-03T23:18:23.732Z level=INFO msg=redelivery key=pf-s313-graded:1148 partition=0 offset=291 suppressed=false
time=2026-09-03T23:18:23.754Z level=INFO msg=redelivery key=pf-s313-graded:1150 partition=0 offset=292 suppressed=false
time=2026-09-03T23:18:23.773Z level=INFO msg=redelivery key=pf-s313-graded:1151 partition=0 offset=293 suppressed=false
time=2026-09-03T23:18:23.791Z level=INFO msg=redelivery key=pf-s313-graded:1157 partition=0 offset=294 suppressed=false
time=2026-09-03T23:18:23.815Z level=INFO msg=redelivery key=pf-s313-graded:1158 partition=0 offset=295 suppressed=false
time=2026-09-03T23:18:23.831Z level=INFO msg=redelivery key=pf-s313-graded:1162 partition=0 offset=296 suppressed=false
time=2026-09-03T23:18:25.052Z level=INFO msg="fault injected: rewinding instead of committing" key=pf-s313-graded:1205 partition=1 offset=314 epoch=0
time=2026-09-03T23:18:26.290Z level=INFO msg=redelivery key=pf-s313-graded:1205 partition=1 offset=314 suppressed=false
time=2026-09-03T23:18:26.309Z level=INFO msg=redelivery key=pf-s313-graded:1208 partition=1 offset=315 suppressed=false
time=2026-09-03T23:18:26.328Z level=INFO msg=redelivery key=pf-s313-graded:1214 partition=1 offset=316 suppressed=false
time=2026-09-03T23:18:26.348Z level=INFO msg=redelivery key=pf-s313-graded:1221 partition=1 offset=317 suppressed=false
time=2026-09-03T23:18:26.368Z level=INFO msg=redelivery key=pf-s313-graded:1224 partition=1 offset=318 suppressed=false
time=2026-09-03T23:18:28.467Z level=INFO msg="fault injected: rewinding instead of committing" key=pf-s313-graded:1335 partition=1 offset=346 epoch=0
time=2026-09-03T23:18:28.467Z level=INFO msg="fault injected: rewinding instead of committing" key=pf-s313-graded:1383 partition=0 offset=357 epoch=0
time=2026-09-03T23:18:28.494Z level=INFO msg=redelivery key=pf-s313-graded:1383 partition=0 offset=357 suppressed=false
time=2026-09-03T23:18:28.516Z level=INFO msg=redelivery key=pf-s313-graded:1386 partition=0 offset=358 suppressed=false
time=2026-09-03T23:18:28.857Z level=INFO msg=redelivery key=pf-s313-graded:1335 partition=1 offset=346 suppressed=false
time=2026-09-03T23:18:28.881Z level=INFO msg=redelivery key=pf-s313-graded:1340 partition=1 offset=347 suppressed=false
time=2026-09-03T23:18:28.897Z level=INFO msg=redelivery key=pf-s313-graded:1342 partition=1 offset=348 suppressed=false
time=2026-09-03T23:18:28.917Z level=INFO msg=redelivery key=pf-s313-graded:1348 partition=1 offset=349 suppressed=false
time=2026-09-03T23:18:28.938Z level=INFO msg=redelivery key=pf-s313-graded:1350 partition=1 offset=350 suppressed=false
time=2026-09-03T23:18:28.957Z level=INFO msg=redelivery key=pf-s313-graded:1351 partition=1 offset=351 suppressed=false
time=2026-09-03T23:18:28.977Z level=INFO msg=redelivery key=pf-s313-graded:1357 partition=1 offset=352 suppressed=false
time=2026-09-03T23:18:28.996Z level=INFO msg=redelivery key=pf-s313-graded:1358 partition=1 offset=353 suppressed=false
time=2026-09-03T23:18:29.015Z level=INFO msg=redelivery key=pf-s313-graded:1363 partition=1 offset=354 suppressed=false
time=2026-09-03T23:18:29.034Z level=INFO msg=redelivery key=pf-s313-graded:1370 partition=1 offset=355 suppressed=false
time=2026-09-03T23:18:29.054Z level=INFO msg=redelivery key=pf-s313-graded:1372 partition=1 offset=356 suppressed=false
time=2026-09-03T23:18:29.075Z level=INFO msg=redelivery key=pf-s313-graded:1378 partition=1 offset=357 suppressed=false
time=2026-09-03T23:18:29.097Z level=INFO msg=redelivery key=pf-s313-graded:1384 partition=1 offset=358 suppressed=false
time=2026-09-03T23:18:30.514Z level=INFO msg="fault injected: rewinding instead of committing" key=pf-s313-graded:1412 partition=1 offset=366 epoch=0
time=2026-09-03T23:18:32.217Z level=INFO msg=redelivery key=pf-s313-graded:1412 partition=1 offset=366 suppressed=false
time=2026-09-03T23:18:32.239Z level=INFO msg=redelivery key=pf-s313-graded:1418 partition=1 offset=367 suppressed=false
time=2026-09-03T23:18:32.259Z level=INFO msg=redelivery key=pf-s313-graded:1422 partition=1 offset=368 suppressed=false
time=2026-09-03T23:18:32.281Z level=INFO msg=redelivery key=pf-s313-graded:1423 partition=1 offset=369 suppressed=false
time=2026-09-03T23:18:32.297Z level=INFO msg=redelivery key=pf-s313-graded:1424 partition=1 offset=370 suppressed=false
time=2026-09-03T23:18:32.317Z level=INFO msg=redelivery key=pf-s313-graded:1430 partition=1 offset=371 suppressed=false
time=2026-09-03T23:18:32.344Z level=INFO msg=redelivery key=pf-s313-graded:1431 partition=1 offset=372 suppressed=false
time=2026-09-03T23:18:32.361Z level=INFO msg=redelivery key=pf-s313-graded:1432 partition=1 offset=373 suppressed=false
time=2026-09-03T23:18:32.379Z level=INFO msg=redelivery key=pf-s313-graded:1434 partition=1 offset=374 suppressed=false
time=2026-09-03T23:18:32.398Z level=INFO msg=redelivery key=pf-s313-graded:1442 partition=1 offset=375 suppressed=false
time=2026-09-03T23:18:32.418Z level=INFO msg=redelivery key=pf-s313-graded:1446 partition=1 offset=376 suppressed=false
time=2026-09-03T23:18:32.438Z level=INFO msg=redelivery key=pf-s313-graded:1451 partition=1 offset=377 suppressed=false
time=2026-09-03T23:18:32.457Z level=INFO msg=redelivery key=pf-s313-graded:1452 partition=1 offset=378 suppressed=false
time=2026-09-03T23:18:32.477Z level=INFO msg=redelivery key=pf-s313-graded:1453 partition=1 offset=379 suppressed=false
time=2026-09-03T23:18:32.498Z level=INFO msg=redelivery key=pf-s313-graded:1459 partition=1 offset=380 suppressed=false
time=2026-09-03T23:18:32.518Z level=INFO msg=redelivery key=pf-s313-graded:1461 partition=1 offset=381 suppressed=false
time=2026-09-03T23:18:32.539Z level=INFO msg=redelivery key=pf-s313-graded:1462 partition=1 offset=382 suppressed=false
time=2026-09-03T23:18:32.560Z level=INFO msg=redelivery key=pf-s313-graded:1467 partition=1 offset=383 suppressed=false
time=2026-09-03T23:18:32.581Z level=INFO msg=redelivery key=pf-s313-graded:1468 partition=1 offset=384 suppressed=false
time=2026-09-03T23:18:32.597Z level=INFO msg=redelivery key=pf-s313-graded:1469 partition=1 offset=385 suppressed=false
time=2026-09-03T23:18:32.978Z level=INFO msg="fault injected: rewinding instead of committing" key=pf-s313-graded:1474 partition=2 offset=712 epoch=0
time=2026-09-03T23:18:32.979Z level=INFO msg="fault injected: rewinding instead of committing" key=pf-s313-graded:1570 partition=0 offset=404 epoch=0
time=2026-09-03T23:18:33.719Z level=INFO msg=redelivery key=pf-s313-graded:1474 partition=2 offset=712 suppressed=false
time=2026-09-03T23:18:33.741Z level=INFO msg=redelivery key=pf-s313-graded:1476 partition=2 offset=713 suppressed=false
time=2026-09-03T23:18:33.758Z level=INFO msg=redelivery key=pf-s313-graded:1479 partition=2 offset=714 suppressed=false
time=2026-09-03T23:18:33.780Z level=INFO msg=redelivery key=pf-s313-graded:1480 partition=2 offset=715 suppressed=false
time=2026-09-03T23:18:33.798Z level=INFO msg=redelivery key=pf-s313-graded:1481 partition=2 offset=716 suppressed=false
time=2026-09-03T23:18:33.819Z level=INFO msg=redelivery key=pf-s313-graded:1484 partition=2 offset=717 suppressed=false
time=2026-09-03T23:18:33.839Z level=INFO msg=redelivery key=pf-s313-graded:1489 partition=2 offset=718 suppressed=false
time=2026-09-03T23:18:33.858Z level=INFO msg=redelivery key=pf-s313-graded:1491 partition=2 offset=719 suppressed=false
time=2026-09-03T23:18:33.882Z level=INFO msg=redelivery key=pf-s313-graded:1493 partition=2 offset=720 suppressed=false
time=2026-09-03T23:18:33.899Z level=INFO msg=redelivery key=pf-s313-graded:1494 partition=2 offset=721 suppressed=false
time=2026-09-03T23:18:33.918Z level=INFO msg=redelivery key=pf-s313-graded:1495 partition=2 offset=722 suppressed=false
time=2026-09-03T23:18:33.941Z level=INFO msg=redelivery key=pf-s313-graded:1497 partition=2 offset=723 suppressed=false
time=2026-09-03T23:18:33.960Z level=INFO msg=redelivery key=pf-s313-graded:1498 partition=2 offset=724 suppressed=false
time=2026-09-03T23:18:33.978Z level=INFO msg=redelivery key=pf-s313-graded:1499 partition=2 offset=725 suppressed=false
time=2026-09-03T23:18:33.998Z level=INFO msg=redelivery key=pf-s313-graded:1502 partition=2 offset=726 suppressed=false
time=2026-09-03T23:18:34.021Z level=INFO msg=redelivery key=pf-s313-graded:1504 partition=2 offset=727 suppressed=false
time=2026-09-03T23:18:34.040Z level=INFO msg=redelivery key=pf-s313-graded:1508 partition=2 offset=728 suppressed=false
time=2026-09-03T23:18:34.059Z level=INFO msg=redelivery key=pf-s313-graded:1511 partition=2 offset=729 suppressed=false
time=2026-09-03T23:18:34.078Z level=INFO msg=redelivery key=pf-s313-graded:1514 partition=2 offset=730 suppressed=false
time=2026-09-03T23:18:34.099Z level=INFO msg=redelivery key=pf-s313-graded:1515 partition=2 offset=731 suppressed=false
time=2026-09-03T23:18:34.119Z level=INFO msg=redelivery key=pf-s313-graded:1517 partition=2 offset=732 suppressed=false
time=2026-09-03T23:18:34.139Z level=INFO msg=redelivery key=pf-s313-graded:1519 partition=2 offset=733 suppressed=false
time=2026-09-03T23:18:34.158Z level=INFO msg=redelivery key=pf-s313-graded:1520 partition=2 offset=734 suppressed=false
time=2026-09-03T23:18:34.181Z level=INFO msg=redelivery key=pf-s313-graded:1523 partition=2 offset=735 suppressed=false
time=2026-09-03T23:18:34.198Z level=INFO msg=redelivery key=pf-s313-graded:1524 partition=2 offset=736 suppressed=false
time=2026-09-03T23:18:34.218Z level=INFO msg=redelivery key=pf-s313-graded:1525 partition=2 offset=737 suppressed=false
time=2026-09-03T23:18:34.241Z level=INFO msg=redelivery key=pf-s313-graded:1526 partition=2 offset=738 suppressed=false
time=2026-09-03T23:18:34.258Z level=INFO msg=redelivery key=pf-s313-graded:1527 partition=2 offset=739 suppressed=false
time=2026-09-03T23:18:34.280Z level=INFO msg=redelivery key=pf-s313-graded:1528 partition=2 offset=740 suppressed=false
time=2026-09-03T23:18:34.298Z level=INFO msg=redelivery key=pf-s313-graded:1529 partition=2 offset=741 suppressed=false
time=2026-09-03T23:18:34.323Z level=INFO msg=redelivery key=pf-s313-graded:1530 partition=2 offset=742 suppressed=false
time=2026-09-03T23:18:34.338Z level=INFO msg=redelivery key=pf-s313-graded:1533 partition=2 offset=743 suppressed=false
time=2026-09-03T23:18:34.360Z level=INFO msg=redelivery key=pf-s313-graded:1534 partition=2 offset=744 suppressed=false
time=2026-09-03T23:18:34.380Z level=INFO msg=redelivery key=pf-s313-graded:1535 partition=2 offset=745 suppressed=false
time=2026-09-03T23:18:34.400Z level=INFO msg=redelivery key=pf-s313-graded:1536 partition=2 offset=746 suppressed=false
time=2026-09-03T23:18:34.418Z level=INFO msg=redelivery key=pf-s313-graded:1538 partition=2 offset=747 suppressed=false
time=2026-09-03T23:18:34.439Z level=INFO msg=redelivery key=pf-s313-graded:1540 partition=2 offset=748 suppressed=false
time=2026-09-03T23:18:34.458Z level=INFO msg=redelivery key=pf-s313-graded:1543 partition=2 offset=749 suppressed=false
time=2026-09-03T23:18:34.478Z level=INFO msg=redelivery key=pf-s313-graded:1546 partition=2 offset=750 suppressed=false
time=2026-09-03T23:18:34.499Z level=INFO msg=redelivery key=pf-s313-graded:1547 partition=2 offset=751 suppressed=false
time=2026-09-03T23:18:34.520Z level=INFO msg=redelivery key=pf-s313-graded:1548 partition=2 offset=752 suppressed=false
time=2026-09-03T23:18:34.538Z level=INFO msg=redelivery key=pf-s313-graded:1549 partition=2 offset=753 suppressed=false
time=2026-09-03T23:18:34.558Z level=INFO msg=redelivery key=pf-s313-graded:1550 partition=2 offset=754 suppressed=false
time=2026-09-03T23:18:34.578Z level=INFO msg=redelivery key=pf-s313-graded:1552 partition=2 offset=755 suppressed=false
time=2026-09-03T23:18:34.598Z level=INFO msg=redelivery key=pf-s313-graded:1553 partition=2 offset=756 suppressed=false
time=2026-09-03T23:18:34.620Z level=INFO msg=redelivery key=pf-s313-graded:1559 partition=2 offset=757 suppressed=false
time=2026-09-03T23:18:34.638Z level=INFO msg=redelivery key=pf-s313-graded:1565 partition=2 offset=758 suppressed=false
time=2026-09-03T23:18:34.660Z level=INFO msg=redelivery key=pf-s313-graded:1567 partition=2 offset=759 suppressed=false
time=2026-09-03T23:18:34.678Z level=INFO msg=redelivery key=pf-s313-graded:1569 partition=2 offset=760 suppressed=false
time=2026-09-03T23:18:34.699Z level=INFO msg=redelivery key=pf-s313-graded:1574 partition=2 offset=761 suppressed=false
time=2026-09-03T23:18:35.839Z level=INFO msg=redelivery key=pf-s313-graded:1570 partition=0 offset=404 suppressed=false
time=2026-09-03T23:18:35.860Z level=INFO msg=redelivery key=pf-s313-graded:1572 partition=0 offset=405 suppressed=false
time=2026-09-03T23:18:35.878Z level=INFO msg=redelivery key=pf-s313-graded:1573 partition=0 offset=406 suppressed=false
time=2026-09-03T23:18:35.904Z level=INFO msg=redelivery key=pf-s313-graded:1575 partition=0 offset=407 suppressed=false
time=2026-09-03T23:18:36.542Z level=INFO msg="fault injected: rewinding instead of committing" key=pf-s313-graded:1673 partition=2 offset=802 epoch=0
time=2026-09-03T23:18:36.542Z level=INFO msg="fault injected: rewinding instead of committing" key=pf-s313-graded:1606 partition=0 offset=416 epoch=0
time=2026-09-03T23:18:36.583Z level=INFO msg=redelivery key=pf-s313-graded:1606 partition=0 offset=416 suppressed=false
time=2026-09-03T23:18:36.604Z level=INFO msg=redelivery key=pf-s313-graded:1613 partition=0 offset=417 suppressed=false
time=2026-09-03T23:18:36.624Z level=INFO msg=redelivery key=pf-s313-graded:1615 partition=0 offset=418 suppressed=false
time=2026-09-03T23:18:36.644Z level=INFO msg=redelivery key=pf-s313-graded:1624 partition=0 offset=419 suppressed=false
time=2026-09-03T23:18:36.666Z level=INFO msg=redelivery key=pf-s313-graded:1626 partition=0 offset=420 suppressed=false
time=2026-09-03T23:18:36.685Z level=INFO msg=redelivery key=pf-s313-graded:1627 partition=0 offset=421 suppressed=false
time=2026-09-03T23:18:36.704Z level=INFO msg=redelivery key=pf-s313-graded:1629 partition=0 offset=422 suppressed=false
time=2026-09-03T23:18:36.724Z level=INFO msg=redelivery key=pf-s313-graded:1636 partition=0 offset=423 suppressed=false
time=2026-09-03T23:18:36.744Z level=INFO msg=redelivery key=pf-s313-graded:1641 partition=0 offset=424 suppressed=false
time=2026-09-03T23:18:36.764Z level=INFO msg=redelivery key=pf-s313-graded:1643 partition=0 offset=425 suppressed=false
time=2026-09-03T23:18:36.784Z level=INFO msg=redelivery key=pf-s313-graded:1645 partition=0 offset=426 suppressed=false
time=2026-09-03T23:18:36.804Z level=INFO msg=redelivery key=pf-s313-graded:1646 partition=0 offset=427 suppressed=false
time=2026-09-03T23:18:36.824Z level=INFO msg=redelivery key=pf-s313-graded:1650 partition=0 offset=428 suppressed=false
time=2026-09-03T23:18:36.844Z level=INFO msg=redelivery key=pf-s313-graded:1657 partition=0 offset=429 suppressed=false
time=2026-09-03T23:18:36.864Z level=INFO msg=redelivery key=pf-s313-graded:1658 partition=0 offset=430 suppressed=false
time=2026-09-03T23:18:36.886Z level=INFO msg=redelivery key=pf-s313-graded:1659 partition=0 offset=431 suppressed=false
time=2026-09-03T23:18:36.908Z level=INFO msg=redelivery key=pf-s313-graded:1664 partition=0 offset=432 suppressed=false
time=2026-09-03T23:18:36.924Z level=INFO msg=redelivery key=pf-s313-graded:1671 partition=0 offset=433 suppressed=false
time=2026-09-03T23:18:36.946Z level=INFO msg=redelivery key=pf-s313-graded:1672 partition=0 offset=434 suppressed=false
time=2026-09-03T23:18:36.966Z level=INFO msg=redelivery key=pf-s313-graded:1682 partition=0 offset=435 suppressed=false
time=2026-09-03T23:18:36.985Z level=INFO msg=redelivery key=pf-s313-graded:1683 partition=0 offset=436 suppressed=false
time=2026-09-03T23:18:37.005Z level=INFO msg=redelivery key=pf-s313-graded:1686 partition=0 offset=437 suppressed=false
time=2026-09-03T23:18:37.025Z level=INFO msg=redelivery key=pf-s313-graded:1687 partition=0 offset=438 suppressed=false
time=2026-09-03T23:18:37.047Z level=INFO msg=redelivery key=pf-s313-graded:1698 partition=0 offset=439 suppressed=false
time=2026-09-03T23:18:38.928Z level=INFO msg=redelivery key=pf-s313-graded:1673 partition=2 offset=802 suppressed=false
time=2026-09-03T23:18:38.944Z level=INFO msg=redelivery key=pf-s313-graded:1674 partition=2 offset=803 suppressed=false
time=2026-09-03T23:18:38.963Z level=INFO msg=redelivery key=pf-s313-graded:1676 partition=2 offset=804 suppressed=false
time=2026-09-03T23:18:38.984Z level=INFO msg=redelivery key=pf-s313-graded:1677 partition=2 offset=805 suppressed=false
time=2026-09-03T23:18:39.004Z level=INFO msg=redelivery key=pf-s313-graded:1678 partition=2 offset=806 suppressed=false
time=2026-09-03T23:18:39.024Z level=INFO msg=redelivery key=pf-s313-graded:1679 partition=2 offset=807 suppressed=false
time=2026-09-03T23:18:39.044Z level=INFO msg=redelivery key=pf-s313-graded:1680 partition=2 offset=808 suppressed=false
time=2026-09-03T23:18:39.064Z level=INFO msg=redelivery key=pf-s313-graded:1681 partition=2 offset=809 suppressed=false
time=2026-09-03T23:18:39.087Z level=INFO msg=redelivery key=pf-s313-graded:1684 partition=2 offset=810 suppressed=false
time=2026-09-03T23:18:39.104Z level=INFO msg=redelivery key=pf-s313-graded:1685 partition=2 offset=811 suppressed=false
time=2026-09-03T23:18:39.124Z level=INFO msg=redelivery key=pf-s313-graded:1688 partition=2 offset=812 suppressed=false
time=2026-09-03T23:18:39.144Z level=INFO msg=redelivery key=pf-s313-graded:1691 partition=2 offset=813 suppressed=false
time=2026-09-03T23:18:39.165Z level=INFO msg=redelivery key=pf-s313-graded:1692 partition=2 offset=814 suppressed=false
time=2026-09-03T23:18:39.185Z level=INFO msg=redelivery key=pf-s313-graded:1694 partition=2 offset=815 suppressed=false
time=2026-09-03T23:18:39.205Z level=INFO msg=redelivery key=pf-s313-graded:1696 partition=2 offset=816 suppressed=false
time=2026-09-03T23:18:39.224Z level=INFO msg=redelivery key=pf-s313-graded:1697 partition=2 offset=817 suppressed=false
time=2026-09-03T23:18:40.924Z level=INFO msg="fault injected: rewinding instead of committing" key=pf-s313-graded:1837 partition=0 offset=472 epoch=0
time=2026-09-03T23:18:40.924Z level=INFO msg="fault injected: rewinding instead of committing" key=pf-s313-graded:1751 partition=2 offset=839 epoch=0
time=2026-09-03T23:18:40.945Z level=INFO msg=redelivery key=pf-s313-graded:1751 partition=2 offset=839 suppressed=false
time=2026-09-03T23:18:40.964Z level=INFO msg=redelivery key=pf-s313-graded:1754 partition=2 offset=840 suppressed=false
time=2026-09-03T23:18:40.984Z level=INFO msg=redelivery key=pf-s313-graded:1755 partition=2 offset=841 suppressed=false
time=2026-09-03T23:18:41.004Z level=INFO msg=redelivery key=pf-s313-graded:1758 partition=2 offset=842 suppressed=false
time=2026-09-03T23:18:41.025Z level=INFO msg=redelivery key=pf-s313-graded:1762 partition=2 offset=843 suppressed=false
time=2026-09-03T23:18:41.045Z level=INFO msg=redelivery key=pf-s313-graded:1763 partition=2 offset=844 suppressed=false
time=2026-09-03T23:18:41.065Z level=INFO msg=redelivery key=pf-s313-graded:1765 partition=2 offset=845 suppressed=false
time=2026-09-03T23:18:41.085Z level=INFO msg=redelivery key=pf-s313-graded:1767 partition=2 offset=846 suppressed=false
time=2026-09-03T23:18:41.104Z level=INFO msg=redelivery key=pf-s313-graded:1769 partition=2 offset=847 suppressed=false
time=2026-09-03T23:18:41.125Z level=INFO msg=redelivery key=pf-s313-graded:1771 partition=2 offset=848 suppressed=false
time=2026-09-03T23:18:41.145Z level=INFO msg=redelivery key=pf-s313-graded:1772 partition=2 offset=849 suppressed=false
time=2026-09-03T23:18:41.166Z level=INFO msg=redelivery key=pf-s313-graded:1773 partition=2 offset=850 suppressed=false
time=2026-09-03T23:18:41.184Z level=INFO msg=redelivery key=pf-s313-graded:1774 partition=2 offset=851 suppressed=false
time=2026-09-03T23:18:41.204Z level=INFO msg=redelivery key=pf-s313-graded:1775 partition=2 offset=852 suppressed=false
time=2026-09-03T23:18:41.225Z level=INFO msg=redelivery key=pf-s313-graded:1776 partition=2 offset=853 suppressed=false
time=2026-09-03T23:18:41.247Z level=INFO msg=redelivery key=pf-s313-graded:1779 partition=2 offset=854 suppressed=false
time=2026-09-03T23:18:41.264Z level=INFO msg=redelivery key=pf-s313-graded:1780 partition=2 offset=855 suppressed=false
time=2026-09-03T23:18:41.288Z level=INFO msg=redelivery key=pf-s313-graded:1783 partition=2 offset=856 suppressed=false
time=2026-09-03T23:18:41.304Z level=INFO msg=redelivery key=pf-s313-graded:1784 partition=2 offset=857 suppressed=false
time=2026-09-03T23:18:41.324Z level=INFO msg=redelivery key=pf-s313-graded:1789 partition=2 offset=858 suppressed=false
time=2026-09-03T23:18:41.344Z level=INFO msg=redelivery key=pf-s313-graded:1790 partition=2 offset=859 suppressed=false
time=2026-09-03T23:18:41.365Z level=INFO msg=redelivery key=pf-s313-graded:1791 partition=2 offset=860 suppressed=false
time=2026-09-03T23:18:41.384Z level=INFO msg=redelivery key=pf-s313-graded:1792 partition=2 offset=861 suppressed=false
time=2026-09-03T23:18:41.404Z level=INFO msg=redelivery key=pf-s313-graded:1793 partition=2 offset=862 suppressed=false
time=2026-09-03T23:18:41.424Z level=INFO msg=redelivery key=pf-s313-graded:1795 partition=2 offset=863 suppressed=false
time=2026-09-03T23:18:41.444Z level=INFO msg=redelivery key=pf-s313-graded:1798 partition=2 offset=864 suppressed=false
time=2026-09-03T23:18:41.464Z level=INFO msg=redelivery key=pf-s313-graded:1800 partition=2 offset=865 suppressed=false
time=2026-09-03T23:18:41.484Z level=INFO msg=redelivery key=pf-s313-graded:1802 partition=2 offset=866 suppressed=false
time=2026-09-03T23:18:41.504Z level=INFO msg=redelivery key=pf-s313-graded:1803 partition=2 offset=867 suppressed=false
time=2026-09-03T23:18:41.524Z level=INFO msg=redelivery key=pf-s313-graded:1808 partition=2 offset=868 suppressed=false
time=2026-09-03T23:18:41.544Z level=INFO msg=redelivery key=pf-s313-graded:1809 partition=2 offset=869 suppressed=false
time=2026-09-03T23:18:41.564Z level=INFO msg=redelivery key=pf-s313-graded:1811 partition=2 offset=870 suppressed=false
time=2026-09-03T23:18:41.585Z level=INFO msg=redelivery key=pf-s313-graded:1812 partition=2 offset=871 suppressed=false
time=2026-09-03T23:18:41.604Z level=INFO msg=redelivery key=pf-s313-graded:1813 partition=2 offset=872 suppressed=false
time=2026-09-03T23:18:41.626Z level=INFO msg=redelivery key=pf-s313-graded:1818 partition=2 offset=873 suppressed=false
time=2026-09-03T23:18:41.644Z level=INFO msg=redelivery key=pf-s313-graded:1820 partition=2 offset=874 suppressed=false
time=2026-09-03T23:18:41.664Z level=INFO msg=redelivery key=pf-s313-graded:1821 partition=2 offset=875 suppressed=false
time=2026-09-03T23:18:41.684Z level=INFO msg=redelivery key=pf-s313-graded:1829 partition=2 offset=876 suppressed=false
time=2026-09-03T23:18:41.704Z level=INFO msg=redelivery key=pf-s313-graded:1831 partition=2 offset=877 suppressed=false
time=2026-09-03T23:18:41.727Z level=INFO msg=redelivery key=pf-s313-graded:1833 partition=2 offset=878 suppressed=false
time=2026-09-03T23:18:41.745Z level=INFO msg=redelivery key=pf-s313-graded:1836 partition=2 offset=879 suppressed=false
time=2026-09-03T23:18:41.765Z level=INFO msg=redelivery key=pf-s313-graded:1838 partition=2 offset=880 suppressed=false
time=2026-09-03T23:18:41.784Z level=INFO msg=redelivery key=pf-s313-graded:1841 partition=2 offset=881 suppressed=false
time=2026-09-03T23:18:41.806Z level=INFO msg=redelivery key=pf-s313-graded:1844 partition=2 offset=882 suppressed=false
time=2026-09-03T23:18:41.824Z level=INFO msg=redelivery key=pf-s313-graded:1846 partition=2 offset=883 suppressed=false
time=2026-09-03T23:18:41.844Z level=INFO msg=redelivery key=pf-s313-graded:1848 partition=2 offset=884 suppressed=false
time=2026-09-03T23:18:41.865Z level=INFO msg=redelivery key=pf-s313-graded:1849 partition=2 offset=885 suppressed=false
time=2026-09-03T23:18:41.883Z level=INFO msg=redelivery key=pf-s313-graded:1855 partition=2 offset=886 suppressed=false
time=2026-09-03T23:18:41.904Z level=INFO msg=redelivery key=pf-s313-graded:1856 partition=2 offset=887 suppressed=false
time=2026-09-03T23:18:41.924Z level=INFO msg=redelivery key=pf-s313-graded:1857 partition=2 offset=888 suppressed=false
time=2026-09-03T23:18:41.945Z level=INFO msg=redelivery key=pf-s313-graded:1858 partition=2 offset=889 suppressed=false
time=2026-09-03T23:18:41.963Z level=INFO msg=redelivery key=pf-s313-graded:1860 partition=2 offset=890 suppressed=false
time=2026-09-03T23:18:41.984Z level=INFO msg=redelivery key=pf-s313-graded:1861 partition=2 offset=891 suppressed=false
time=2026-09-03T23:18:42.004Z level=INFO msg=redelivery key=pf-s313-graded:1863 partition=2 offset=892 suppressed=false
time=2026-09-03T23:18:42.024Z level=INFO msg=redelivery key=pf-s313-graded:1864 partition=2 offset=893 suppressed=false
time=2026-09-03T23:18:42.044Z level=INFO msg=redelivery key=pf-s313-graded:1865 partition=2 offset=894 suppressed=false
time=2026-09-03T23:18:42.064Z level=INFO msg=redelivery key=pf-s313-graded:1866 partition=2 offset=895 suppressed=false
time=2026-09-03T23:18:42.084Z level=INFO msg=redelivery key=pf-s313-graded:1867 partition=2 offset=896 suppressed=false
time=2026-09-03T23:18:42.104Z level=INFO msg=redelivery key=pf-s313-graded:1870 partition=2 offset=897 suppressed=false
time=2026-09-03T23:18:42.124Z level=INFO msg=redelivery key=pf-s313-graded:1871 partition=2 offset=898 suppressed=false
time=2026-09-03T23:18:42.144Z level=INFO msg=redelivery key=pf-s313-graded:1872 partition=2 offset=899 suppressed=false
time=2026-09-03T23:18:42.164Z level=INFO msg=redelivery key=pf-s313-graded:1873 partition=2 offset=900 suppressed=false
time=2026-09-03T23:18:42.185Z level=INFO msg=redelivery key=pf-s313-graded:1874 partition=2 offset=901 suppressed=false
time=2026-09-03T23:18:42.204Z level=INFO msg=redelivery key=pf-s313-graded:1875 partition=2 offset=902 suppressed=false
time=2026-09-03T23:18:44.424Z level=INFO msg=redelivery key=pf-s313-graded:1837 partition=0 offset=472 suppressed=false
time=2026-09-03T23:18:44.444Z level=INFO msg=redelivery key=pf-s313-graded:1839 partition=0 offset=473 suppressed=false
time=2026-09-03T23:18:44.463Z level=INFO msg=redelivery key=pf-s313-graded:1840 partition=0 offset=474 suppressed=false
time=2026-09-03T23:18:44.484Z level=INFO msg=redelivery key=pf-s313-graded:1843 partition=0 offset=475 suppressed=false
time=2026-09-03T23:18:44.504Z level=INFO msg=redelivery key=pf-s313-graded:1850 partition=0 offset=476 suppressed=false
time=2026-09-03T23:18:44.524Z level=INFO msg=redelivery key=pf-s313-graded:1851 partition=0 offset=477 suppressed=false
time=2026-09-03T23:18:44.544Z level=INFO msg=redelivery key=pf-s313-graded:1854 partition=0 offset=478 suppressed=false
time=2026-09-03T23:18:44.564Z level=INFO msg=redelivery key=pf-s313-graded:1859 partition=0 offset=479 suppressed=false
time=2026-09-03T23:18:44.584Z level=INFO msg=redelivery key=pf-s313-graded:1862 partition=0 offset=480 suppressed=false
time=2026-09-03T23:18:44.604Z level=INFO msg=redelivery key=pf-s313-graded:1876 partition=0 offset=481 suppressed=false
time=2026-09-03T23:18:46.785Z level=INFO msg="fault injected: rewinding instead of committing" key=pf-s313-graded:2006 partition=2 offset=967 epoch=0
time=2026-09-03T23:18:48.044Z level=INFO msg=redelivery key=pf-s313-graded:2006 partition=2 offset=967 suppressed=false
time=2026-09-03T23:18:48.064Z level=INFO msg=redelivery key=pf-s313-graded:2007 partition=2 offset=968 suppressed=false
time=2026-09-03T23:18:48.084Z level=INFO msg=redelivery key=pf-s313-graded:2008 partition=2 offset=969 suppressed=false
time=2026-09-03T23:18:48.104Z level=INFO msg=redelivery key=pf-s313-graded:2010 partition=2 offset=970 suppressed=false
time=2026-09-03T23:18:48.124Z level=INFO msg=redelivery key=pf-s313-graded:2012 partition=2 offset=971 suppressed=false
time=2026-09-03T23:18:48.144Z level=INFO msg=redelivery key=pf-s313-graded:2013 partition=2 offset=972 suppressed=false
time=2026-09-03T23:18:48.164Z level=INFO msg=redelivery key=pf-s313-graded:2015 partition=2 offset=973 suppressed=false
time=2026-09-03T23:18:48.184Z level=INFO msg=redelivery key=pf-s313-graded:2017 partition=2 offset=974 suppressed=false
time=2026-09-03T23:18:48.204Z level=INFO msg=redelivery key=pf-s313-graded:2020 partition=2 offset=975 suppressed=false
time=2026-09-03T23:18:48.224Z level=INFO msg=redelivery key=pf-s313-graded:2021 partition=2 offset=976 suppressed=false
time=2026-09-03T23:18:48.244Z level=INFO msg=redelivery key=pf-s313-graded:2023 partition=2 offset=977 suppressed=false
time=2026-09-03T23:18:48.264Z level=INFO msg=redelivery key=pf-s313-graded:2024 partition=2 offset=978 suppressed=false
time=2026-09-03T23:18:48.284Z level=INFO msg=redelivery key=pf-s313-graded:2026 partition=2 offset=979 suppressed=false
time=2026-09-03T23:18:48.304Z level=INFO msg=redelivery key=pf-s313-graded:2027 partition=2 offset=980 suppressed=false
time=2026-09-03T23:18:48.324Z level=INFO msg=redelivery key=pf-s313-graded:2033 partition=2 offset=981 suppressed=false
time=2026-09-03T23:18:48.344Z level=INFO msg=redelivery key=pf-s313-graded:2035 partition=2 offset=982 suppressed=false
time=2026-09-03T23:18:48.364Z level=INFO msg=redelivery key=pf-s313-graded:2036 partition=2 offset=983 suppressed=false
time=2026-09-03T23:18:48.384Z level=INFO msg=redelivery key=pf-s313-graded:2040 partition=2 offset=984 suppressed=false
time=2026-09-03T23:18:48.404Z level=INFO msg=redelivery key=pf-s313-graded:2041 partition=2 offset=985 suppressed=false
time=2026-09-03T23:18:48.424Z level=INFO msg=redelivery key=pf-s313-graded:2042 partition=2 offset=986 suppressed=false
time=2026-09-03T23:18:48.444Z level=INFO msg=redelivery key=pf-s313-graded:2043 partition=2 offset=987 suppressed=false
time=2026-09-03T23:18:48.464Z level=INFO msg=redelivery key=pf-s313-graded:2044 partition=2 offset=988 suppressed=false
time=2026-09-03T23:18:48.484Z level=INFO msg=redelivery key=pf-s313-graded:2048 partition=2 offset=989 suppressed=false
time=2026-09-03T23:18:48.503Z level=INFO msg=redelivery key=pf-s313-graded:2051 partition=2 offset=990 suppressed=false
time=2026-09-03T23:18:48.524Z level=INFO msg=redelivery key=pf-s313-graded:2054 partition=2 offset=991 suppressed=false
time=2026-09-03T23:18:48.544Z level=INFO msg=redelivery key=pf-s313-graded:2055 partition=2 offset=992 suppressed=false
time=2026-09-03T23:18:48.564Z level=INFO msg=redelivery key=pf-s313-graded:2058 partition=2 offset=993 suppressed=false
time=2026-09-03T23:18:48.584Z level=INFO msg=redelivery key=pf-s313-graded:2059 partition=2 offset=994 suppressed=false
time=2026-09-03T23:18:48.604Z level=INFO msg=redelivery key=pf-s313-graded:2060 partition=2 offset=995 suppressed=false
time=2026-09-03T23:18:48.624Z level=INFO msg=redelivery key=pf-s313-graded:2061 partition=2 offset=996 suppressed=false
time=2026-09-03T23:18:48.645Z level=INFO msg=redelivery key=pf-s313-graded:2062 partition=2 offset=997 suppressed=false
time=2026-09-03T23:18:48.663Z level=INFO msg=redelivery key=pf-s313-graded:2063 partition=2 offset=998 suppressed=false
time=2026-09-03T23:18:48.684Z level=INFO msg=redelivery key=pf-s313-graded:2068 partition=2 offset=999 suppressed=false
time=2026-09-03T23:18:48.704Z level=INFO msg=redelivery key=pf-s313-graded:2069 partition=2 offset=1000 suppressed=false
time=2026-09-03T23:18:48.724Z level=INFO msg=redelivery key=pf-s313-graded:2070 partition=2 offset=1001 suppressed=false
time=2026-09-03T23:18:48.746Z level=INFO msg=redelivery key=pf-s313-graded:2071 partition=2 offset=1002 suppressed=false
time=2026-09-03T23:18:48.764Z level=INFO msg=redelivery key=pf-s313-graded:2072 partition=2 offset=1003 suppressed=false
time=2026-09-03T23:18:48.784Z level=INFO msg=redelivery key=pf-s313-graded:2075 partition=2 offset=1004 suppressed=false
time=2026-09-03T23:18:48.804Z level=INFO msg=redelivery key=pf-s313-graded:2076 partition=2 offset=1005 suppressed=false
time=2026-09-03T23:18:48.824Z level=INFO msg=redelivery key=pf-s313-graded:2077 partition=2 offset=1006 suppressed=false
time=2026-09-03T23:18:48.844Z level=INFO msg=redelivery key=pf-s313-graded:2078 partition=2 offset=1007 suppressed=false
time=2026-09-03T23:18:48.864Z level=INFO msg=redelivery key=pf-s313-graded:2079 partition=2 offset=1008 suppressed=false
time=2026-09-03T23:18:48.885Z level=INFO msg=redelivery key=pf-s313-graded:2081 partition=2 offset=1009 suppressed=false
time=2026-09-03T23:18:48.904Z level=INFO msg=redelivery key=pf-s313-graded:2084 partition=2 offset=1010 suppressed=false
time=2026-09-03T23:18:48.924Z level=INFO msg=redelivery key=pf-s313-graded:2085 partition=2 offset=1011 suppressed=false
time=2026-09-03T23:18:48.944Z level=INFO msg=redelivery key=pf-s313-graded:2091 partition=2 offset=1012 suppressed=false
time=2026-09-03T23:18:53.565Z level=INFO msg="fault injected: rewinding instead of committing" key=pf-s313-graded:2272 partition=1 offset=580 epoch=0
time=2026-09-03T23:18:53.565Z level=INFO msg="fault injected: rewinding instead of committing" key=pf-s313-graded:2306 partition=2 offset=1127 epoch=0
time=2026-09-03T23:18:55.364Z level=INFO msg=redelivery key=pf-s313-graded:2272 partition=1 offset=580 suppressed=false
time=2026-09-03T23:18:55.384Z level=INFO msg=redelivery key=pf-s313-graded:2281 partition=1 offset=581 suppressed=false
time=2026-09-03T23:18:55.404Z level=INFO msg=redelivery key=pf-s313-graded:2287 partition=1 offset=582 suppressed=false
time=2026-09-03T23:18:55.424Z level=INFO msg=redelivery key=pf-s313-graded:2289 partition=1 offset=583 suppressed=false
time=2026-09-03T23:18:55.443Z level=INFO msg=redelivery key=pf-s313-graded:2291 partition=1 offset=584 suppressed=false
time=2026-09-03T23:18:55.464Z level=INFO msg=redelivery key=pf-s313-graded:2296 partition=1 offset=585 suppressed=false
time=2026-09-03T23:18:55.484Z level=INFO msg=redelivery key=pf-s313-graded:2299 partition=1 offset=586 suppressed=false
time=2026-09-03T23:18:55.504Z level=INFO msg=redelivery key=pf-s313-graded:2300 partition=1 offset=587 suppressed=false
time=2026-09-03T23:18:55.524Z level=INFO msg=redelivery key=pf-s313-graded:2305 partition=1 offset=588 suppressed=false
time=2026-09-03T23:18:55.543Z level=INFO msg=redelivery key=pf-s313-graded:2312 partition=1 offset=589 suppressed=false
time=2026-09-03T23:18:55.564Z level=INFO msg=redelivery key=pf-s313-graded:2317 partition=1 offset=590 suppressed=false
time=2026-09-03T23:18:55.584Z level=INFO msg=redelivery key=pf-s313-graded:2321 partition=1 offset=591 suppressed=false
time=2026-09-03T23:18:55.604Z level=INFO msg=redelivery key=pf-s313-graded:2322 partition=1 offset=592 suppressed=false
time=2026-09-03T23:18:55.624Z level=INFO msg=redelivery key=pf-s313-graded:2323 partition=1 offset=593 suppressed=false
time=2026-09-03T23:18:55.644Z level=INFO msg=redelivery key=pf-s313-graded:2329 partition=1 offset=594 suppressed=false
time=2026-09-03T23:18:55.664Z level=INFO msg=redelivery key=pf-s313-graded:2330 partition=1 offset=595 suppressed=false
time=2026-09-03T23:18:55.684Z level=INFO msg=redelivery key=pf-s313-graded:2331 partition=1 offset=596 suppressed=false
time=2026-09-03T23:18:55.704Z level=INFO msg=redelivery key=pf-s313-graded:2336 partition=1 offset=597 suppressed=false
time=2026-09-03T23:18:55.724Z level=INFO msg=redelivery key=pf-s313-graded:2337 partition=1 offset=598 suppressed=false
time=2026-09-03T23:18:55.744Z level=INFO msg=redelivery key=pf-s313-graded:2357 partition=1 offset=599 suppressed=false
time=2026-09-03T23:18:55.764Z level=INFO msg=redelivery key=pf-s313-graded:2371 partition=1 offset=600 suppressed=false
time=2026-09-03T23:18:55.784Z level=INFO msg=redelivery key=pf-s313-graded:2375 partition=1 offset=601 suppressed=false
time=2026-09-03T23:18:55.805Z level=INFO msg=redelivery key=pf-s313-graded:2377 partition=1 offset=602 suppressed=false
time=2026-09-03T23:18:55.824Z level=INFO msg=redelivery key=pf-s313-graded:2379 partition=1 offset=603 suppressed=false
time=2026-09-03T23:18:55.844Z level=INFO msg=redelivery key=pf-s313-graded:2383 partition=1 offset=604 suppressed=false
time=2026-09-03T23:18:55.864Z level=INFO msg=redelivery key=pf-s313-graded:2387 partition=1 offset=605 suppressed=false
time=2026-09-03T23:18:57.524Z level=INFO msg=redelivery key=pf-s313-graded:2306 partition=2 offset=1127 suppressed=false
time=2026-09-03T23:18:57.544Z level=INFO msg=redelivery key=pf-s313-graded:2308 partition=2 offset=1128 suppressed=false
time=2026-09-03T23:18:57.564Z level=INFO msg=redelivery key=pf-s313-graded:2310 partition=2 offset=1129 suppressed=false
time=2026-09-03T23:18:57.584Z level=INFO msg=redelivery key=pf-s313-graded:2313 partition=2 offset=1130 suppressed=false
time=2026-09-03T23:18:57.604Z level=INFO msg=redelivery key=pf-s313-graded:2315 partition=2 offset=1131 suppressed=false
time=2026-09-03T23:18:57.624Z level=INFO msg=redelivery key=pf-s313-graded:2324 partition=2 offset=1132 suppressed=false
time=2026-09-03T23:18:57.644Z level=INFO msg=redelivery key=pf-s313-graded:2325 partition=2 offset=1133 suppressed=false
time=2026-09-03T23:18:57.664Z level=INFO msg=redelivery key=pf-s313-graded:2327 partition=2 offset=1134 suppressed=false
time=2026-09-03T23:18:57.684Z level=INFO msg=redelivery key=pf-s313-graded:2328 partition=2 offset=1135 suppressed=false
time=2026-09-03T23:18:57.703Z level=INFO msg=redelivery key=pf-s313-graded:2332 partition=2 offset=1136 suppressed=false
time=2026-09-03T23:18:57.724Z level=INFO msg=redelivery key=pf-s313-graded:2334 partition=2 offset=1137 suppressed=false
time=2026-09-03T23:18:57.744Z level=INFO msg=redelivery key=pf-s313-graded:2335 partition=2 offset=1138 suppressed=false
time=2026-09-03T23:18:57.765Z level=INFO msg=redelivery key=pf-s313-graded:2338 partition=2 offset=1139 suppressed=false
time=2026-09-03T23:18:57.784Z level=INFO msg=redelivery key=pf-s313-graded:2340 partition=2 offset=1140 suppressed=false
time=2026-09-03T23:18:57.804Z level=INFO msg=redelivery key=pf-s313-graded:2341 partition=2 offset=1141 suppressed=false
time=2026-09-03T23:18:57.824Z level=INFO msg=redelivery key=pf-s313-graded:2343 partition=2 offset=1142 suppressed=false
time=2026-09-03T23:18:57.843Z level=INFO msg=redelivery key=pf-s313-graded:2344 partition=2 offset=1143 suppressed=false
time=2026-09-03T23:18:57.863Z level=INFO msg=redelivery key=pf-s313-graded:2345 partition=2 offset=1144 suppressed=false
time=2026-09-03T23:18:57.884Z level=INFO msg=redelivery key=pf-s313-graded:2346 partition=2 offset=1145 suppressed=false
time=2026-09-03T23:18:57.904Z level=INFO msg=redelivery key=pf-s313-graded:2347 partition=2 offset=1146 suppressed=false
time=2026-09-03T23:18:57.924Z level=INFO msg=redelivery key=pf-s313-graded:2348 partition=2 offset=1147 suppressed=false
time=2026-09-03T23:18:57.944Z level=INFO msg=redelivery key=pf-s313-graded:2349 partition=2 offset=1148 suppressed=false
time=2026-09-03T23:18:57.964Z level=INFO msg=redelivery key=pf-s313-graded:2350 partition=2 offset=1149 suppressed=false
time=2026-09-03T23:18:57.984Z level=INFO msg=redelivery key=pf-s313-graded:2352 partition=2 offset=1150 suppressed=false
time=2026-09-03T23:18:58.004Z level=INFO msg=redelivery key=pf-s313-graded:2353 partition=2 offset=1151 suppressed=false
time=2026-09-03T23:18:58.024Z level=INFO msg=redelivery key=pf-s313-graded:2355 partition=2 offset=1152 suppressed=false
time=2026-09-03T23:18:58.044Z level=INFO msg=redelivery key=pf-s313-graded:2359 partition=2 offset=1153 suppressed=false
time=2026-09-03T23:18:58.064Z level=INFO msg=redelivery key=pf-s313-graded:2361 partition=2 offset=1154 suppressed=false
time=2026-09-03T23:18:58.083Z level=INFO msg=redelivery key=pf-s313-graded:2362 partition=2 offset=1155 suppressed=false
time=2026-09-03T23:18:58.104Z level=INFO msg=redelivery key=pf-s313-graded:2366 partition=2 offset=1156 suppressed=false
time=2026-09-03T23:18:58.124Z level=INFO msg=redelivery key=pf-s313-graded:2367 partition=2 offset=1157 suppressed=false
time=2026-09-03T23:18:58.144Z level=INFO msg=redelivery key=pf-s313-graded:2368 partition=2 offset=1158 suppressed=false
time=2026-09-03T23:18:58.164Z level=INFO msg=redelivery key=pf-s313-graded:2369 partition=2 offset=1159 suppressed=false
time=2026-09-03T23:18:58.183Z level=INFO msg=redelivery key=pf-s313-graded:2378 partition=2 offset=1160 suppressed=false
time=2026-09-03T23:18:58.204Z level=INFO msg=redelivery key=pf-s313-graded:2380 partition=2 offset=1161 suppressed=false
time=2026-09-03T23:18:58.225Z level=INFO msg=redelivery key=pf-s313-graded:2382 partition=2 offset=1162 suppressed=false
time=2026-09-03T23:18:58.244Z level=INFO msg=redelivery key=pf-s313-graded:2385 partition=2 offset=1163 suppressed=false
time=2026-09-03T23:18:58.264Z level=INFO msg=redelivery key=pf-s313-graded:2388 partition=2 offset=1164 suppressed=false
time=2026-09-03T23:19:01.624Z level=INFO msg="fault injected: rewinding instead of committing" key=pf-s313-graded:2590 partition=1 offset=653 epoch=0
time=2026-09-03T23:19:01.624Z level=INFO msg="fault injected: rewinding instead of committing" key=pf-s313-graded:2426 partition=2 offset=1182 epoch=0
time=2026-09-03T23:19:01.644Z level=INFO msg=redelivery key=pf-s313-graded:2426 partition=2 offset=1182 suppressed=false
time=2026-09-03T23:19:01.664Z level=INFO msg=redelivery key=pf-s313-graded:2427 partition=2 offset=1183 suppressed=false
time=2026-09-03T23:19:01.684Z level=INFO msg=redelivery key=pf-s313-graded:2428 partition=2 offset=1184 suppressed=false
time=2026-09-03T23:19:01.704Z level=INFO msg=redelivery key=pf-s313-graded:2429 partition=2 offset=1185 suppressed=false
time=2026-09-03T23:19:01.724Z level=INFO msg=redelivery key=pf-s313-graded:2430 partition=2 offset=1186 suppressed=false
time=2026-09-03T23:19:01.744Z level=INFO msg=redelivery key=pf-s313-graded:2431 partition=2 offset=1187 suppressed=false
time=2026-09-03T23:19:01.764Z level=INFO msg=redelivery key=pf-s313-graded:2432 partition=2 offset=1188 suppressed=false
time=2026-09-03T23:19:01.784Z level=INFO msg=redelivery key=pf-s313-graded:2433 partition=2 offset=1189 suppressed=false
time=2026-09-03T23:19:01.804Z level=INFO msg=redelivery key=pf-s313-graded:2435 partition=2 offset=1190 suppressed=false
time=2026-09-03T23:19:01.824Z level=INFO msg=redelivery key=pf-s313-graded:2437 partition=2 offset=1191 suppressed=false
time=2026-09-03T23:19:01.846Z level=INFO msg=redelivery key=pf-s313-graded:2439 partition=2 offset=1192 suppressed=false
time=2026-09-03T23:19:01.864Z level=INFO msg=redelivery key=pf-s313-graded:2443 partition=2 offset=1193 suppressed=false
time=2026-09-03T23:19:01.884Z level=INFO msg=redelivery key=pf-s313-graded:2444 partition=2 offset=1194 suppressed=false
time=2026-09-03T23:19:01.905Z level=INFO msg=redelivery key=pf-s313-graded:2445 partition=2 offset=1195 suppressed=false
time=2026-09-03T23:19:01.924Z level=INFO msg=redelivery key=pf-s313-graded:2446 partition=2 offset=1196 suppressed=false
time=2026-09-03T23:19:01.944Z level=INFO msg=redelivery key=pf-s313-graded:2447 partition=2 offset=1197 suppressed=false
time=2026-09-03T23:19:01.964Z level=INFO msg=redelivery key=pf-s313-graded:2449 partition=2 offset=1198 suppressed=false
time=2026-09-03T23:19:01.983Z level=INFO msg=redelivery key=pf-s313-graded:2453 partition=2 offset=1199 suppressed=false
time=2026-09-03T23:19:02.004Z level=INFO msg=redelivery key=pf-s313-graded:2456 partition=2 offset=1200 suppressed=false
time=2026-09-03T23:19:02.024Z level=INFO msg=redelivery key=pf-s313-graded:2457 partition=2 offset=1201 suppressed=false
time=2026-09-03T23:19:02.044Z level=INFO msg=redelivery key=pf-s313-graded:2458 partition=2 offset=1202 suppressed=false
time=2026-09-03T23:19:02.064Z level=INFO msg=redelivery key=pf-s313-graded:2463 partition=2 offset=1203 suppressed=false
time=2026-09-03T23:19:02.084Z level=INFO msg=redelivery key=pf-s313-graded:2466 partition=2 offset=1204 suppressed=false
time=2026-09-03T23:19:02.105Z level=INFO msg=redelivery key=pf-s313-graded:2467 partition=2 offset=1205 suppressed=false
time=2026-09-03T23:19:02.125Z level=INFO msg=redelivery key=pf-s313-graded:2468 partition=2 offset=1206 suppressed=false
time=2026-09-03T23:19:02.143Z level=INFO msg=redelivery key=pf-s313-graded:2470 partition=2 offset=1207 suppressed=false
time=2026-09-03T23:19:02.164Z level=INFO msg=redelivery key=pf-s313-graded:2472 partition=2 offset=1208 suppressed=false
time=2026-09-03T23:19:02.184Z level=INFO msg=redelivery key=pf-s313-graded:2476 partition=2 offset=1209 suppressed=false
time=2026-09-03T23:19:02.204Z level=INFO msg=redelivery key=pf-s313-graded:2477 partition=2 offset=1210 suppressed=false
time=2026-09-03T23:19:02.223Z level=INFO msg=redelivery key=pf-s313-graded:2479 partition=2 offset=1211 suppressed=false
time=2026-09-03T23:19:02.244Z level=INFO msg=redelivery key=pf-s313-graded:2480 partition=2 offset=1212 suppressed=false
time=2026-09-03T23:19:02.264Z level=INFO msg=redelivery key=pf-s313-graded:2481 partition=2 offset=1213 suppressed=false
time=2026-09-03T23:19:02.284Z level=INFO msg=redelivery key=pf-s313-graded:2482 partition=2 offset=1214 suppressed=false
time=2026-09-03T23:19:02.304Z level=INFO msg=redelivery key=pf-s313-graded:2483 partition=2 offset=1215 suppressed=false
time=2026-09-03T23:19:02.324Z level=INFO msg=redelivery key=pf-s313-graded:2484 partition=2 offset=1216 suppressed=false
time=2026-09-03T23:19:02.344Z level=INFO msg=redelivery key=pf-s313-graded:2488 partition=2 offset=1217 suppressed=false
time=2026-09-03T23:19:02.364Z level=INFO msg=redelivery key=pf-s313-graded:2489 partition=2 offset=1218 suppressed=false
time=2026-09-03T23:19:02.384Z level=INFO msg=redelivery key=pf-s313-graded:2492 partition=2 offset=1219 suppressed=false
time=2026-09-03T23:19:02.404Z level=INFO msg=redelivery key=pf-s313-graded:2493 partition=2 offset=1220 suppressed=false
time=2026-09-03T23:19:02.424Z level=INFO msg=redelivery key=pf-s313-graded:2495 partition=2 offset=1221 suppressed=false
time=2026-09-03T23:19:02.444Z level=INFO msg=redelivery key=pf-s313-graded:2496 partition=2 offset=1222 suppressed=false
time=2026-09-03T23:19:02.463Z level=INFO msg=redelivery key=pf-s313-graded:2497 partition=2 offset=1223 suppressed=false
time=2026-09-03T23:19:02.484Z level=INFO msg=redelivery key=pf-s313-graded:2499 partition=2 offset=1224 suppressed=false
time=2026-09-03T23:19:02.504Z level=INFO msg=redelivery key=pf-s313-graded:2503 partition=2 offset=1225 suppressed=false
time=2026-09-03T23:19:02.524Z level=INFO msg=redelivery key=pf-s313-graded:2508 partition=2 offset=1226 suppressed=false
time=2026-09-03T23:19:02.544Z level=INFO msg=redelivery key=pf-s313-graded:2509 partition=2 offset=1227 suppressed=false
time=2026-09-03T23:19:02.564Z level=INFO msg=redelivery key=pf-s313-graded:2510 partition=2 offset=1228 suppressed=false
time=2026-09-03T23:19:02.584Z level=INFO msg=redelivery key=pf-s313-graded:2511 partition=2 offset=1229 suppressed=false
time=2026-09-03T23:19:02.604Z level=INFO msg=redelivery key=pf-s313-graded:2512 partition=2 offset=1230 suppressed=false
time=2026-09-03T23:19:02.624Z level=INFO msg=redelivery key=pf-s313-graded:2513 partition=2 offset=1231 suppressed=false
time=2026-09-03T23:19:02.644Z level=INFO msg=redelivery key=pf-s313-graded:2514 partition=2 offset=1232 suppressed=false
time=2026-09-03T23:19:02.664Z level=INFO msg=redelivery key=pf-s313-graded:2515 partition=2 offset=1233 suppressed=false
time=2026-09-03T23:19:02.684Z level=INFO msg=redelivery key=pf-s313-graded:2516 partition=2 offset=1234 suppressed=false
time=2026-09-03T23:19:02.704Z level=INFO msg=redelivery key=pf-s313-graded:2518 partition=2 offset=1235 suppressed=false
time=2026-09-03T23:19:02.724Z level=INFO msg=redelivery key=pf-s313-graded:2519 partition=2 offset=1236 suppressed=false
time=2026-09-03T23:19:02.743Z level=INFO msg=redelivery key=pf-s313-graded:2523 partition=2 offset=1237 suppressed=false
time=2026-09-03T23:19:02.764Z level=INFO msg=redelivery key=pf-s313-graded:2526 partition=2 offset=1238 suppressed=false
time=2026-09-03T23:19:02.784Z level=INFO msg=redelivery key=pf-s313-graded:2528 partition=2 offset=1239 suppressed=false
time=2026-09-03T23:19:02.804Z level=INFO msg=redelivery key=pf-s313-graded:2529 partition=2 offset=1240 suppressed=false
time=2026-09-03T23:19:02.824Z level=INFO msg=redelivery key=pf-s313-graded:2530 partition=2 offset=1241 suppressed=false
time=2026-09-03T23:19:02.843Z level=INFO msg=redelivery key=pf-s313-graded:2532 partition=2 offset=1242 suppressed=false
time=2026-09-03T23:19:02.864Z level=INFO msg=redelivery key=pf-s313-graded:2533 partition=2 offset=1243 suppressed=false
time=2026-09-03T23:19:02.884Z level=INFO msg=redelivery key=pf-s313-graded:2536 partition=2 offset=1244 suppressed=false
time=2026-09-03T23:19:02.904Z level=INFO msg=redelivery key=pf-s313-graded:2537 partition=2 offset=1245 suppressed=false
time=2026-09-03T23:19:02.924Z level=INFO msg=redelivery key=pf-s313-graded:2540 partition=2 offset=1246 suppressed=false
time=2026-09-03T23:19:02.944Z level=INFO msg=redelivery key=pf-s313-graded:2542 partition=2 offset=1247 suppressed=false
time=2026-09-03T23:19:02.964Z level=INFO msg=redelivery key=pf-s313-graded:2543 partition=2 offset=1248 suppressed=false
time=2026-09-03T23:19:02.984Z level=INFO msg=redelivery key=pf-s313-graded:2549 partition=2 offset=1249 suppressed=false
time=2026-09-03T23:19:03.004Z level=INFO msg=redelivery key=pf-s313-graded:2550 partition=2 offset=1250 suppressed=false
time=2026-09-03T23:19:03.024Z level=INFO msg=redelivery key=pf-s313-graded:2555 partition=2 offset=1251 suppressed=false
time=2026-09-03T23:19:03.044Z level=INFO msg=redelivery key=pf-s313-graded:2557 partition=2 offset=1252 suppressed=false
time=2026-09-03T23:19:03.064Z level=INFO msg=redelivery key=pf-s313-graded:2559 partition=2 offset=1253 suppressed=false
time=2026-09-03T23:19:03.084Z level=INFO msg=redelivery key=pf-s313-graded:2560 partition=2 offset=1254 suppressed=false
time=2026-09-03T23:19:03.104Z level=INFO msg=redelivery key=pf-s313-graded:2562 partition=2 offset=1255 suppressed=false
time=2026-09-03T23:19:03.124Z level=INFO msg=redelivery key=pf-s313-graded:2569 partition=2 offset=1256 suppressed=false
time=2026-09-03T23:19:03.144Z level=INFO msg=redelivery key=pf-s313-graded:2571 partition=2 offset=1257 suppressed=false
time=2026-09-03T23:19:03.164Z level=INFO msg=redelivery key=pf-s313-graded:2572 partition=2 offset=1258 suppressed=false
time=2026-09-03T23:19:03.184Z level=INFO msg=redelivery key=pf-s313-graded:2573 partition=2 offset=1259 suppressed=false
time=2026-09-03T23:19:03.204Z level=INFO msg=redelivery key=pf-s313-graded:2574 partition=2 offset=1260 suppressed=false
time=2026-09-03T23:19:03.224Z level=INFO msg=redelivery key=pf-s313-graded:2577 partition=2 offset=1261 suppressed=false
time=2026-09-03T23:19:03.244Z level=INFO msg=redelivery key=pf-s313-graded:2578 partition=2 offset=1262 suppressed=false
time=2026-09-03T23:19:03.264Z level=INFO msg=redelivery key=pf-s313-graded:2579 partition=2 offset=1263 suppressed=false
time=2026-09-03T23:19:03.284Z level=INFO msg=redelivery key=pf-s313-graded:2581 partition=2 offset=1264 suppressed=false
time=2026-09-03T23:19:03.304Z level=INFO msg=redelivery key=pf-s313-graded:2585 partition=2 offset=1265 suppressed=false
time=2026-09-03T23:19:03.324Z level=INFO msg=redelivery key=pf-s313-graded:2588 partition=2 offset=1266 suppressed=false
time=2026-09-03T23:19:03.344Z level=INFO msg=redelivery key=pf-s313-graded:2589 partition=2 offset=1267 suppressed=false
time=2026-09-03T23:19:03.364Z level=INFO msg=redelivery key=pf-s313-graded:2593 partition=2 offset=1268 suppressed=false
time=2026-09-03T23:19:03.384Z level=INFO msg=redelivery key=pf-s313-graded:2594 partition=2 offset=1269 suppressed=false
time=2026-09-03T23:19:03.403Z level=INFO msg=redelivery key=pf-s313-graded:2596 partition=2 offset=1270 suppressed=false
time=2026-09-03T23:19:03.424Z level=INFO msg=redelivery key=pf-s313-graded:2601 partition=2 offset=1271 suppressed=false
time=2026-09-03T23:19:03.444Z level=INFO msg=redelivery key=pf-s313-graded:2602 partition=2 offset=1272 suppressed=false
time=2026-09-03T23:19:03.464Z level=INFO msg=redelivery key=pf-s313-graded:2607 partition=2 offset=1273 suppressed=false
time=2026-09-03T23:19:03.484Z level=INFO msg=redelivery key=pf-s313-graded:2610 partition=2 offset=1274 suppressed=false
time=2026-09-03T23:19:03.504Z level=INFO msg=redelivery key=pf-s313-graded:2611 partition=2 offset=1275 suppressed=false
time=2026-09-03T23:19:03.524Z level=INFO msg=redelivery key=pf-s313-graded:2612 partition=2 offset=1276 suppressed=false
time=2026-09-03T23:19:03.544Z level=INFO msg=redelivery key=pf-s313-graded:2614 partition=2 offset=1277 suppressed=false
time=2026-09-03T23:19:03.564Z level=INFO msg=redelivery key=pf-s313-graded:2615 partition=2 offset=1278 suppressed=false
time=2026-09-03T23:19:03.584Z level=INFO msg=redelivery key=pf-s313-graded:2618 partition=2 offset=1279 suppressed=false
time=2026-09-03T23:19:03.603Z level=INFO msg=redelivery key=pf-s313-graded:2621 partition=2 offset=1280 suppressed=false
time=2026-09-03T23:19:03.624Z level=INFO msg=redelivery key=pf-s313-graded:2622 partition=2 offset=1281 suppressed=false
time=2026-09-03T23:19:03.644Z level=INFO msg=redelivery key=pf-s313-graded:2624 partition=2 offset=1282 suppressed=false
time=2026-09-03T23:19:03.664Z level=INFO msg=redelivery key=pf-s313-graded:2625 partition=2 offset=1283 suppressed=false
time=2026-09-03T23:19:03.684Z level=INFO msg=redelivery key=pf-s313-graded:2626 partition=2 offset=1284 suppressed=false
time=2026-09-03T23:19:03.704Z level=INFO msg=redelivery key=pf-s313-graded:2629 partition=2 offset=1285 suppressed=false
time=2026-09-03T23:19:03.723Z level=INFO msg=redelivery key=pf-s313-graded:2633 partition=2 offset=1286 suppressed=false
time=2026-09-03T23:19:03.744Z level=INFO msg=redelivery key=pf-s313-graded:2634 partition=2 offset=1287 suppressed=false
time=2026-09-03T23:19:03.764Z level=INFO msg=redelivery key=pf-s313-graded:2635 partition=2 offset=1288 suppressed=false
time=2026-09-03T23:19:03.784Z level=INFO msg=redelivery key=pf-s313-graded:2636 partition=2 offset=1289 suppressed=false
time=2026-09-03T23:19:03.804Z level=INFO msg=redelivery key=pf-s313-graded:2638 partition=2 offset=1290 suppressed=false
time=2026-09-03T23:19:03.824Z level=INFO msg=redelivery key=pf-s313-graded:2639 partition=2 offset=1291 suppressed=false
time=2026-09-03T23:19:03.844Z level=INFO msg=redelivery key=pf-s313-graded:2640 partition=2 offset=1292 suppressed=false
time=2026-09-03T23:19:03.864Z level=INFO msg=redelivery key=pf-s313-graded:2649 partition=2 offset=1293 suppressed=false
time=2026-09-03T23:19:03.884Z level=INFO msg=redelivery key=pf-s313-graded:2650 partition=2 offset=1294 suppressed=false
time=2026-09-03T23:19:03.903Z level=INFO msg=redelivery key=pf-s313-graded:2651 partition=2 offset=1295 suppressed=false
time=2026-09-03T23:19:03.924Z level=INFO msg=redelivery key=pf-s313-graded:2653 partition=2 offset=1296 suppressed=false
time=2026-09-03T23:19:03.944Z level=INFO msg=redelivery key=pf-s313-graded:2655 partition=2 offset=1297 suppressed=false
time=2026-09-03T23:19:03.964Z level=INFO msg=redelivery key=pf-s313-graded:2656 partition=2 offset=1298 suppressed=false
time=2026-09-03T23:19:03.984Z level=INFO msg=redelivery key=pf-s313-graded:2658 partition=2 offset=1299 suppressed=false
time=2026-09-03T23:19:04.004Z level=INFO msg=redelivery key=pf-s313-graded:2660 partition=2 offset=1300 suppressed=false
time=2026-09-03T23:19:04.024Z level=INFO msg=redelivery key=pf-s313-graded:2661 partition=2 offset=1301 suppressed=false
time=2026-09-03T23:19:04.044Z level=INFO msg=redelivery key=pf-s313-graded:2662 partition=2 offset=1302 suppressed=false
time=2026-09-03T23:19:04.064Z level=INFO msg=redelivery key=pf-s313-graded:2664 partition=2 offset=1303 suppressed=false
time=2026-09-03T23:19:04.084Z level=INFO msg=redelivery key=pf-s313-graded:2665 partition=2 offset=1304 suppressed=false
time=2026-09-03T23:19:04.104Z level=INFO msg=redelivery key=pf-s313-graded:2666 partition=2 offset=1305 suppressed=false
time=2026-09-03T23:19:04.124Z level=INFO msg=redelivery key=pf-s313-graded:2668 partition=2 offset=1306 suppressed=false
time=2026-09-03T23:19:04.144Z level=INFO msg=redelivery key=pf-s313-graded:2670 partition=2 offset=1307 suppressed=false
time=2026-09-03T23:19:04.164Z level=INFO msg=redelivery key=pf-s313-graded:2671 partition=2 offset=1308 suppressed=false
time=2026-09-03T23:19:04.184Z level=INFO msg=redelivery key=pf-s313-graded:2673 partition=2 offset=1309 suppressed=false
time=2026-09-03T23:19:04.204Z level=INFO msg=redelivery key=pf-s313-graded:2675 partition=2 offset=1310 suppressed=false
time=2026-09-03T23:19:04.224Z level=INFO msg=redelivery key=pf-s313-graded:2676 partition=2 offset=1311 suppressed=false
time=2026-09-03T23:19:04.244Z level=INFO msg=redelivery key=pf-s313-graded:2679 partition=2 offset=1312 suppressed=false
time=2026-09-03T23:19:04.264Z level=INFO msg=redelivery key=pf-s313-graded:2680 partition=2 offset=1313 suppressed=false
time=2026-09-03T23:19:04.284Z level=INFO msg=redelivery key=pf-s313-graded:2683 partition=2 offset=1314 suppressed=false
time=2026-09-03T23:19:04.304Z level=INFO msg=redelivery key=pf-s313-graded:2685 partition=2 offset=1315 suppressed=false
time=2026-09-03T23:19:04.324Z level=INFO msg=redelivery key=pf-s313-graded:2688 partition=2 offset=1316 suppressed=false
time=2026-09-03T23:19:04.344Z level=INFO msg=redelivery key=pf-s313-graded:2689 partition=2 offset=1317 suppressed=false
time=2026-09-03T23:19:04.364Z level=INFO msg=redelivery key=pf-s313-graded:2690 partition=2 offset=1318 suppressed=false
time=2026-09-03T23:19:04.384Z level=INFO msg=redelivery key=pf-s313-graded:2696 partition=2 offset=1319 suppressed=false
time=2026-09-03T23:19:04.404Z level=INFO msg=redelivery key=pf-s313-graded:2698 partition=2 offset=1320 suppressed=false
time=2026-09-03T23:19:04.424Z level=INFO msg=redelivery key=pf-s313-graded:2702 partition=2 offset=1321 suppressed=false
time=2026-09-03T23:19:04.444Z level=INFO msg=redelivery key=pf-s313-graded:2706 partition=2 offset=1322 suppressed=false
time=2026-09-03T23:19:04.465Z level=INFO msg=redelivery key=pf-s313-graded:2707 partition=2 offset=1323 suppressed=false
time=2026-09-03T23:19:04.484Z level=INFO msg=redelivery key=pf-s313-graded:2708 partition=2 offset=1324 suppressed=false
time=2026-09-03T23:19:04.504Z level=INFO msg=redelivery key=pf-s313-graded:2709 partition=2 offset=1325 suppressed=false
time=2026-09-03T23:19:04.524Z level=INFO msg=redelivery key=pf-s313-graded:2711 partition=2 offset=1326 suppressed=false
time=2026-09-03T23:19:04.543Z level=INFO msg=redelivery key=pf-s313-graded:2712 partition=2 offset=1327 suppressed=false
time=2026-09-03T23:19:04.564Z level=INFO msg=redelivery key=pf-s313-graded:2716 partition=2 offset=1328 suppressed=false
time=2026-09-03T23:19:04.584Z level=INFO msg=redelivery key=pf-s313-graded:2718 partition=2 offset=1329 suppressed=false
time=2026-09-03T23:19:04.604Z level=INFO msg=redelivery key=pf-s313-graded:2719 partition=2 offset=1330 suppressed=false
time=2026-09-03T23:19:04.624Z level=INFO msg=redelivery key=pf-s313-graded:2724 partition=2 offset=1331 suppressed=false
time=2026-09-03T23:19:04.644Z level=INFO msg=redelivery key=pf-s313-graded:2725 partition=2 offset=1332 suppressed=false
time=2026-09-03T23:19:10.843Z level=INFO msg=redelivery key=pf-s313-graded:2590 partition=1 offset=653 suppressed=false
time=2026-09-03T23:19:10.864Z level=INFO msg=redelivery key=pf-s313-graded:2592 partition=1 offset=654 suppressed=false
time=2026-09-03T23:19:10.884Z level=INFO msg=redelivery key=pf-s313-graded:2595 partition=1 offset=655 suppressed=false
time=2026-09-03T23:19:10.904Z level=INFO msg=redelivery key=pf-s313-graded:2599 partition=1 offset=656 suppressed=false
time=2026-09-03T23:19:10.924Z level=INFO msg=redelivery key=pf-s313-graded:2603 partition=1 offset=657 suppressed=false
time=2026-09-03T23:19:10.944Z level=INFO msg=redelivery key=pf-s313-graded:2604 partition=1 offset=658 suppressed=false
time=2026-09-03T23:19:10.964Z level=INFO msg=redelivery key=pf-s313-graded:2605 partition=1 offset=659 suppressed=false
time=2026-09-03T23:19:10.984Z level=INFO msg=redelivery key=pf-s313-graded:2606 partition=1 offset=660 suppressed=false
time=2026-09-03T23:19:11.004Z level=INFO msg=redelivery key=pf-s313-graded:2616 partition=1 offset=661 suppressed=false
time=2026-09-03T23:19:11.024Z level=INFO msg=redelivery key=pf-s313-graded:2627 partition=1 offset=662 suppressed=false
time=2026-09-03T23:19:11.044Z level=INFO msg=redelivery key=pf-s313-graded:2632 partition=1 offset=663 suppressed=false
time=2026-09-03T23:19:11.064Z level=INFO msg=redelivery key=pf-s313-graded:2642 partition=1 offset=664 suppressed=false
time=2026-09-03T23:19:11.084Z level=INFO msg=redelivery key=pf-s313-graded:2646 partition=1 offset=665 suppressed=false
time=2026-09-03T23:19:11.104Z level=INFO msg=redelivery key=pf-s313-graded:2652 partition=1 offset=666 suppressed=false
time=2026-09-03T23:19:11.124Z level=INFO msg=redelivery key=pf-s313-graded:2659 partition=1 offset=667 suppressed=false
time=2026-09-03T23:19:11.144Z level=INFO msg=redelivery key=pf-s313-graded:2667 partition=1 offset=668 suppressed=false
time=2026-09-03T23:19:11.165Z level=INFO msg=redelivery key=pf-s313-graded:2669 partition=1 offset=669 suppressed=false
time=2026-09-03T23:19:11.184Z level=INFO msg=redelivery key=pf-s313-graded:2672 partition=1 offset=670 suppressed=false
time=2026-09-03T23:19:11.204Z level=INFO msg=redelivery key=pf-s313-graded:2681 partition=1 offset=671 suppressed=false
time=2026-09-03T23:19:11.224Z level=INFO msg=redelivery key=pf-s313-graded:2682 partition=1 offset=672 suppressed=false
time=2026-09-03T23:19:11.244Z level=INFO msg=redelivery key=pf-s313-graded:2684 partition=1 offset=673 suppressed=false
time=2026-09-03T23:19:11.264Z level=INFO msg=redelivery key=pf-s313-graded:2687 partition=1 offset=674 suppressed=false
time=2026-09-03T23:19:11.284Z level=INFO msg=redelivery key=pf-s313-graded:2692 partition=1 offset=675 suppressed=false
time=2026-09-03T23:19:11.304Z level=INFO msg=redelivery key=pf-s313-graded:2694 partition=1 offset=676 suppressed=false
time=2026-09-03T23:19:11.324Z level=INFO msg=redelivery key=pf-s313-graded:2699 partition=1 offset=677 suppressed=false
time=2026-09-03T23:19:11.344Z level=INFO msg=redelivery key=pf-s313-graded:2700 partition=1 offset=678 suppressed=false
time=2026-09-03T23:19:11.365Z level=INFO msg=redelivery key=pf-s313-graded:2705 partition=1 offset=679 suppressed=false
time=2026-09-03T23:19:11.384Z level=INFO msg=redelivery key=pf-s313-graded:2710 partition=1 offset=680 suppressed=false
time=2026-09-03T23:19:11.403Z level=INFO msg=redelivery key=pf-s313-graded:2713 partition=1 offset=681 suppressed=false
time=2026-09-03T23:19:11.424Z level=INFO msg=redelivery key=pf-s313-graded:2714 partition=1 offset=682 suppressed=false
time=2026-09-03T23:19:11.444Z level=INFO msg=redelivery key=pf-s313-graded:2715 partition=1 offset=683 suppressed=false
time=2026-09-03T23:19:11.464Z level=INFO msg=redelivery key=pf-s313-graded:2717 partition=1 offset=684 suppressed=false
time=2026-09-03T23:19:11.484Z level=INFO msg=redelivery key=pf-s313-graded:2721 partition=1 offset=685 suppressed=false
time=2026-09-03T23:19:11.504Z level=INFO msg=redelivery key=pf-s313-graded:2722 partition=1 offset=686 suppressed=false
time=2026-09-03T23:19:11.524Z level=INFO msg=redelivery key=pf-s313-graded:2723 partition=1 offset=687 suppressed=false
time=2026-09-03T23:19:11.624Z level=INFO msg="fault injected: rewinding instead of committing" key=pf-s313-graded:2851 partition=2 offset=1389 epoch=0
time=2026-09-03T23:19:18.684Z level=INFO msg=redelivery key=pf-s313-graded:2851 partition=2 offset=1389 suppressed=false
time=2026-09-03T23:19:18.704Z level=INFO msg=redelivery key=pf-s313-graded:2853 partition=2 offset=1390 suppressed=false
time=2026-09-03T23:19:18.723Z level=INFO msg=redelivery key=pf-s313-graded:2855 partition=2 offset=1391 suppressed=false
time=2026-09-03T23:19:18.744Z level=INFO msg=redelivery key=pf-s313-graded:2857 partition=2 offset=1392 suppressed=false
time=2026-09-03T23:19:18.764Z level=INFO msg=redelivery key=pf-s313-graded:2859 partition=2 offset=1393 suppressed=false
time=2026-09-03T23:19:18.784Z level=INFO msg=redelivery key=pf-s313-graded:2864 partition=2 offset=1394 suppressed=false
time=2026-09-03T23:19:18.804Z level=INFO msg=redelivery key=pf-s313-graded:2865 partition=2 offset=1395 suppressed=false
time=2026-09-03T23:19:18.824Z level=INFO msg=redelivery key=pf-s313-graded:2867 partition=2 offset=1396 suppressed=false
time=2026-09-03T23:19:18.846Z level=INFO msg=redelivery key=pf-s313-graded:2868 partition=2 offset=1397 suppressed=false
time=2026-09-03T23:19:18.863Z level=INFO msg=redelivery key=pf-s313-graded:2869 partition=2 offset=1398 suppressed=false
time=2026-09-03T23:19:18.884Z level=INFO msg=redelivery key=pf-s313-graded:2870 partition=2 offset=1399 suppressed=false
time=2026-09-03T23:19:18.904Z level=INFO msg=redelivery key=pf-s313-graded:2871 partition=2 offset=1400 suppressed=false
time=2026-09-03T23:19:18.924Z level=INFO msg=redelivery key=pf-s313-graded:2873 partition=2 offset=1401 suppressed=false
time=2026-09-03T23:19:18.944Z level=INFO msg=redelivery key=pf-s313-graded:2876 partition=2 offset=1402 suppressed=false
time=2026-09-03T23:19:18.964Z level=INFO msg=redelivery key=pf-s313-graded:2877 partition=2 offset=1403 suppressed=false
time=2026-09-03T23:19:18.984Z level=INFO msg=redelivery key=pf-s313-graded:2878 partition=2 offset=1404 suppressed=false
time=2026-09-03T23:19:19.003Z level=INFO msg=redelivery key=pf-s313-graded:2881 partition=2 offset=1405 suppressed=false
time=2026-09-03T23:19:19.024Z level=INFO msg=redelivery key=pf-s313-graded:2883 partition=2 offset=1406 suppressed=false
time=2026-09-03T23:19:19.044Z level=INFO msg=redelivery key=pf-s313-graded:2884 partition=2 offset=1407 suppressed=false
time=2026-09-03T23:19:19.064Z level=INFO msg=redelivery key=pf-s313-graded:2885 partition=2 offset=1408 suppressed=false
time=2026-09-03T23:19:19.084Z level=INFO msg=redelivery key=pf-s313-graded:2887 partition=2 offset=1409 suppressed=false
time=2026-09-03T23:19:19.104Z level=INFO msg=redelivery key=pf-s313-graded:2888 partition=2 offset=1410 suppressed=false
time=2026-09-03T23:19:19.126Z level=INFO msg=redelivery key=pf-s313-graded:2890 partition=2 offset=1411 suppressed=false
time=2026-09-03T23:19:19.144Z level=INFO msg=redelivery key=pf-s313-graded:2892 partition=2 offset=1412 suppressed=false
time=2026-09-03T23:19:19.164Z level=INFO msg=redelivery key=pf-s313-graded:2893 partition=2 offset=1413 suppressed=false
time=2026-09-03T23:19:19.185Z level=INFO msg=redelivery key=pf-s313-graded:2894 partition=2 offset=1414 suppressed=false
time=2026-09-03T23:19:19.204Z level=INFO msg=redelivery key=pf-s313-graded:2895 partition=2 offset=1415 suppressed=false
time=2026-09-03T23:19:19.224Z level=INFO msg=redelivery key=pf-s313-graded:2896 partition=2 offset=1416 suppressed=false
time=2026-09-03T23:19:19.243Z level=INFO msg=redelivery key=pf-s313-graded:2897 partition=2 offset=1417 suppressed=false
time=2026-09-03T23:19:19.264Z level=INFO msg=redelivery key=pf-s313-graded:2900 partition=2 offset=1418 suppressed=false
time=2026-09-03T23:19:19.284Z level=INFO msg=redelivery key=pf-s313-graded:2901 partition=2 offset=1419 suppressed=false
time=2026-09-03T23:19:19.304Z level=INFO msg=redelivery key=pf-s313-graded:2903 partition=2 offset=1420 suppressed=false
time=2026-09-03T23:19:19.326Z level=INFO msg=redelivery key=pf-s313-graded:2905 partition=2 offset=1421 suppressed=false
time=2026-09-03T23:19:19.343Z level=INFO msg=redelivery key=pf-s313-graded:2906 partition=2 offset=1422 suppressed=false
time=2026-09-03T23:19:19.364Z level=INFO msg=redelivery key=pf-s313-graded:2907 partition=2 offset=1423 suppressed=false
time=2026-09-03T23:19:19.384Z level=INFO msg=redelivery key=pf-s313-graded:2908 partition=2 offset=1424 suppressed=false
time=2026-09-03T23:19:19.404Z level=INFO msg=redelivery key=pf-s313-graded:2909 partition=2 offset=1425 suppressed=false
time=2026-09-03T23:19:19.424Z level=INFO msg=redelivery key=pf-s313-graded:2910 partition=2 offset=1426 suppressed=false
time=2026-09-03T23:19:19.444Z level=INFO msg=redelivery key=pf-s313-graded:2913 partition=2 offset=1427 suppressed=false
time=2026-09-03T23:19:19.463Z level=INFO msg=redelivery key=pf-s313-graded:2914 partition=2 offset=1428 suppressed=false
time=2026-09-03T23:19:19.484Z level=INFO msg=redelivery key=pf-s313-graded:2915 partition=2 offset=1429 suppressed=false
time=2026-09-03T23:19:19.504Z level=INFO msg=redelivery key=pf-s313-graded:2916 partition=2 offset=1430 suppressed=false
time=2026-09-03T23:19:19.524Z level=INFO msg=redelivery key=pf-s313-graded:2917 partition=2 offset=1431 suppressed=false
time=2026-09-03T23:19:19.544Z level=INFO msg=redelivery key=pf-s313-graded:2923 partition=2 offset=1432 suppressed=false
time=2026-09-03T23:19:19.564Z level=INFO msg=redelivery key=pf-s313-graded:2924 partition=2 offset=1433 suppressed=false
time=2026-09-03T23:19:19.584Z level=INFO msg=redelivery key=pf-s313-graded:2925 partition=2 offset=1434 suppressed=false
time=2026-09-03T23:19:19.604Z level=INFO msg=redelivery key=pf-s313-graded:2926 partition=2 offset=1435 suppressed=false
time=2026-09-03T23:19:19.624Z level=INFO msg=redelivery key=pf-s313-graded:2931 partition=2 offset=1436 suppressed=false
time=2026-09-03T23:19:19.644Z level=INFO msg=redelivery key=pf-s313-graded:2933 partition=2 offset=1437 suppressed=false
time=2026-09-03T23:19:19.664Z level=INFO msg=redelivery key=pf-s313-graded:2935 partition=2 offset=1438 suppressed=false
time=2026-09-03T23:19:19.684Z level=INFO msg=redelivery key=pf-s313-graded:2938 partition=2 offset=1439 suppressed=false
time=2026-09-03T23:19:19.704Z level=INFO msg=redelivery key=pf-s313-graded:2940 partition=2 offset=1440 suppressed=false
time=2026-09-03T23:19:19.724Z level=INFO msg=redelivery key=pf-s313-graded:2941 partition=2 offset=1441 suppressed=false
time=2026-09-03T23:19:19.744Z level=INFO msg=redelivery key=pf-s313-graded:2943 partition=2 offset=1442 suppressed=false
time=2026-09-03T23:19:19.764Z level=INFO msg=redelivery key=pf-s313-graded:2944 partition=2 offset=1443 suppressed=false
time=2026-09-03T23:19:19.785Z level=INFO msg=redelivery key=pf-s313-graded:2945 partition=2 offset=1444 suppressed=false
time=2026-09-03T23:19:19.804Z level=INFO msg=redelivery key=pf-s313-graded:2946 partition=2 offset=1445 suppressed=false
time=2026-09-03T23:19:19.824Z level=INFO msg=redelivery key=pf-s313-graded:2948 partition=2 offset=1446 suppressed=false
time=2026-09-03T23:19:19.844Z level=INFO msg=redelivery key=pf-s313-graded:2949 partition=2 offset=1447 suppressed=false
time=2026-09-03T23:19:19.864Z level=INFO msg=redelivery key=pf-s313-graded:2950 partition=2 offset=1448 suppressed=false
time=2026-09-03T23:19:19.884Z level=INFO msg=redelivery key=pf-s313-graded:2952 partition=2 offset=1449 suppressed=false
time=2026-09-03T23:19:19.904Z level=INFO msg=redelivery key=pf-s313-graded:2953 partition=2 offset=1450 suppressed=false
time=2026-09-03T23:19:19.924Z level=INFO msg=redelivery key=pf-s313-graded:2954 partition=2 offset=1451 suppressed=false
time=2026-09-03T23:19:19.944Z level=INFO msg=redelivery key=pf-s313-graded:2955 partition=2 offset=1452 suppressed=false
time=2026-09-03T23:19:19.964Z level=INFO msg=redelivery key=pf-s313-graded:2956 partition=2 offset=1453 suppressed=false
time=2026-09-03T23:19:19.984Z level=INFO msg=redelivery key=pf-s313-graded:2958 partition=2 offset=1454 suppressed=false
time=2026-09-03T23:19:20.004Z level=INFO msg=redelivery key=pf-s313-graded:2960 partition=2 offset=1455 suppressed=false
time=2026-09-03T23:19:20.024Z level=INFO msg=redelivery key=pf-s313-graded:2961 partition=2 offset=1456 suppressed=false
time=2026-09-03T23:19:20.044Z level=INFO msg=redelivery key=pf-s313-graded:2962 partition=2 offset=1457 suppressed=false
time=2026-09-03T23:19:20.064Z level=INFO msg=redelivery key=pf-s313-graded:2968 partition=2 offset=1458 suppressed=false
time=2026-09-03T23:19:20.085Z level=INFO msg=redelivery key=pf-s313-graded:2971 partition=2 offset=1459 suppressed=false
time=2026-09-03T23:19:20.104Z level=INFO msg=redelivery key=pf-s313-graded:2972 partition=2 offset=1460 suppressed=false
time=2026-09-03T23:19:20.125Z level=INFO msg=redelivery key=pf-s313-graded:2974 partition=2 offset=1461 suppressed=false
time=2026-09-03T23:19:20.144Z level=INFO msg=redelivery key=pf-s313-graded:2976 partition=2 offset=1462 suppressed=false
time=2026-09-03T23:19:20.164Z level=INFO msg=redelivery key=pf-s313-graded:2980 partition=2 offset=1463 suppressed=false
time=2026-09-03T23:19:20.183Z level=INFO msg=redelivery key=pf-s313-graded:2981 partition=2 offset=1464 suppressed=false
time=2026-09-03T23:19:20.204Z level=INFO msg=redelivery key=pf-s313-graded:2982 partition=2 offset=1465 suppressed=false
time=2026-09-03T23:19:20.225Z level=INFO msg=redelivery key=pf-s313-graded:2985 partition=2 offset=1466 suppressed=false
time=2026-09-03T23:19:20.244Z level=INFO msg=redelivery key=pf-s313-graded:2988 partition=2 offset=1467 suppressed=false
time=2026-09-03T23:19:20.263Z level=INFO msg=redelivery key=pf-s313-graded:2989 partition=2 offset=1468 suppressed=false
time=2026-09-03T23:19:20.284Z level=INFO msg=redelivery key=pf-s313-graded:2990 partition=2 offset=1469 suppressed=false
time=2026-09-03T23:19:20.304Z level=INFO msg=redelivery key=pf-s313-graded:2992 partition=2 offset=1470 suppressed=false
time=2026-09-03T23:19:20.324Z level=INFO msg=redelivery key=pf-s313-graded:2998 partition=2 offset=1471 suppressed=false
time=2026-09-03T23:19:20.344Z level=INFO msg=redelivery key=pf-s313-graded:3002 partition=2 offset=1472 suppressed=false
time=2026-09-03T23:19:20.363Z level=INFO msg=redelivery key=pf-s313-graded:3003 partition=2 offset=1473 suppressed=false
time=2026-09-03T23:19:20.384Z level=INFO msg=redelivery key=pf-s313-graded:3004 partition=2 offset=1474 suppressed=false
time=2026-09-03T23:19:20.404Z level=INFO msg=redelivery key=pf-s313-graded:3005 partition=2 offset=1475 suppressed=false
time=2026-09-03T23:19:20.424Z level=INFO msg=redelivery key=pf-s313-graded:3012 partition=2 offset=1476 suppressed=false
time=2026-09-03T23:19:20.444Z level=INFO msg=redelivery key=pf-s313-graded:3013 partition=2 offset=1477 suppressed=false
time=2026-09-03T23:19:20.463Z level=INFO msg=redelivery key=pf-s313-graded:3016 partition=2 offset=1478 suppressed=false
time=2026-09-03T23:19:20.484Z level=INFO msg=redelivery key=pf-s313-graded:3020 partition=2 offset=1479 suppressed=false
time=2026-09-03T23:19:20.505Z level=INFO msg=redelivery key=pf-s313-graded:3022 partition=2 offset=1480 suppressed=false
time=2026-09-03T23:19:20.524Z level=INFO msg=redelivery key=pf-s313-graded:3024 partition=2 offset=1481 suppressed=false
time=2026-09-03T23:19:20.544Z level=INFO msg=redelivery key=pf-s313-graded:3026 partition=2 offset=1482 suppressed=false
time=2026-09-03T23:19:20.564Z level=INFO msg=redelivery key=pf-s313-graded:3028 partition=2 offset=1483 suppressed=false
time=2026-09-03T23:19:20.583Z level=INFO msg=redelivery key=pf-s313-graded:3031 partition=2 offset=1484 suppressed=false
time=2026-09-03T23:19:20.605Z level=INFO msg=redelivery key=pf-s313-graded:3039 partition=2 offset=1485 suppressed=false
time=2026-09-03T23:19:20.624Z level=INFO msg=redelivery key=pf-s313-graded:3041 partition=2 offset=1486 suppressed=false
time=2026-09-03T23:19:20.644Z level=INFO msg=redelivery key=pf-s313-graded:3042 partition=2 offset=1487 suppressed=false
time=2026-09-03T23:19:20.664Z level=INFO msg=redelivery key=pf-s313-graded:3046 partition=2 offset=1488 suppressed=false
time=2026-09-03T23:19:20.684Z level=INFO msg=redelivery key=pf-s313-graded:3050 partition=2 offset=1489 suppressed=false
time=2026-09-03T23:19:20.704Z level=INFO msg=redelivery key=pf-s313-graded:3051 partition=2 offset=1490 suppressed=false
time=2026-09-03T23:19:20.723Z level=INFO msg=redelivery key=pf-s313-graded:3053 partition=2 offset=1491 suppressed=false
time=2026-09-03T23:19:20.744Z level=INFO msg=redelivery key=pf-s313-graded:3059 partition=2 offset=1492 suppressed=false
time=2026-09-03T23:19:20.764Z level=INFO msg=redelivery key=pf-s313-graded:3062 partition=2 offset=1493 suppressed=false
time=2026-09-03T23:19:20.783Z level=INFO msg=redelivery key=pf-s313-graded:3063 partition=2 offset=1494 suppressed=false
time=2026-09-03T23:19:20.804Z level=INFO msg=redelivery key=pf-s313-graded:3065 partition=2 offset=1495 suppressed=false
time=2026-09-03T23:19:20.824Z level=INFO msg=redelivery key=pf-s313-graded:3066 partition=2 offset=1496 suppressed=false
time=2026-09-03T23:19:20.844Z level=INFO msg=redelivery key=pf-s313-graded:3067 partition=2 offset=1497 suppressed=false
time=2026-09-03T23:19:20.864Z level=INFO msg=redelivery key=pf-s313-graded:3069 partition=2 offset=1498 suppressed=false
time=2026-09-03T23:19:20.884Z level=INFO msg=redelivery key=pf-s313-graded:3070 partition=2 offset=1499 suppressed=false
time=2026-09-03T23:19:20.904Z level=INFO msg=redelivery key=pf-s313-graded:3071 partition=2 offset=1500 suppressed=false
time=2026-09-03T23:19:20.924Z level=INFO msg=redelivery key=pf-s313-graded:3073 partition=2 offset=1501 suppressed=false
time=2026-09-03T23:19:20.944Z level=INFO msg=redelivery key=pf-s313-graded:3074 partition=2 offset=1502 suppressed=false
time=2026-09-03T23:19:20.966Z level=INFO msg=redelivery key=pf-s313-graded:3075 partition=2 offset=1503 suppressed=false
time=2026-09-03T23:19:20.984Z level=INFO msg=redelivery key=pf-s313-graded:3076 partition=2 offset=1504 suppressed=false
time=2026-09-03T23:19:21.004Z level=INFO msg=redelivery key=pf-s313-graded:3077 partition=2 offset=1505 suppressed=false
time=2026-09-03T23:19:21.026Z level=INFO msg=redelivery key=pf-s313-graded:3079 partition=2 offset=1506 suppressed=false
time=2026-09-03T23:19:21.045Z level=INFO msg=redelivery key=pf-s313-graded:3080 partition=2 offset=1507 suppressed=false
time=2026-09-03T23:19:21.064Z level=INFO msg=redelivery key=pf-s313-graded:3085 partition=2 offset=1508 suppressed=false
time=2026-09-03T23:19:21.084Z level=INFO msg=redelivery key=pf-s313-graded:3087 partition=2 offset=1509 suppressed=false
time=2026-09-03T23:19:21.104Z level=INFO msg=redelivery key=pf-s313-graded:3088 partition=2 offset=1510 suppressed=false
time=2026-09-03T23:19:21.124Z level=INFO msg=redelivery key=pf-s313-graded:3091 partition=2 offset=1511 suppressed=false
time=2026-09-03T23:19:21.144Z level=INFO msg=redelivery key=pf-s313-graded:3092 partition=2 offset=1512 suppressed=false
time=2026-09-03T23:19:21.164Z level=INFO msg=redelivery key=pf-s313-graded:3093 partition=2 offset=1513 suppressed=false
time=2026-09-03T23:19:21.184Z level=INFO msg=redelivery key=pf-s313-graded:3094 partition=2 offset=1514 suppressed=false
time=2026-09-03T23:19:21.205Z level=INFO msg=redelivery key=pf-s313-graded:3098 partition=2 offset=1515 suppressed=false
time=2026-09-03T23:19:21.224Z level=INFO msg=redelivery key=pf-s313-graded:3100 partition=2 offset=1516 suppressed=false
time=2026-09-03T23:19:21.244Z level=INFO msg=redelivery key=pf-s313-graded:3104 partition=2 offset=1517 suppressed=false
time=2026-09-03T23:19:21.264Z level=INFO msg=redelivery key=pf-s313-graded:3106 partition=2 offset=1518 suppressed=false
time=2026-09-03T23:19:21.285Z level=INFO msg=redelivery key=pf-s313-graded:3108 partition=2 offset=1519 suppressed=false
time=2026-09-03T23:19:21.304Z level=INFO msg=redelivery key=pf-s313-graded:3111 partition=2 offset=1520 suppressed=false
time=2026-09-03T23:19:21.324Z level=INFO msg=redelivery key=pf-s313-graded:3112 partition=2 offset=1521 suppressed=false
time=2026-09-03T23:19:21.343Z level=INFO msg=redelivery key=pf-s313-graded:3115 partition=2 offset=1522 suppressed=false
time=2026-09-03T23:19:21.364Z level=INFO msg=redelivery key=pf-s313-graded:3116 partition=2 offset=1523 suppressed=false
time=2026-09-03T23:19:21.384Z level=INFO msg=redelivery key=pf-s313-graded:3117 partition=2 offset=1524 suppressed=false
time=2026-09-03T23:19:21.409Z level=INFO msg=redelivery key=pf-s313-graded:3119 partition=2 offset=1525 suppressed=false
time=2026-09-03T23:19:21.429Z level=INFO msg=redelivery key=pf-s313-graded:3121 partition=2 offset=1526 suppressed=false
time=2026-09-03T23:19:21.447Z level=INFO msg=redelivery key=pf-s313-graded:3123 partition=2 offset=1527 suppressed=false
time=2026-09-03T23:19:21.463Z level=INFO msg=redelivery key=pf-s313-graded:3125 partition=2 offset=1528 suppressed=false
time=2026-09-03T23:19:21.490Z level=INFO msg=redelivery key=pf-s313-graded:3126 partition=2 offset=1529 suppressed=false
time=2026-09-03T23:19:21.624Z level=INFO msg="fault injected: rewinding instead of committing" key=pf-s313-graded:3374 partition=0 offset=874 epoch=0
time=2026-09-03T23:19:21.624Z level=INFO msg="fault injected: rewinding instead of committing" key=pf-s313-graded:3083 partition=1 offset=771 epoch=0
time=2026-09-03T23:19:21.644Z level=INFO msg=redelivery key=pf-s313-graded:3083 partition=1 offset=771 suppressed=false
time=2026-09-03T23:19:21.664Z level=INFO msg=redelivery key=pf-s313-graded:3089 partition=1 offset=772 suppressed=false
time=2026-09-03T23:19:21.684Z level=INFO msg=redelivery key=pf-s313-graded:3095 partition=1 offset=773 suppressed=false
time=2026-09-03T23:19:21.704Z level=INFO msg=redelivery key=pf-s313-graded:3099 partition=1 offset=774 suppressed=false
time=2026-09-03T23:19:21.724Z level=INFO msg=redelivery key=pf-s313-graded:3105 partition=1 offset=775 suppressed=false
time=2026-09-03T23:19:21.744Z level=INFO msg=redelivery key=pf-s313-graded:3107 partition=1 offset=776 suppressed=false
time=2026-09-03T23:19:21.764Z level=INFO msg=redelivery key=pf-s313-graded:3110 partition=1 offset=777 suppressed=false
time=2026-09-03T23:19:21.786Z level=INFO msg=redelivery key=pf-s313-graded:3113 partition=1 offset=778 suppressed=false
time=2026-09-03T23:19:21.804Z level=INFO msg=redelivery key=pf-s313-graded:3114 partition=1 offset=779 suppressed=false
time=2026-09-03T23:19:21.825Z level=INFO msg=redelivery key=pf-s313-graded:3124 partition=1 offset=780 suppressed=false
time=2026-09-03T23:19:21.844Z level=INFO msg=redelivery key=pf-s313-graded:3127 partition=1 offset=781 suppressed=false
time=2026-09-03T23:19:21.864Z level=INFO msg=redelivery key=pf-s313-graded:3135 partition=1 offset=782 suppressed=false
time=2026-09-03T23:19:21.884Z level=INFO msg=redelivery key=pf-s313-graded:3137 partition=1 offset=783 suppressed=false
time=2026-09-03T23:19:21.905Z level=INFO msg=redelivery key=pf-s313-graded:3142 partition=1 offset=784 suppressed=false
time=2026-09-03T23:19:21.924Z level=INFO msg=redelivery key=pf-s313-graded:3145 partition=1 offset=785 suppressed=false
time=2026-09-03T23:19:21.945Z level=INFO msg=redelivery key=pf-s313-graded:3146 partition=1 offset=786 suppressed=false
time=2026-09-03T23:19:21.964Z level=INFO msg=redelivery key=pf-s313-graded:3154 partition=1 offset=787 suppressed=false
time=2026-09-03T23:19:21.983Z level=INFO msg=redelivery key=pf-s313-graded:3155 partition=1 offset=788 suppressed=false
time=2026-09-03T23:19:22.004Z level=INFO msg=redelivery key=pf-s313-graded:3163 partition=1 offset=789 suppressed=false
time=2026-09-03T23:19:22.024Z level=INFO msg=redelivery key=pf-s313-graded:3167 partition=1 offset=790 suppressed=false
time=2026-09-03T23:19:22.044Z level=INFO msg=redelivery key=pf-s313-graded:3168 partition=1 offset=791 suppressed=false
time=2026-09-03T23:19:22.064Z level=INFO msg=redelivery key=pf-s313-graded:3175 partition=1 offset=792 suppressed=false
time=2026-09-03T23:19:22.084Z level=INFO msg=redelivery key=pf-s313-graded:3176 partition=1 offset=793 suppressed=false
time=2026-09-03T23:19:22.104Z level=INFO msg=redelivery key=pf-s313-graded:3179 partition=1 offset=794 suppressed=false
time=2026-09-03T23:19:22.123Z level=INFO msg=redelivery key=pf-s313-graded:3182 partition=1 offset=795 suppressed=false
time=2026-09-03T23:19:22.144Z level=INFO msg=redelivery key=pf-s313-graded:3184 partition=1 offset=796 suppressed=false
time=2026-09-03T23:19:22.164Z level=INFO msg=redelivery key=pf-s313-graded:3189 partition=1 offset=797 suppressed=false
time=2026-09-03T23:19:22.184Z level=INFO msg=redelivery key=pf-s313-graded:3191 partition=1 offset=798 suppressed=false
time=2026-09-03T23:19:22.205Z level=INFO msg=redelivery key=pf-s313-graded:3193 partition=1 offset=799 suppressed=false
time=2026-09-03T23:19:22.225Z level=INFO msg=redelivery key=pf-s313-graded:3195 partition=1 offset=800 suppressed=false
time=2026-09-03T23:19:22.246Z level=INFO msg=redelivery key=pf-s313-graded:3198 partition=1 offset=801 suppressed=false
time=2026-09-03T23:19:22.263Z level=INFO msg=redelivery key=pf-s313-graded:3202 partition=1 offset=802 suppressed=false
time=2026-09-03T23:19:22.284Z level=INFO msg=redelivery key=pf-s313-graded:3207 partition=1 offset=803 suppressed=false
time=2026-09-03T23:19:22.304Z level=INFO msg=redelivery key=pf-s313-graded:3209 partition=1 offset=804 suppressed=false
time=2026-09-03T23:19:22.325Z level=INFO msg=redelivery key=pf-s313-graded:3212 partition=1 offset=805 suppressed=false
time=2026-09-03T23:19:22.346Z level=INFO msg=redelivery key=pf-s313-graded:3216 partition=1 offset=806 suppressed=false
time=2026-09-03T23:19:22.363Z level=INFO msg=redelivery key=pf-s313-graded:3218 partition=1 offset=807 suppressed=false
time=2026-09-03T23:19:22.384Z level=INFO msg=redelivery key=pf-s313-graded:3224 partition=1 offset=808 suppressed=false
time=2026-09-03T23:19:22.404Z level=INFO msg=redelivery key=pf-s313-graded:3225 partition=1 offset=809 suppressed=false
time=2026-09-03T23:19:22.424Z level=INFO msg=redelivery key=pf-s313-graded:3231 partition=1 offset=810 suppressed=false
time=2026-09-03T23:19:22.444Z level=INFO msg=redelivery key=pf-s313-graded:3233 partition=1 offset=811 suppressed=false
time=2026-09-03T23:19:22.464Z level=INFO msg=redelivery key=pf-s313-graded:3246 partition=1 offset=812 suppressed=false
time=2026-09-03T23:19:22.484Z level=INFO msg=redelivery key=pf-s313-graded:3250 partition=1 offset=813 suppressed=false
time=2026-09-03T23:19:22.504Z level=INFO msg=redelivery key=pf-s313-graded:3252 partition=1 offset=814 suppressed=false
time=2026-09-03T23:19:22.524Z level=INFO msg=redelivery key=pf-s313-graded:3266 partition=1 offset=815 suppressed=false
time=2026-09-03T23:19:22.544Z level=INFO msg=redelivery key=pf-s313-graded:3271 partition=1 offset=816 suppressed=false
time=2026-09-03T23:19:22.564Z level=INFO msg=redelivery key=pf-s313-graded:3276 partition=1 offset=817 suppressed=false
time=2026-09-03T23:19:22.584Z level=INFO msg=redelivery key=pf-s313-graded:3278 partition=1 offset=818 suppressed=false
time=2026-09-03T23:19:22.604Z level=INFO msg=redelivery key=pf-s313-graded:3280 partition=1 offset=819 suppressed=false
time=2026-09-03T23:19:22.624Z level=INFO msg=redelivery key=pf-s313-graded:3286 partition=1 offset=820 suppressed=false
time=2026-09-03T23:19:22.644Z level=INFO msg=redelivery key=pf-s313-graded:3287 partition=1 offset=821 suppressed=false
time=2026-09-03T23:19:22.664Z level=INFO msg=redelivery key=pf-s313-graded:3293 partition=1 offset=822 suppressed=false
time=2026-09-03T23:19:22.684Z level=INFO msg=redelivery key=pf-s313-graded:3294 partition=1 offset=823 suppressed=false
time=2026-09-03T23:19:22.703Z level=INFO msg=redelivery key=pf-s313-graded:3298 partition=1 offset=824 suppressed=false
time=2026-09-03T23:19:22.724Z level=INFO msg=redelivery key=pf-s313-graded:3300 partition=1 offset=825 suppressed=false
time=2026-09-03T23:19:22.744Z level=INFO msg=redelivery key=pf-s313-graded:3302 partition=1 offset=826 suppressed=false
time=2026-09-03T23:19:22.769Z level=INFO msg=redelivery key=pf-s313-graded:3308 partition=1 offset=827 suppressed=false
time=2026-09-03T23:19:22.784Z level=INFO msg=redelivery key=pf-s313-graded:3309 partition=1 offset=828 suppressed=false
time=2026-09-03T23:19:22.804Z level=INFO msg=redelivery key=pf-s313-graded:3312 partition=1 offset=829 suppressed=false
time=2026-09-03T23:19:22.824Z level=INFO msg=redelivery key=pf-s313-graded:3315 partition=1 offset=830 suppressed=false
time=2026-09-03T23:19:22.845Z level=INFO msg=redelivery key=pf-s313-graded:3316 partition=1 offset=831 suppressed=false
time=2026-09-03T23:19:22.866Z level=INFO msg=redelivery key=pf-s313-graded:3318 partition=1 offset=832 suppressed=false
time=2026-09-03T23:19:22.885Z level=INFO msg=redelivery key=pf-s313-graded:3322 partition=1 offset=833 suppressed=false
time=2026-09-03T23:19:22.904Z level=INFO msg=redelivery key=pf-s313-graded:3335 partition=1 offset=834 suppressed=false
time=2026-09-03T23:19:22.924Z level=INFO msg=redelivery key=pf-s313-graded:3344 partition=1 offset=835 suppressed=false
time=2026-09-03T23:19:22.944Z level=INFO msg=redelivery key=pf-s313-graded:3345 partition=1 offset=836 suppressed=false
time=2026-09-03T23:19:22.964Z level=INFO msg=redelivery key=pf-s313-graded:3349 partition=1 offset=837 suppressed=false
time=2026-09-03T23:19:22.984Z level=INFO msg=redelivery key=pf-s313-graded:3352 partition=1 offset=838 suppressed=false
time=2026-09-03T23:19:23.005Z level=INFO msg=redelivery key=pf-s313-graded:3353 partition=1 offset=839 suppressed=false
time=2026-09-03T23:19:23.023Z level=INFO msg=redelivery key=pf-s313-graded:3355 partition=1 offset=840 suppressed=false
time=2026-09-03T23:19:23.044Z level=INFO msg=redelivery key=pf-s313-graded:3360 partition=1 offset=841 suppressed=false
time=2026-09-03T23:19:23.063Z level=INFO msg=redelivery key=pf-s313-graded:3361 partition=1 offset=842 suppressed=false
time=2026-09-03T23:19:23.084Z level=INFO msg=redelivery key=pf-s313-graded:3362 partition=1 offset=843 suppressed=false
time=2026-09-03T23:19:23.105Z level=INFO msg=redelivery key=pf-s313-graded:3367 partition=1 offset=844 suppressed=false
time=2026-09-03T23:19:23.124Z level=INFO msg=redelivery key=pf-s313-graded:3371 partition=1 offset=845 suppressed=false
time=2026-09-03T23:19:23.144Z level=INFO msg=redelivery key=pf-s313-graded:3375 partition=1 offset=846 suppressed=false
time=2026-09-03T23:19:23.164Z level=INFO msg=redelivery key=pf-s313-graded:3380 partition=1 offset=847 suppressed=false
time=2026-09-03T23:19:23.184Z level=INFO msg=redelivery key=pf-s313-graded:3381 partition=1 offset=848 suppressed=false
time=2026-09-03T23:19:23.204Z level=INFO msg=redelivery key=pf-s313-graded:3384 partition=1 offset=849 suppressed=false
time=2026-09-03T23:19:23.224Z level=INFO msg=redelivery key=pf-s313-graded:3392 partition=1 offset=850 suppressed=false
time=2026-09-03T23:19:23.244Z level=INFO msg=redelivery key=pf-s313-graded:3396 partition=1 offset=851 suppressed=false
time=2026-09-03T23:19:23.264Z level=INFO msg=redelivery key=pf-s313-graded:3397 partition=1 offset=852 suppressed=false
time=2026-09-03T23:19:23.284Z level=INFO msg=redelivery key=pf-s313-graded:3402 partition=1 offset=853 suppressed=false
time=2026-09-03T23:19:23.304Z level=INFO msg=redelivery key=pf-s313-graded:3405 partition=1 offset=854 suppressed=false
time=2026-09-03T23:19:23.324Z level=INFO msg=redelivery key=pf-s313-graded:3412 partition=1 offset=855 suppressed=false
time=2026-09-03T23:19:23.344Z level=INFO msg=redelivery key=pf-s313-graded:3417 partition=1 offset=856 suppressed=false
time=2026-09-03T23:19:23.364Z level=INFO msg=redelivery key=pf-s313-graded:3419 partition=1 offset=857 suppressed=false
time=2026-09-03T23:19:23.384Z level=INFO msg=redelivery key=pf-s313-graded:3422 partition=1 offset=858 suppressed=false
time=2026-09-03T23:19:23.403Z level=INFO msg=redelivery key=pf-s313-graded:3435 partition=1 offset=859 suppressed=false
time=2026-09-03T23:19:23.424Z level=INFO msg=redelivery key=pf-s313-graded:3448 partition=1 offset=860 suppressed=false
time=2026-09-03T23:19:23.444Z level=INFO msg=redelivery key=pf-s313-graded:3454 partition=1 offset=861 suppressed=false
time=2026-09-03T23:19:23.464Z level=INFO msg=redelivery key=pf-s313-graded:3456 partition=1 offset=862 suppressed=false
time=2026-09-03T23:19:23.484Z level=INFO msg=redelivery key=pf-s313-graded:3459 partition=1 offset=863 suppressed=false
time=2026-09-03T23:19:23.504Z level=INFO msg=redelivery key=pf-s313-graded:3460 partition=1 offset=864 suppressed=false
time=2026-09-03T23:19:23.524Z level=INFO msg=redelivery key=pf-s313-graded:3462 partition=1 offset=865 suppressed=false
time=2026-09-03T23:19:23.544Z level=INFO msg=redelivery key=pf-s313-graded:3465 partition=1 offset=866 suppressed=false
time=2026-09-03T23:19:23.564Z level=INFO msg=redelivery key=pf-s313-graded:3467 partition=1 offset=867 suppressed=false
time=2026-09-03T23:19:23.584Z level=INFO msg=redelivery key=pf-s313-graded:3468 partition=1 offset=868 suppressed=false
time=2026-09-03T23:19:23.604Z level=INFO msg=redelivery key=pf-s313-graded:3470 partition=1 offset=869 suppressed=false
time=2026-09-03T23:19:23.624Z level=INFO msg=redelivery key=pf-s313-graded:3472 partition=1 offset=870 suppressed=false
time=2026-09-03T23:19:23.646Z level=INFO msg=redelivery key=pf-s313-graded:3473 partition=1 offset=871 suppressed=false
time=2026-09-03T23:19:23.664Z level=INFO msg=redelivery key=pf-s313-graded:3479 partition=1 offset=872 suppressed=false
time=2026-09-03T23:19:23.684Z level=INFO msg=redelivery key=pf-s313-graded:3480 partition=1 offset=873 suppressed=false
time=2026-09-03T23:19:23.704Z level=INFO msg=redelivery key=pf-s313-graded:3481 partition=1 offset=874 suppressed=false
time=2026-09-03T23:19:23.724Z level=INFO msg=redelivery key=pf-s313-graded:3485 partition=1 offset=875 suppressed=false
time=2026-09-03T23:19:23.744Z level=INFO msg=redelivery key=pf-s313-graded:3487 partition=1 offset=876 suppressed=false
time=2026-09-03T23:19:23.764Z level=INFO msg=redelivery key=pf-s313-graded:3488 partition=1 offset=877 suppressed=false
time=2026-09-03T23:19:23.784Z level=INFO msg=redelivery key=pf-s313-graded:3489 partition=1 offset=878 suppressed=false
time=2026-09-03T23:19:23.804Z level=INFO msg=redelivery key=pf-s313-graded:3493 partition=1 offset=879 suppressed=false
time=2026-09-03T23:19:23.823Z level=INFO msg=redelivery key=pf-s313-graded:3501 partition=1 offset=880 suppressed=false
time=2026-09-03T23:19:23.844Z level=INFO msg=redelivery key=pf-s313-graded:3504 partition=1 offset=881 suppressed=false
time=2026-09-03T23:19:23.864Z level=INFO msg=redelivery key=pf-s313-graded:3507 partition=1 offset=882 suppressed=false
time=2026-09-03T23:19:23.884Z level=INFO msg=redelivery key=pf-s313-graded:3508 partition=1 offset=883 suppressed=false
time=2026-09-03T23:19:23.904Z level=INFO msg=redelivery key=pf-s313-graded:3511 partition=1 offset=884 suppressed=false
time=2026-09-03T23:19:23.924Z level=INFO msg=redelivery key=pf-s313-graded:3514 partition=1 offset=885 suppressed=false
time=2026-09-03T23:19:23.944Z level=INFO msg=redelivery key=pf-s313-graded:3520 partition=1 offset=886 suppressed=false
time=2026-09-03T23:19:23.964Z level=INFO msg=redelivery key=pf-s313-graded:3521 partition=1 offset=887 suppressed=false
time=2026-09-03T23:19:23.984Z level=INFO msg=redelivery key=pf-s313-graded:3529 partition=1 offset=888 suppressed=false
time=2026-09-03T23:19:24.004Z level=INFO msg=redelivery key=pf-s313-graded:3531 partition=1 offset=889 suppressed=false
time=2026-09-03T23:19:24.024Z level=INFO msg=redelivery key=pf-s313-graded:3533 partition=1 offset=890 suppressed=false
time=2026-09-03T23:19:24.044Z level=INFO msg=redelivery key=pf-s313-graded:3534 partition=1 offset=891 suppressed=false
time=2026-09-03T23:19:24.064Z level=INFO msg=redelivery key=pf-s313-graded:3535 partition=1 offset=892 suppressed=false
time=2026-09-03T23:19:24.084Z level=INFO msg=redelivery key=pf-s313-graded:3538 partition=1 offset=893 suppressed=false
time=2026-09-03T23:19:24.104Z level=INFO msg=redelivery key=pf-s313-graded:3540 partition=1 offset=894 suppressed=false
time=2026-09-03T23:19:24.124Z level=INFO msg=redelivery key=pf-s313-graded:3544 partition=1 offset=895 suppressed=false
time=2026-09-03T23:19:24.144Z level=INFO msg=redelivery key=pf-s313-graded:3550 partition=1 offset=896 suppressed=false
time=2026-09-03T23:19:24.164Z level=INFO msg=redelivery key=pf-s313-graded:3553 partition=1 offset=897 suppressed=false
time=2026-09-03T23:19:24.184Z level=INFO msg=redelivery key=pf-s313-graded:3560 partition=1 offset=898 suppressed=false
time=2026-09-03T23:19:24.204Z level=INFO msg=redelivery key=pf-s313-graded:3564 partition=1 offset=899 suppressed=false
time=2026-09-03T23:19:24.224Z level=INFO msg=redelivery key=pf-s313-graded:3565 partition=1 offset=900 suppressed=false
time=2026-09-03T23:19:24.245Z level=INFO msg=redelivery key=pf-s313-graded:3566 partition=1 offset=901 suppressed=false
time=2026-09-03T23:19:24.266Z level=INFO msg=redelivery key=pf-s313-graded:3570 partition=1 offset=902 suppressed=false
time=2026-09-03T23:19:24.286Z level=INFO msg=redelivery key=pf-s313-graded:3575 partition=1 offset=903 suppressed=false
time=2026-09-03T23:19:24.303Z level=INFO msg=redelivery key=pf-s313-graded:3576 partition=1 offset=904 suppressed=false
time=2026-09-03T23:19:24.324Z level=INFO msg=redelivery key=pf-s313-graded:3577 partition=1 offset=905 suppressed=false
time=2026-09-03T23:19:24.344Z level=INFO msg=redelivery key=pf-s313-graded:3578 partition=1 offset=906 suppressed=false
time=2026-09-03T23:19:24.364Z level=INFO msg=redelivery key=pf-s313-graded:3587 partition=1 offset=907 suppressed=false
time=2026-09-03T23:19:24.384Z level=INFO msg=redelivery key=pf-s313-graded:3590 partition=1 offset=908 suppressed=false
time=2026-09-03T23:19:24.404Z level=INFO msg=redelivery key=pf-s313-graded:3591 partition=1 offset=909 suppressed=false
time=2026-09-03T23:19:24.424Z level=INFO msg=redelivery key=pf-s313-graded:3593 partition=1 offset=910 suppressed=false
time=2026-09-03T23:19:24.444Z level=INFO msg=redelivery key=pf-s313-graded:3598 partition=1 offset=911 suppressed=false
time=2026-09-03T23:19:24.464Z level=INFO msg=redelivery key=pf-s313-graded:3603 partition=1 offset=912 suppressed=false
time=2026-09-03T23:19:24.484Z level=INFO msg=redelivery key=pf-s313-graded:3604 partition=1 offset=913 suppressed=false
time=2026-09-03T23:19:24.504Z level=INFO msg=redelivery key=pf-s313-graded:3605 partition=1 offset=914 suppressed=false
time=2026-09-03T23:19:24.524Z level=INFO msg=redelivery key=pf-s313-graded:3616 partition=1 offset=915 suppressed=false
time=2026-09-03T23:19:31.624Z level=INFO msg="fault injected: rewinding instead of committing" key=pf-s313-graded:3227 partition=2 offset=1579 epoch=0
time=2026-09-03T23:19:31.644Z level=INFO msg=redelivery key=pf-s313-graded:3227 partition=2 offset=1579 suppressed=false
time=2026-09-03T23:19:31.664Z level=INFO msg=redelivery key=pf-s313-graded:3229 partition=2 offset=1580 suppressed=false
time=2026-09-03T23:19:31.684Z level=INFO msg=redelivery key=pf-s313-graded:3230 partition=2 offset=1581 suppressed=false
time=2026-09-03T23:19:31.703Z level=INFO msg=redelivery key=pf-s313-graded:3232 partition=2 offset=1582 suppressed=false
time=2026-09-03T23:19:31.725Z level=INFO msg=redelivery key=pf-s313-graded:3234 partition=2 offset=1583 suppressed=false
time=2026-09-03T23:19:31.746Z level=INFO msg=redelivery key=pf-s313-graded:3236 partition=2 offset=1584 suppressed=false
time=2026-09-03T23:19:31.764Z level=INFO msg=redelivery key=pf-s313-graded:3237 partition=2 offset=1585 suppressed=false
time=2026-09-03T23:19:31.783Z level=INFO msg=redelivery key=pf-s313-graded:3238 partition=2 offset=1586 suppressed=false
time=2026-09-03T23:19:31.804Z level=INFO msg=redelivery key=pf-s313-graded:3239 partition=2 offset=1587 suppressed=false
time=2026-09-03T23:19:31.824Z level=INFO msg=redelivery key=pf-s313-graded:3241 partition=2 offset=1588 suppressed=false
time=2026-09-03T23:19:31.844Z level=INFO msg=redelivery key=pf-s313-graded:3242 partition=2 offset=1589 suppressed=false
time=2026-09-03T23:19:31.864Z level=INFO msg=redelivery key=pf-s313-graded:3245 partition=2 offset=1590 suppressed=false
time=2026-09-03T23:19:31.884Z level=INFO msg=redelivery key=pf-s313-graded:3247 partition=2 offset=1591 suppressed=false
time=2026-09-03T23:19:31.904Z level=INFO msg=redelivery key=pf-s313-graded:3249 partition=2 offset=1592 suppressed=false
time=2026-09-03T23:19:31.924Z level=INFO msg=redelivery key=pf-s313-graded:3255 partition=2 offset=1593 suppressed=false
time=2026-09-03T23:19:31.944Z level=INFO msg=redelivery key=pf-s313-graded:3256 partition=2 offset=1594 suppressed=false
time=2026-09-03T23:19:31.964Z level=INFO msg=redelivery key=pf-s313-graded:3257 partition=2 offset=1595 suppressed=false
time=2026-09-03T23:19:31.984Z level=INFO msg=redelivery key=pf-s313-graded:3259 partition=2 offset=1596 suppressed=false
time=2026-09-03T23:19:32.004Z level=INFO msg=redelivery key=pf-s313-graded:3260 partition=2 offset=1597 suppressed=false
time=2026-09-03T23:19:32.024Z level=INFO msg=redelivery key=pf-s313-graded:3261 partition=2 offset=1598 suppressed=false
time=2026-09-03T23:19:32.044Z level=INFO msg=redelivery key=pf-s313-graded:3262 partition=2 offset=1599 suppressed=false
time=2026-09-03T23:19:32.064Z level=INFO msg=redelivery key=pf-s313-graded:3263 partition=2 offset=1600 suppressed=false
time=2026-09-03T23:19:32.084Z level=INFO msg=redelivery key=pf-s313-graded:3264 partition=2 offset=1601 suppressed=false
time=2026-09-03T23:19:32.104Z level=INFO msg=redelivery key=pf-s313-graded:3265 partition=2 offset=1602 suppressed=false
time=2026-09-03T23:19:32.124Z level=INFO msg=redelivery key=pf-s313-graded:3268 partition=2 offset=1603 suppressed=false
time=2026-09-03T23:19:32.143Z level=INFO msg=redelivery key=pf-s313-graded:3270 partition=2 offset=1604 suppressed=false
time=2026-09-03T23:19:32.164Z level=INFO msg=redelivery key=pf-s313-graded:3272 partition=2 offset=1605 suppressed=false
time=2026-09-03T23:19:32.184Z level=INFO msg=redelivery key=pf-s313-graded:3274 partition=2 offset=1606 suppressed=false
time=2026-09-03T23:19:32.204Z level=INFO msg=redelivery key=pf-s313-graded:3275 partition=2 offset=1607 suppressed=false
time=2026-09-03T23:19:32.224Z level=INFO msg=redelivery key=pf-s313-graded:3277 partition=2 offset=1608 suppressed=false
time=2026-09-03T23:19:32.244Z level=INFO msg=redelivery key=pf-s313-graded:3281 partition=2 offset=1609 suppressed=false
time=2026-09-03T23:19:32.264Z level=INFO msg=redelivery key=pf-s313-graded:3282 partition=2 offset=1610 suppressed=false
time=2026-09-03T23:19:32.284Z level=INFO msg=redelivery key=pf-s313-graded:3284 partition=2 offset=1611 suppressed=false
time=2026-09-03T23:19:32.304Z level=INFO msg=redelivery key=pf-s313-graded:3285 partition=2 offset=1612 suppressed=false
time=2026-09-03T23:19:32.324Z level=INFO msg=redelivery key=pf-s313-graded:3291 partition=2 offset=1613 suppressed=false
time=2026-09-03T23:19:32.344Z level=INFO msg=redelivery key=pf-s313-graded:3295 partition=2 offset=1614 suppressed=false
time=2026-09-03T23:19:32.364Z level=INFO msg=redelivery key=pf-s313-graded:3296 partition=2 offset=1615 suppressed=false
time=2026-09-03T23:19:32.384Z level=INFO msg=redelivery key=pf-s313-graded:3297 partition=2 offset=1616 suppressed=false
time=2026-09-03T23:19:32.404Z level=INFO msg=redelivery key=pf-s313-graded:3301 partition=2 offset=1617 suppressed=false
time=2026-09-03T23:19:32.424Z level=INFO msg=redelivery key=pf-s313-graded:3303 partition=2 offset=1618 suppressed=false
time=2026-09-03T23:19:32.444Z level=INFO msg=redelivery key=pf-s313-graded:3305 partition=2 offset=1619 suppressed=false
time=2026-09-03T23:19:32.464Z level=INFO msg=redelivery key=pf-s313-graded:3306 partition=2 offset=1620 suppressed=false
time=2026-09-03T23:19:32.483Z level=INFO msg=redelivery key=pf-s313-graded:3310 partition=2 offset=1621 suppressed=false
time=2026-09-03T23:19:32.504Z level=INFO msg=redelivery key=pf-s313-graded:3311 partition=2 offset=1622 suppressed=false
time=2026-09-03T23:19:32.524Z level=INFO msg=redelivery key=pf-s313-graded:3313 partition=2 offset=1623 suppressed=false
time=2026-09-03T23:19:32.544Z level=INFO msg=redelivery key=pf-s313-graded:3314 partition=2 offset=1624 suppressed=false
time=2026-09-03T23:19:32.564Z level=INFO msg=redelivery key=pf-s313-graded:3319 partition=2 offset=1625 suppressed=false
time=2026-09-03T23:19:32.584Z level=INFO msg=redelivery key=pf-s313-graded:3320 partition=2 offset=1626 suppressed=false
time=2026-09-03T23:19:32.604Z level=INFO msg=redelivery key=pf-s313-graded:3324 partition=2 offset=1627 suppressed=false
time=2026-09-03T23:19:32.624Z level=INFO msg=redelivery key=pf-s313-graded:3325 partition=2 offset=1628 suppressed=false
time=2026-09-03T23:19:32.644Z level=INFO msg=redelivery key=pf-s313-graded:3326 partition=2 offset=1629 suppressed=false
time=2026-09-03T23:19:32.664Z level=INFO msg=redelivery key=pf-s313-graded:3327 partition=2 offset=1630 suppressed=false
time=2026-09-03T23:19:32.684Z level=INFO msg=redelivery key=pf-s313-graded:3328 partition=2 offset=1631 suppressed=false
time=2026-09-03T23:19:32.704Z level=INFO msg=redelivery key=pf-s313-graded:3330 partition=2 offset=1632 suppressed=false
time=2026-09-03T23:19:32.724Z level=INFO msg=redelivery key=pf-s313-graded:3331 partition=2 offset=1633 suppressed=false
time=2026-09-03T23:19:32.744Z level=INFO msg=redelivery key=pf-s313-graded:3332 partition=2 offset=1634 suppressed=false
time=2026-09-03T23:19:32.764Z level=INFO msg=redelivery key=pf-s313-graded:3333 partition=2 offset=1635 suppressed=false
time=2026-09-03T23:19:32.784Z level=INFO msg=redelivery key=pf-s313-graded:3334 partition=2 offset=1636 suppressed=false
time=2026-09-03T23:19:32.804Z level=INFO msg=redelivery key=pf-s313-graded:3336 partition=2 offset=1637 suppressed=false
time=2026-09-03T23:19:32.824Z level=INFO msg=redelivery key=pf-s313-graded:3338 partition=2 offset=1638 suppressed=false
time=2026-09-03T23:19:32.844Z level=INFO msg=redelivery key=pf-s313-graded:3339 partition=2 offset=1639 suppressed=false
time=2026-09-03T23:19:32.864Z level=INFO msg=redelivery key=pf-s313-graded:3341 partition=2 offset=1640 suppressed=false
time=2026-09-03T23:19:32.884Z level=INFO msg=redelivery key=pf-s313-graded:3342 partition=2 offset=1641 suppressed=false
time=2026-09-03T23:19:32.904Z level=INFO msg=redelivery key=pf-s313-graded:3347 partition=2 offset=1642 suppressed=false
time=2026-09-03T23:19:32.924Z level=INFO msg=redelivery key=pf-s313-graded:3348 partition=2 offset=1643 suppressed=false
time=2026-09-03T23:19:32.944Z level=INFO msg=redelivery key=pf-s313-graded:3350 partition=2 offset=1644 suppressed=false
time=2026-09-03T23:19:32.963Z level=INFO msg=redelivery key=pf-s313-graded:3351 partition=2 offset=1645 suppressed=false
time=2026-09-03T23:19:32.984Z level=INFO msg=redelivery key=pf-s313-graded:3356 partition=2 offset=1646 suppressed=false
time=2026-09-03T23:19:33.003Z level=INFO msg=redelivery key=pf-s313-graded:3363 partition=2 offset=1647 suppressed=false
time=2026-09-03T23:19:33.024Z level=INFO msg=redelivery key=pf-s313-graded:3364 partition=2 offset=1648 suppressed=false
time=2026-09-03T23:19:33.045Z level=INFO msg=redelivery key=pf-s313-graded:3365 partition=2 offset=1649 suppressed=false
time=2026-09-03T23:19:33.064Z level=INFO msg=redelivery key=pf-s313-graded:3366 partition=2 offset=1650 suppressed=false
time=2026-09-03T23:19:33.084Z level=INFO msg=redelivery key=pf-s313-graded:3370 partition=2 offset=1651 suppressed=false
time=2026-09-03T23:19:33.104Z level=INFO msg=redelivery key=pf-s313-graded:3372 partition=2 offset=1652 suppressed=false
time=2026-09-03T23:19:33.126Z level=INFO msg=redelivery key=pf-s313-graded:3378 partition=2 offset=1653 suppressed=false
time=2026-09-03T23:19:33.144Z level=INFO msg=redelivery key=pf-s313-graded:3379 partition=2 offset=1654 suppressed=false
time=2026-09-03T23:19:33.164Z level=INFO msg=redelivery key=pf-s313-graded:3382 partition=2 offset=1655 suppressed=false
time=2026-09-03T23:19:33.184Z level=INFO msg=redelivery key=pf-s313-graded:3389 partition=2 offset=1656 suppressed=false
time=2026-09-03T23:19:33.206Z level=INFO msg=redelivery key=pf-s313-graded:3393 partition=2 offset=1657 suppressed=false
time=2026-09-03T23:19:33.224Z level=INFO msg=redelivery key=pf-s313-graded:3398 partition=2 offset=1658 suppressed=false
time=2026-09-03T23:19:33.244Z level=INFO msg=redelivery key=pf-s313-graded:3400 partition=2 offset=1659 suppressed=false
time=2026-09-03T23:19:33.264Z level=INFO msg=redelivery key=pf-s313-graded:3401 partition=2 offset=1660 suppressed=false
time=2026-09-03T23:19:33.284Z level=INFO msg=redelivery key=pf-s313-graded:3403 partition=2 offset=1661 suppressed=false
time=2026-09-03T23:19:33.304Z level=INFO msg=redelivery key=pf-s313-graded:3406 partition=2 offset=1662 suppressed=false
time=2026-09-03T23:19:33.324Z level=INFO msg=redelivery key=pf-s313-graded:3408 partition=2 offset=1663 suppressed=false
time=2026-09-03T23:19:33.344Z level=INFO msg=redelivery key=pf-s313-graded:3410 partition=2 offset=1664 suppressed=false
time=2026-09-03T23:19:33.364Z level=INFO msg=redelivery key=pf-s313-graded:3411 partition=2 offset=1665 suppressed=false
time=2026-09-03T23:19:33.384Z level=INFO msg=redelivery key=pf-s313-graded:3413 partition=2 offset=1666 suppressed=false
time=2026-09-03T23:19:33.405Z level=INFO msg=redelivery key=pf-s313-graded:3416 partition=2 offset=1667 suppressed=false
time=2026-09-03T23:19:33.424Z level=INFO msg=redelivery key=pf-s313-graded:3420 partition=2 offset=1668 suppressed=false
time=2026-09-03T23:19:33.444Z level=INFO msg=redelivery key=pf-s313-graded:3421 partition=2 offset=1669 suppressed=false
time=2026-09-03T23:19:33.464Z level=INFO msg=redelivery key=pf-s313-graded:3423 partition=2 offset=1670 suppressed=false
time=2026-09-03T23:19:33.484Z level=INFO msg=redelivery key=pf-s313-graded:3424 partition=2 offset=1671 suppressed=false
time=2026-09-03T23:19:33.504Z level=INFO msg=redelivery key=pf-s313-graded:3425 partition=2 offset=1672 suppressed=false
time=2026-09-03T23:19:33.524Z level=INFO msg=redelivery key=pf-s313-graded:3427 partition=2 offset=1673 suppressed=false
time=2026-09-03T23:19:33.544Z level=INFO msg=redelivery key=pf-s313-graded:3428 partition=2 offset=1674 suppressed=false
time=2026-09-03T23:19:33.564Z level=INFO msg=redelivery key=pf-s313-graded:3429 partition=2 offset=1675 suppressed=false
time=2026-09-03T23:19:33.584Z level=INFO msg=redelivery key=pf-s313-graded:3432 partition=2 offset=1676 suppressed=false
time=2026-09-03T23:19:33.604Z level=INFO msg=redelivery key=pf-s313-graded:3433 partition=2 offset=1677 suppressed=false
time=2026-09-03T23:19:33.624Z level=INFO msg=redelivery key=pf-s313-graded:3434 partition=2 offset=1678 suppressed=false
time=2026-09-03T23:19:33.644Z level=INFO msg=redelivery key=pf-s313-graded:3436 partition=2 offset=1679 suppressed=false
time=2026-09-03T23:19:33.664Z level=INFO msg=redelivery key=pf-s313-graded:3439 partition=2 offset=1680 suppressed=false
time=2026-09-03T23:19:33.683Z level=INFO msg=redelivery key=pf-s313-graded:3440 partition=2 offset=1681 suppressed=false
time=2026-09-03T23:19:33.704Z level=INFO msg=redelivery key=pf-s313-graded:3441 partition=2 offset=1682 suppressed=false
time=2026-09-03T23:19:33.724Z level=INFO msg=redelivery key=pf-s313-graded:3443 partition=2 offset=1683 suppressed=false
time=2026-09-03T23:19:33.744Z level=INFO msg=redelivery key=pf-s313-graded:3444 partition=2 offset=1684 suppressed=false
time=2026-09-03T23:19:33.764Z level=INFO msg=redelivery key=pf-s313-graded:3445 partition=2 offset=1685 suppressed=false
time=2026-09-03T23:19:33.785Z level=INFO msg=redelivery key=pf-s313-graded:3446 partition=2 offset=1686 suppressed=false
time=2026-09-03T23:19:33.804Z level=INFO msg=redelivery key=pf-s313-graded:3447 partition=2 offset=1687 suppressed=false
time=2026-09-03T23:19:33.824Z level=INFO msg=redelivery key=pf-s313-graded:3449 partition=2 offset=1688 suppressed=false
time=2026-09-03T23:19:33.844Z level=INFO msg=redelivery key=pf-s313-graded:3450 partition=2 offset=1689 suppressed=false
time=2026-09-03T23:19:33.864Z level=INFO msg=redelivery key=pf-s313-graded:3453 partition=2 offset=1690 suppressed=false
time=2026-09-03T23:19:33.885Z level=INFO msg=redelivery key=pf-s313-graded:3455 partition=2 offset=1691 suppressed=false
time=2026-09-03T23:19:33.903Z level=INFO msg=redelivery key=pf-s313-graded:3457 partition=2 offset=1692 suppressed=false
time=2026-09-03T23:19:33.924Z level=INFO msg=redelivery key=pf-s313-graded:3461 partition=2 offset=1693 suppressed=false
time=2026-09-03T23:19:33.944Z level=INFO msg=redelivery key=pf-s313-graded:3463 partition=2 offset=1694 suppressed=false
time=2026-09-03T23:19:33.964Z level=INFO msg=redelivery key=pf-s313-graded:3464 partition=2 offset=1695 suppressed=false
time=2026-09-03T23:19:33.986Z level=INFO msg=redelivery key=pf-s313-graded:3469 partition=2 offset=1696 suppressed=false
time=2026-09-03T23:19:34.004Z level=INFO msg=redelivery key=pf-s313-graded:3476 partition=2 offset=1697 suppressed=false
time=2026-09-03T23:19:34.024Z level=INFO msg=redelivery key=pf-s313-graded:3482 partition=2 offset=1698 suppressed=false
time=2026-09-03T23:19:34.044Z level=INFO msg=redelivery key=pf-s313-graded:3483 partition=2 offset=1699 suppressed=false
time=2026-09-03T23:19:34.064Z level=INFO msg=redelivery key=pf-s313-graded:3486 partition=2 offset=1700 suppressed=false
time=2026-09-03T23:19:34.084Z level=INFO msg=redelivery key=pf-s313-graded:3491 partition=2 offset=1701 suppressed=false
time=2026-09-03T23:19:34.104Z level=INFO msg=redelivery key=pf-s313-graded:3492 partition=2 offset=1702 suppressed=false
time=2026-09-03T23:19:34.124Z level=INFO msg=redelivery key=pf-s313-graded:3495 partition=2 offset=1703 suppressed=false
time=2026-09-03T23:19:34.144Z level=INFO msg=redelivery key=pf-s313-graded:3500 partition=2 offset=1704 suppressed=false
time=2026-09-03T23:19:34.164Z level=INFO msg=redelivery key=pf-s313-graded:3505 partition=2 offset=1705 suppressed=false
time=2026-09-03T23:19:34.184Z level=INFO msg=redelivery key=pf-s313-graded:3509 partition=2 offset=1706 suppressed=false
time=2026-09-03T23:19:34.205Z level=INFO msg=redelivery key=pf-s313-graded:3510 partition=2 offset=1707 suppressed=false
time=2026-09-03T23:19:34.223Z level=INFO msg=redelivery key=pf-s313-graded:3513 partition=2 offset=1708 suppressed=false
time=2026-09-03T23:19:34.244Z level=INFO msg=redelivery key=pf-s313-graded:3515 partition=2 offset=1709 suppressed=false
time=2026-09-03T23:19:34.264Z level=INFO msg=redelivery key=pf-s313-graded:3516 partition=2 offset=1710 suppressed=false
time=2026-09-03T23:19:34.283Z level=INFO msg=redelivery key=pf-s313-graded:3517 partition=2 offset=1711 suppressed=false
time=2026-09-03T23:19:34.304Z level=INFO msg=redelivery key=pf-s313-graded:3518 partition=2 offset=1712 suppressed=false
time=2026-09-03T23:19:34.324Z level=INFO msg=redelivery key=pf-s313-graded:3522 partition=2 offset=1713 suppressed=false
time=2026-09-03T23:19:34.347Z level=INFO msg=redelivery key=pf-s313-graded:3523 partition=2 offset=1714 suppressed=false
time=2026-09-03T23:19:34.363Z level=INFO msg=redelivery key=pf-s313-graded:3525 partition=2 offset=1715 suppressed=false
time=2026-09-03T23:19:34.384Z level=INFO msg=redelivery key=pf-s313-graded:3526 partition=2 offset=1716 suppressed=false
time=2026-09-03T23:19:34.404Z level=INFO msg=redelivery key=pf-s313-graded:3528 partition=2 offset=1717 suppressed=false
time=2026-09-03T23:19:34.424Z level=INFO msg=redelivery key=pf-s313-graded:3530 partition=2 offset=1718 suppressed=false
time=2026-09-03T23:19:34.444Z level=INFO msg=redelivery key=pf-s313-graded:3536 partition=2 offset=1719 suppressed=false
time=2026-09-03T23:19:34.465Z level=INFO msg=redelivery key=pf-s313-graded:3547 partition=2 offset=1720 suppressed=false
time=2026-09-03T23:19:34.484Z level=INFO msg=redelivery key=pf-s313-graded:3549 partition=2 offset=1721 suppressed=false
time=2026-09-03T23:19:34.505Z level=INFO msg=redelivery key=pf-s313-graded:3551 partition=2 offset=1722 suppressed=false
time=2026-09-03T23:19:34.524Z level=INFO msg=redelivery key=pf-s313-graded:3552 partition=2 offset=1723 suppressed=false
time=2026-09-03T23:19:34.544Z level=INFO msg=redelivery key=pf-s313-graded:3555 partition=2 offset=1724 suppressed=false
time=2026-09-03T23:19:34.564Z level=INFO msg=redelivery key=pf-s313-graded:3556 partition=2 offset=1725 suppressed=false
time=2026-09-03T23:19:34.585Z level=INFO msg=redelivery key=pf-s313-graded:3557 partition=2 offset=1726 suppressed=false
time=2026-09-03T23:19:34.604Z level=INFO msg=redelivery key=pf-s313-graded:3558 partition=2 offset=1727 suppressed=false
time=2026-09-03T23:19:34.624Z level=INFO msg=redelivery key=pf-s313-graded:3559 partition=2 offset=1728 suppressed=false
time=2026-09-03T23:19:34.644Z level=INFO msg=redelivery key=pf-s313-graded:3562 partition=2 offset=1729 suppressed=false
time=2026-09-03T23:19:34.664Z level=INFO msg=redelivery key=pf-s313-graded:3569 partition=2 offset=1730 suppressed=false
time=2026-09-03T23:19:34.684Z level=INFO msg=redelivery key=pf-s313-graded:3571 partition=2 offset=1731 suppressed=false
time=2026-09-03T23:19:34.704Z level=INFO msg=redelivery key=pf-s313-graded:3572 partition=2 offset=1732 suppressed=false
time=2026-09-03T23:19:34.724Z level=INFO msg=redelivery key=pf-s313-graded:3573 partition=2 offset=1733 suppressed=false
time=2026-09-03T23:19:34.744Z level=INFO msg=redelivery key=pf-s313-graded:3574 partition=2 offset=1734 suppressed=false
time=2026-09-03T23:19:34.764Z level=INFO msg=redelivery key=pf-s313-graded:3579 partition=2 offset=1735 suppressed=false
time=2026-09-03T23:19:34.784Z level=INFO msg=redelivery key=pf-s313-graded:3580 partition=2 offset=1736 suppressed=false
time=2026-09-03T23:19:34.804Z level=INFO msg=redelivery key=pf-s313-graded:3582 partition=2 offset=1737 suppressed=false
time=2026-09-03T23:19:34.824Z level=INFO msg=redelivery key=pf-s313-graded:3583 partition=2 offset=1738 suppressed=false
time=2026-09-03T23:19:34.844Z level=INFO msg=redelivery key=pf-s313-graded:3584 partition=2 offset=1739 suppressed=false
time=2026-09-03T23:19:34.864Z level=INFO msg=redelivery key=pf-s313-graded:3585 partition=2 offset=1740 suppressed=false
time=2026-09-03T23:19:34.885Z level=INFO msg=redelivery key=pf-s313-graded:3586 partition=2 offset=1741 suppressed=false
time=2026-09-03T23:19:34.904Z level=INFO msg=redelivery key=pf-s313-graded:3588 partition=2 offset=1742 suppressed=false
time=2026-09-03T23:19:34.924Z level=INFO msg=redelivery key=pf-s313-graded:3589 partition=2 offset=1743 suppressed=false
time=2026-09-03T23:19:34.944Z level=INFO msg=redelivery key=pf-s313-graded:3592 partition=2 offset=1744 suppressed=false
time=2026-09-03T23:19:34.964Z level=INFO msg=redelivery key=pf-s313-graded:3594 partition=2 offset=1745 suppressed=false
time=2026-09-03T23:19:34.984Z level=INFO msg=redelivery key=pf-s313-graded:3595 partition=2 offset=1746 suppressed=false
time=2026-09-03T23:19:35.003Z level=INFO msg=redelivery key=pf-s313-graded:3599 partition=2 offset=1747 suppressed=false
time=2026-09-03T23:19:35.024Z level=INFO msg=redelivery key=pf-s313-graded:3601 partition=2 offset=1748 suppressed=false
time=2026-09-03T23:19:35.044Z level=INFO msg=redelivery key=pf-s313-graded:3606 partition=2 offset=1749 suppressed=false
time=2026-09-03T23:19:35.064Z level=INFO msg=redelivery key=pf-s313-graded:3608 partition=2 offset=1750 suppressed=false
time=2026-09-03T23:19:35.084Z level=INFO msg=redelivery key=pf-s313-graded:3609 partition=2 offset=1751 suppressed=false
time=2026-09-03T23:19:35.104Z level=INFO msg=redelivery key=pf-s313-graded:3610 partition=2 offset=1752 suppressed=false
time=2026-09-03T23:19:35.124Z level=INFO msg=redelivery key=pf-s313-graded:3611 partition=2 offset=1753 suppressed=false
time=2026-09-03T23:19:35.144Z level=INFO msg=redelivery key=pf-s313-graded:3612 partition=2 offset=1754 suppressed=false
time=2026-09-03T23:19:35.164Z level=INFO msg=redelivery key=pf-s313-graded:3613 partition=2 offset=1755 suppressed=false
time=2026-09-03T23:19:35.184Z level=INFO msg=redelivery key=pf-s313-graded:3614 partition=2 offset=1756 suppressed=false
time=2026-09-03T23:19:35.204Z level=INFO msg=redelivery key=pf-s313-graded:3615 partition=2 offset=1757 suppressed=false
time=2026-09-03T23:19:35.224Z level=INFO msg=redelivery key=pf-s313-graded:3618 partition=2 offset=1758 suppressed=false
time=2026-09-03T23:19:35.244Z level=INFO msg=redelivery key=pf-s313-graded:3620 partition=2 offset=1759 suppressed=false
time=2026-09-03T23:19:35.264Z level=INFO msg=redelivery key=pf-s313-graded:3621 partition=2 offset=1760 suppressed=false
time=2026-09-03T23:19:35.284Z level=INFO msg=redelivery key=pf-s313-graded:3622 partition=2 offset=1761 suppressed=false
time=2026-09-03T23:19:35.303Z level=INFO msg=redelivery key=pf-s313-graded:3623 partition=2 offset=1762 suppressed=false
time=2026-09-03T23:19:35.324Z level=INFO msg=redelivery key=pf-s313-graded:3626 partition=2 offset=1763 suppressed=false
time=2026-09-03T23:19:41.624Z level=INFO msg="fault injected: rewinding instead of committing" key=pf-s313-graded:3651 partition=2 offset=1778 epoch=0
time=2026-09-03T23:19:41.644Z level=INFO msg=redelivery key=pf-s313-graded:3374 partition=0 offset=874 suppressed=false
time=2026-09-03T23:19:41.665Z level=INFO msg=redelivery key=pf-s313-graded:3376 partition=0 offset=875 suppressed=false
time=2026-09-03T23:19:41.684Z level=INFO msg=redelivery key=pf-s313-graded:3377 partition=0 offset=876 suppressed=false
time=2026-09-03T23:19:41.704Z level=INFO msg=redelivery key=pf-s313-graded:3383 partition=0 offset=877 suppressed=false
time=2026-09-03T23:19:41.724Z level=INFO msg=redelivery key=pf-s313-graded:3385 partition=0 offset=878 suppressed=false
time=2026-09-03T23:19:41.744Z level=INFO msg=redelivery key=pf-s313-graded:3386 partition=0 offset=879 suppressed=false
time=2026-09-03T23:19:41.764Z level=INFO msg=redelivery key=pf-s313-graded:3387 partition=0 offset=880 suppressed=false
time=2026-09-03T23:19:41.784Z level=INFO msg=redelivery key=pf-s313-graded:3388 partition=0 offset=881 suppressed=false
time=2026-09-03T23:19:41.804Z level=INFO msg=redelivery key=pf-s313-graded:3390 partition=0 offset=882 suppressed=false
time=2026-09-03T23:19:41.824Z level=INFO msg=redelivery key=pf-s313-graded:3391 partition=0 offset=883 suppressed=false
time=2026-09-03T23:19:41.844Z level=INFO msg=redelivery key=pf-s313-graded:3394 partition=0 offset=884 suppressed=false
time=2026-09-03T23:19:41.864Z level=INFO msg=redelivery key=pf-s313-graded:3395 partition=0 offset=885 suppressed=false
time=2026-09-03T23:19:41.884Z level=INFO msg=redelivery key=pf-s313-graded:3399 partition=0 offset=886 suppressed=false
time=2026-09-03T23:19:41.904Z level=INFO msg=redelivery key=pf-s313-graded:3404 partition=0 offset=887 suppressed=false
time=2026-09-03T23:19:41.924Z level=INFO msg=redelivery key=pf-s313-graded:3407 partition=0 offset=888 suppressed=false
time=2026-09-03T23:19:41.944Z level=INFO msg=redelivery key=pf-s313-graded:3409 partition=0 offset=889 suppressed=false
time=2026-09-03T23:19:41.964Z level=INFO msg=redelivery key=pf-s313-graded:3414 partition=0 offset=890 suppressed=false
time=2026-09-03T23:19:41.985Z level=INFO msg=redelivery key=pf-s313-graded:3415 partition=0 offset=891 suppressed=false
time=2026-09-03T23:19:42.004Z level=INFO msg=redelivery key=pf-s313-graded:3418 partition=0 offset=892 suppressed=false
time=2026-09-03T23:19:42.024Z level=INFO msg=redelivery key=pf-s313-graded:3426 partition=0 offset=893 suppressed=false
time=2026-09-03T23:19:42.045Z level=INFO msg=redelivery key=pf-s313-graded:3430 partition=0 offset=894 suppressed=false
time=2026-09-03T23:19:42.064Z level=INFO msg=redelivery key=pf-s313-graded:3431 partition=0 offset=895 suppressed=false
time=2026-09-03T23:19:42.084Z level=INFO msg=redelivery key=pf-s313-graded:3437 partition=0 offset=896 suppressed=false
time=2026-09-03T23:19:42.104Z level=INFO msg=redelivery key=pf-s313-graded:3438 partition=0 offset=897 suppressed=false
time=2026-09-03T23:19:42.124Z level=INFO msg=redelivery key=pf-s313-graded:3442 partition=0 offset=898 suppressed=false
time=2026-09-03T23:19:42.144Z level=INFO msg=redelivery key=pf-s313-graded:3451 partition=0 offset=899 suppressed=false
time=2026-09-03T23:19:42.164Z level=INFO msg=redelivery key=pf-s313-graded:3452 partition=0 offset=900 suppressed=false
time=2026-09-03T23:19:42.184Z level=INFO msg=redelivery key=pf-s313-graded:3458 partition=0 offset=901 suppressed=false
time=2026-09-03T23:19:42.204Z level=INFO msg=redelivery key=pf-s313-graded:3466 partition=0 offset=902 suppressed=false
time=2026-09-03T23:19:42.224Z level=INFO msg=redelivery key=pf-s313-graded:3471 partition=0 offset=903 suppressed=false
time=2026-09-03T23:19:42.244Z level=INFO msg=redelivery key=pf-s313-graded:3474 partition=0 offset=904 suppressed=false
time=2026-09-03T23:19:42.263Z level=INFO msg=redelivery key=pf-s313-graded:3475 partition=0 offset=905 suppressed=false
time=2026-09-03T23:19:42.284Z level=INFO msg=redelivery key=pf-s313-graded:3477 partition=0 offset=906 suppressed=false
time=2026-09-03T23:19:42.304Z level=INFO msg=redelivery key=pf-s313-graded:3478 partition=0 offset=907 suppressed=false
time=2026-09-03T23:19:42.324Z level=INFO msg=redelivery key=pf-s313-graded:3484 partition=0 offset=908 suppressed=false
time=2026-09-03T23:19:42.344Z level=INFO msg=redelivery key=pf-s313-graded:3490 partition=0 offset=909 suppressed=false
time=2026-09-03T23:19:42.364Z level=INFO msg=redelivery key=pf-s313-graded:3494 partition=0 offset=910 suppressed=false
time=2026-09-03T23:19:42.384Z level=INFO msg=redelivery key=pf-s313-graded:3496 partition=0 offset=911 suppressed=false
time=2026-09-03T23:19:42.404Z level=INFO msg=redelivery key=pf-s313-graded:3497 partition=0 offset=912 suppressed=false
time=2026-09-03T23:19:42.424Z level=INFO msg=redelivery key=pf-s313-graded:3498 partition=0 offset=913 suppressed=false
time=2026-09-03T23:19:42.444Z level=INFO msg=redelivery key=pf-s313-graded:3499 partition=0 offset=914 suppressed=false
time=2026-09-03T23:19:42.464Z level=INFO msg=redelivery key=pf-s313-graded:3502 partition=0 offset=915 suppressed=false
time=2026-09-03T23:19:42.484Z level=INFO msg=redelivery key=pf-s313-graded:3503 partition=0 offset=916 suppressed=false
time=2026-09-03T23:19:42.504Z level=INFO msg=redelivery key=pf-s313-graded:3506 partition=0 offset=917 suppressed=false
time=2026-09-03T23:19:42.524Z level=INFO msg=redelivery key=pf-s313-graded:3512 partition=0 offset=918 suppressed=false
time=2026-09-03T23:19:42.543Z level=INFO msg=redelivery key=pf-s313-graded:3519 partition=0 offset=919 suppressed=false
time=2026-09-03T23:19:42.564Z level=INFO msg=redelivery key=pf-s313-graded:3524 partition=0 offset=920 suppressed=false
time=2026-09-03T23:19:42.584Z level=INFO msg=redelivery key=pf-s313-graded:3527 partition=0 offset=921 suppressed=false
time=2026-09-03T23:19:42.604Z level=INFO msg=redelivery key=pf-s313-graded:3532 partition=0 offset=922 suppressed=false
time=2026-09-03T23:19:42.624Z level=INFO msg=redelivery key=pf-s313-graded:3537 partition=0 offset=923 suppressed=false
time=2026-09-03T23:19:42.643Z level=INFO msg=redelivery key=pf-s313-graded:3539 partition=0 offset=924 suppressed=false
time=2026-09-03T23:19:42.664Z level=INFO msg=redelivery key=pf-s313-graded:3541 partition=0 offset=925 suppressed=false
time=2026-09-03T23:19:42.684Z level=INFO msg=redelivery key=pf-s313-graded:3542 partition=0 offset=926 suppressed=false
time=2026-09-03T23:19:42.704Z level=INFO msg=redelivery key=pf-s313-graded:3543 partition=0 offset=927 suppressed=false
time=2026-09-03T23:19:42.725Z level=INFO msg=redelivery key=pf-s313-graded:3545 partition=0 offset=928 suppressed=false
time=2026-09-03T23:19:42.743Z level=INFO msg=redelivery key=pf-s313-graded:3546 partition=0 offset=929 suppressed=false
time=2026-09-03T23:19:42.763Z level=INFO msg=redelivery key=pf-s313-graded:3548 partition=0 offset=930 suppressed=false
time=2026-09-03T23:19:42.784Z level=INFO msg=redelivery key=pf-s313-graded:3554 partition=0 offset=931 suppressed=false
time=2026-09-03T23:19:42.804Z level=INFO msg=redelivery key=pf-s313-graded:3561 partition=0 offset=932 suppressed=false
time=2026-09-03T23:19:42.824Z level=INFO msg=redelivery key=pf-s313-graded:3563 partition=0 offset=933 suppressed=false
time=2026-09-03T23:19:42.844Z level=INFO msg=redelivery key=pf-s313-graded:3567 partition=0 offset=934 suppressed=false
time=2026-09-03T23:19:42.864Z level=INFO msg=redelivery key=pf-s313-graded:3568 partition=0 offset=935 suppressed=false
time=2026-09-03T23:19:42.884Z level=INFO msg=redelivery key=pf-s313-graded:3581 partition=0 offset=936 suppressed=false
time=2026-09-03T23:19:42.904Z level=INFO msg=redelivery key=pf-s313-graded:3596 partition=0 offset=937 suppressed=false
time=2026-09-03T23:19:42.923Z level=INFO msg=redelivery key=pf-s313-graded:3597 partition=0 offset=938 suppressed=false
time=2026-09-03T23:19:42.944Z level=INFO msg=redelivery key=pf-s313-graded:3600 partition=0 offset=939 suppressed=false
time=2026-09-03T23:19:42.964Z level=INFO msg=redelivery key=pf-s313-graded:3602 partition=0 offset=940 suppressed=false
time=2026-09-03T23:19:42.984Z level=INFO msg=redelivery key=pf-s313-graded:3607 partition=0 offset=941 suppressed=false
time=2026-09-03T23:19:43.004Z level=INFO msg=redelivery key=pf-s313-graded:3617 partition=0 offset=942 suppressed=false
time=2026-09-03T23:19:43.025Z level=INFO msg=redelivery key=pf-s313-graded:3619 partition=0 offset=943 suppressed=false
time=2026-09-03T23:19:43.045Z level=INFO msg=redelivery key=pf-s313-graded:3624 partition=0 offset=944 suppressed=false
time=2026-09-03T23:19:43.064Z level=INFO msg=redelivery key=pf-s313-graded:3625 partition=0 offset=945 suppressed=false
time=2026-09-03T23:19:43.084Z level=INFO msg=redelivery key=pf-s313-graded:3628 partition=0 offset=946 suppressed=false
time=2026-09-03T23:19:51.624Z level=INFO msg="fault injected: rewinding instead of committing" key=pf-s313-graded:3923 partition=0 offset=1011 epoch=0
time=2026-09-03T23:19:51.624Z level=INFO msg="fault injected: rewinding instead of committing" key=pf-s313-graded:4185 partition=1 offset=1062 epoch=0
time=2026-09-03T23:19:51.644Z level=INFO msg=redelivery key=pf-s313-graded:4185 partition=1 offset=1062 suppressed=false
time=2026-09-03T23:19:51.664Z level=INFO msg=redelivery key=pf-s313-graded:4186 partition=1 offset=1063 suppressed=false
time=2026-09-03T23:19:51.684Z level=INFO msg=redelivery key=pf-s313-graded:4188 partition=1 offset=1064 suppressed=false
time=2026-09-03T23:19:51.704Z level=INFO msg=redelivery key=pf-s313-graded:4190 partition=1 offset=1065 suppressed=false
time=2026-09-03T23:19:51.724Z level=INFO msg=redelivery key=pf-s313-graded:4201 partition=1 offset=1066 suppressed=false
time=2026-09-03T23:19:51.744Z level=INFO msg=redelivery key=pf-s313-graded:4202 partition=1 offset=1067 suppressed=false
time=2026-09-03T23:19:51.764Z level=INFO msg=redelivery key=pf-s313-graded:4213 partition=1 offset=1068 suppressed=false
time=2026-09-03T23:19:51.784Z level=INFO msg=redelivery key=pf-s313-graded:4215 partition=1 offset=1069 suppressed=false
time=2026-09-03T23:19:51.804Z level=INFO msg=redelivery key=pf-s313-graded:4216 partition=1 offset=1070 suppressed=false
time=2026-09-03T23:19:51.824Z level=INFO msg=redelivery key=pf-s313-graded:4217 partition=1 offset=1071 suppressed=false
time=2026-09-03T23:19:51.844Z level=INFO msg=redelivery key=pf-s313-graded:4218 partition=1 offset=1072 suppressed=false
time=2026-09-03T23:19:51.864Z level=INFO msg=redelivery key=pf-s313-graded:4220 partition=1 offset=1073 suppressed=false
time=2026-09-03T23:19:51.884Z level=INFO msg=redelivery key=pf-s313-graded:4221 partition=1 offset=1074 suppressed=false
time=2026-09-03T23:19:51.904Z level=INFO msg=redelivery key=pf-s313-graded:4224 partition=1 offset=1075 suppressed=false
time=2026-09-03T23:19:51.924Z level=INFO msg=redelivery key=pf-s313-graded:4226 partition=1 offset=1076 suppressed=false
time=2026-09-03T23:19:51.944Z level=INFO msg=redelivery key=pf-s313-graded:4228 partition=1 offset=1077 suppressed=false
time=2026-09-03T23:19:51.964Z level=INFO msg=redelivery key=pf-s313-graded:4233 partition=1 offset=1078 suppressed=false
time=2026-09-03T23:19:51.984Z level=INFO msg=redelivery key=pf-s313-graded:4234 partition=1 offset=1079 suppressed=false
time=2026-09-03T23:19:52.004Z level=INFO msg=redelivery key=pf-s313-graded:4235 partition=1 offset=1080 suppressed=false
time=2026-09-03T23:19:52.024Z level=INFO msg=redelivery key=pf-s313-graded:4247 partition=1 offset=1081 suppressed=false
time=2026-09-03T23:19:52.044Z level=INFO msg=redelivery key=pf-s313-graded:4248 partition=1 offset=1082 suppressed=false
time=2026-09-03T23:19:52.064Z level=INFO msg=redelivery key=pf-s313-graded:4252 partition=1 offset=1083 suppressed=false
time=2026-09-03T23:19:52.083Z level=INFO msg=redelivery key=pf-s313-graded:4255 partition=1 offset=1084 suppressed=false
time=2026-09-03T23:19:52.104Z level=INFO msg=redelivery key=pf-s313-graded:4257 partition=1 offset=1085 suppressed=false
time=2026-09-03T23:19:52.124Z level=INFO msg=redelivery key=pf-s313-graded:4262 partition=1 offset=1086 suppressed=false
time=2026-09-03T23:19:52.146Z level=INFO msg=redelivery key=pf-s313-graded:4270 partition=1 offset=1087 suppressed=false
time=2026-09-03T23:19:52.163Z level=INFO msg=redelivery key=pf-s313-graded:4272 partition=1 offset=1088 suppressed=false
time=2026-09-03T23:19:52.184Z level=INFO msg=redelivery key=pf-s313-graded:4274 partition=1 offset=1089 suppressed=false
time=2026-09-03T23:19:52.204Z level=INFO msg=redelivery key=pf-s313-graded:4276 partition=1 offset=1090 suppressed=false
time=2026-09-03T23:19:52.224Z level=INFO msg=redelivery key=pf-s313-graded:4277 partition=1 offset=1091 suppressed=false
time=2026-09-03T23:19:52.244Z level=INFO msg=redelivery key=pf-s313-graded:4280 partition=1 offset=1092 suppressed=false
time=2026-09-03T23:19:52.264Z level=INFO msg=redelivery key=pf-s313-graded:4285 partition=1 offset=1093 suppressed=false
time=2026-09-03T23:19:52.284Z level=INFO msg=redelivery key=pf-s313-graded:4286 partition=1 offset=1094 suppressed=false
time=2026-09-03T23:19:52.304Z level=INFO msg=redelivery key=pf-s313-graded:4287 partition=1 offset=1095 suppressed=false
time=2026-09-03T23:19:52.326Z level=INFO msg=redelivery key=pf-s313-graded:4290 partition=1 offset=1096 suppressed=false
time=2026-09-03T23:19:52.344Z level=INFO msg=redelivery key=pf-s313-graded:4296 partition=1 offset=1097 suppressed=false
time=2026-09-03T23:19:52.364Z level=INFO msg=redelivery key=pf-s313-graded:4306 partition=1 offset=1098 suppressed=false
time=2026-09-03T23:19:52.385Z level=INFO msg=redelivery key=pf-s313-graded:4313 partition=1 offset=1099 suppressed=false
time=2026-09-03T23:19:59.124Z level=INFO msg=redelivery key=pf-s313-graded:3651 partition=2 offset=1778 suppressed=false
time=2026-09-03T23:19:59.144Z level=INFO msg=redelivery key=pf-s313-graded:3652 partition=2 offset=1779 suppressed=false
time=2026-09-03T23:19:59.164Z level=INFO msg=redelivery key=pf-s313-graded:3653 partition=2 offset=1780 suppressed=false
time=2026-09-03T23:19:59.184Z level=INFO msg=redelivery key=pf-s313-graded:3654 partition=2 offset=1781 suppressed=false
time=2026-09-03T23:19:59.204Z level=INFO msg=redelivery key=pf-s313-graded:3657 partition=2 offset=1782 suppressed=false
time=2026-09-03T23:19:59.224Z level=INFO msg=redelivery key=pf-s313-graded:3658 partition=2 offset=1783 suppressed=false
time=2026-09-03T23:19:59.244Z level=INFO msg=redelivery key=pf-s313-graded:3659 partition=2 offset=1784 suppressed=false
time=2026-09-03T23:19:59.264Z level=INFO msg=redelivery key=pf-s313-graded:3661 partition=2 offset=1785 suppressed=false
time=2026-09-03T23:19:59.283Z level=INFO msg=redelivery key=pf-s313-graded:3662 partition=2 offset=1786 suppressed=false
time=2026-09-03T23:19:59.304Z level=INFO msg=redelivery key=pf-s313-graded:3663 partition=2 offset=1787 suppressed=false
time=2026-09-03T23:19:59.324Z level=INFO msg=redelivery key=pf-s313-graded:3669 partition=2 offset=1788 suppressed=false
time=2026-09-03T23:19:59.344Z level=INFO msg=redelivery key=pf-s313-graded:3671 partition=2 offset=1789 suppressed=false
time=2026-09-03T23:19:59.364Z level=INFO msg=redelivery key=pf-s313-graded:3672 partition=2 offset=1790 suppressed=false
time=2026-09-03T23:19:59.383Z level=INFO msg=redelivery key=pf-s313-graded:3674 partition=2 offset=1791 suppressed=false
time=2026-09-03T23:19:59.404Z level=INFO msg=redelivery key=pf-s313-graded:3675 partition=2 offset=1792 suppressed=false
time=2026-09-03T23:19:59.424Z level=INFO msg=redelivery key=pf-s313-graded:3676 partition=2 offset=1793 suppressed=false
time=2026-09-03T23:19:59.444Z level=INFO msg=redelivery key=pf-s313-graded:3677 partition=2 offset=1794 suppressed=false
time=2026-09-03T23:19:59.464Z level=INFO msg=redelivery key=pf-s313-graded:3678 partition=2 offset=1795 suppressed=false
time=2026-09-03T23:19:59.484Z level=INFO msg=redelivery key=pf-s313-graded:3679 partition=2 offset=1796 suppressed=false
time=2026-09-03T23:19:59.504Z level=INFO msg=redelivery key=pf-s313-graded:3680 partition=2 offset=1797 suppressed=false
time=2026-09-03T23:19:59.524Z level=INFO msg=redelivery key=pf-s313-graded:3681 partition=2 offset=1798 suppressed=false
time=2026-09-03T23:19:59.544Z level=INFO msg=redelivery key=pf-s313-graded:3683 partition=2 offset=1799 suppressed=false
time=2026-09-03T23:19:59.564Z level=INFO msg=redelivery key=pf-s313-graded:3685 partition=2 offset=1800 suppressed=false
time=2026-09-03T23:19:59.584Z level=INFO msg=redelivery key=pf-s313-graded:3686 partition=2 offset=1801 suppressed=false
time=2026-09-03T23:19:59.604Z level=INFO msg=redelivery key=pf-s313-graded:3688 partition=2 offset=1802 suppressed=false
time=2026-09-03T23:19:59.624Z level=INFO msg=redelivery key=pf-s313-graded:3690 partition=2 offset=1803 suppressed=false
time=2026-09-03T23:19:59.644Z level=INFO msg=redelivery key=pf-s313-graded:3692 partition=2 offset=1804 suppressed=false
time=2026-09-03T23:19:59.664Z level=INFO msg=redelivery key=pf-s313-graded:3694 partition=2 offset=1805 suppressed=false
time=2026-09-03T23:19:59.684Z level=INFO msg=redelivery key=pf-s313-graded:3695 partition=2 offset=1806 suppressed=false
time=2026-09-03T23:19:59.704Z level=INFO msg=redelivery key=pf-s313-graded:3697 partition=2 offset=1807 suppressed=false
time=2026-09-03T23:19:59.724Z level=INFO msg=redelivery key=pf-s313-graded:3699 partition=2 offset=1808 suppressed=false
time=2026-09-03T23:19:59.744Z level=INFO msg=redelivery key=pf-s313-graded:3700 partition=2 offset=1809 suppressed=false
time=2026-09-03T23:19:59.764Z level=INFO msg=redelivery key=pf-s313-graded:3702 partition=2 offset=1810 suppressed=false
time=2026-09-03T23:19:59.784Z level=INFO msg=redelivery key=pf-s313-graded:3706 partition=2 offset=1811 suppressed=false
time=2026-09-03T23:19:59.804Z level=INFO msg=redelivery key=pf-s313-graded:3708 partition=2 offset=1812 suppressed=false
time=2026-09-03T23:19:59.824Z level=INFO msg=redelivery key=pf-s313-graded:3710 partition=2 offset=1813 suppressed=false
time=2026-09-03T23:19:59.844Z level=INFO msg=redelivery key=pf-s313-graded:3714 partition=2 offset=1814 suppressed=false
time=2026-09-03T23:19:59.864Z level=INFO msg=redelivery key=pf-s313-graded:3717 partition=2 offset=1815 suppressed=false
time=2026-09-03T23:19:59.884Z level=INFO msg=redelivery key=pf-s313-graded:3721 partition=2 offset=1816 suppressed=false
time=2026-09-03T23:19:59.904Z level=INFO msg=redelivery key=pf-s313-graded:3722 partition=2 offset=1817 suppressed=false
time=2026-09-03T23:19:59.924Z level=INFO msg=redelivery key=pf-s313-graded:3724 partition=2 offset=1818 suppressed=false
time=2026-09-03T23:19:59.945Z level=INFO msg=redelivery key=pf-s313-graded:3727 partition=2 offset=1819 suppressed=false
time=2026-09-03T23:19:59.964Z level=INFO msg=redelivery key=pf-s313-graded:3729 partition=2 offset=1820 suppressed=false
time=2026-09-03T23:19:59.983Z level=INFO msg=redelivery key=pf-s313-graded:3730 partition=2 offset=1821 suppressed=false
time=2026-09-03T23:20:00.004Z level=INFO msg=redelivery key=pf-s313-graded:3731 partition=2 offset=1822 suppressed=false
time=2026-09-03T23:20:00.024Z level=INFO msg=redelivery key=pf-s313-graded:3733 partition=2 offset=1823 suppressed=false
time=2026-09-03T23:20:00.044Z level=INFO msg=redelivery key=pf-s313-graded:3734 partition=2 offset=1824 suppressed=false
time=2026-09-03T23:20:00.065Z level=INFO msg=redelivery key=pf-s313-graded:3738 partition=2 offset=1825 suppressed=false
time=2026-09-03T23:20:00.084Z level=INFO msg=redelivery key=pf-s313-graded:3739 partition=2 offset=1826 suppressed=false
time=2026-09-03T23:20:00.104Z level=INFO msg=redelivery key=pf-s313-graded:3740 partition=2 offset=1827 suppressed=false
time=2026-09-03T23:20:00.124Z level=INFO msg=redelivery key=pf-s313-graded:3742 partition=2 offset=1828 suppressed=false
time=2026-09-03T23:20:00.144Z level=INFO msg=redelivery key=pf-s313-graded:3743 partition=2 offset=1829 suppressed=false
time=2026-09-03T23:20:00.164Z level=INFO msg=redelivery key=pf-s313-graded:3746 partition=2 offset=1830 suppressed=false
time=2026-09-03T23:20:00.184Z level=INFO msg=redelivery key=pf-s313-graded:3749 partition=2 offset=1831 suppressed=false
time=2026-09-03T23:20:00.204Z level=INFO msg=redelivery key=pf-s313-graded:3750 partition=2 offset=1832 suppressed=false
time=2026-09-03T23:20:00.225Z level=INFO msg=redelivery key=pf-s313-graded:3751 partition=2 offset=1833 suppressed=false
time=2026-09-03T23:20:00.244Z level=INFO msg=redelivery key=pf-s313-graded:3752 partition=2 offset=1834 suppressed=false
time=2026-09-03T23:20:00.264Z level=INFO msg=redelivery key=pf-s313-graded:3755 partition=2 offset=1835 suppressed=false
time=2026-09-03T23:20:00.284Z level=INFO msg=redelivery key=pf-s313-graded:3757 partition=2 offset=1836 suppressed=false
time=2026-09-03T23:20:00.304Z level=INFO msg=redelivery key=pf-s313-graded:3758 partition=2 offset=1837 suppressed=false
time=2026-09-03T23:20:00.324Z level=INFO msg=redelivery key=pf-s313-graded:3759 partition=2 offset=1838 suppressed=false
time=2026-09-03T23:20:00.344Z level=INFO msg=redelivery key=pf-s313-graded:3765 partition=2 offset=1839 suppressed=false
time=2026-09-03T23:20:00.364Z level=INFO msg=redelivery key=pf-s313-graded:3766 partition=2 offset=1840 suppressed=false
time=2026-09-03T23:20:00.384Z level=INFO msg=redelivery key=pf-s313-graded:3770 partition=2 offset=1841 suppressed=false
time=2026-09-03T23:20:00.404Z level=INFO msg=redelivery key=pf-s313-graded:3771 partition=2 offset=1842 suppressed=false
time=2026-09-03T23:20:00.424Z level=INFO msg=redelivery key=pf-s313-graded:3773 partition=2 offset=1843 suppressed=false
time=2026-09-03T23:20:00.444Z level=INFO msg=redelivery key=pf-s313-graded:3774 partition=2 offset=1844 suppressed=false
time=2026-09-03T23:20:00.464Z level=INFO msg=redelivery key=pf-s313-graded:3776 partition=2 offset=1845 suppressed=false
time=2026-09-03T23:20:00.484Z level=INFO msg=redelivery key=pf-s313-graded:3778 partition=2 offset=1846 suppressed=false
time=2026-09-03T23:20:00.505Z level=INFO msg=redelivery key=pf-s313-graded:3782 partition=2 offset=1847 suppressed=false
time=2026-09-03T23:20:00.524Z level=INFO msg=redelivery key=pf-s313-graded:3785 partition=2 offset=1848 suppressed=false
time=2026-09-03T23:20:00.543Z level=INFO msg=redelivery key=pf-s313-graded:3786 partition=2 offset=1849 suppressed=false
time=2026-09-03T23:20:00.564Z level=INFO msg=redelivery key=pf-s313-graded:3791 partition=2 offset=1850 suppressed=false
time=2026-09-03T23:20:00.584Z level=INFO msg=redelivery key=pf-s313-graded:3793 partition=2 offset=1851 suppressed=false
time=2026-09-03T23:20:00.604Z level=INFO msg=redelivery key=pf-s313-graded:3796 partition=2 offset=1852 suppressed=false
time=2026-09-03T23:20:00.624Z level=INFO msg=redelivery key=pf-s313-graded:3797 partition=2 offset=1853 suppressed=false
time=2026-09-03T23:20:00.644Z level=INFO msg=redelivery key=pf-s313-graded:3799 partition=2 offset=1854 suppressed=false
time=2026-09-03T23:20:00.664Z level=INFO msg=redelivery key=pf-s313-graded:3800 partition=2 offset=1855 suppressed=false
time=2026-09-03T23:20:00.684Z level=INFO msg=redelivery key=pf-s313-graded:3801 partition=2 offset=1856 suppressed=false
time=2026-09-03T23:20:00.704Z level=INFO msg=redelivery key=pf-s313-graded:3808 partition=2 offset=1857 suppressed=false
time=2026-09-03T23:20:00.724Z level=INFO msg=redelivery key=pf-s313-graded:3809 partition=2 offset=1858 suppressed=false
time=2026-09-03T23:20:00.744Z level=INFO msg=redelivery key=pf-s313-graded:3810 partition=2 offset=1859 suppressed=false
time=2026-09-03T23:20:00.764Z level=INFO msg=redelivery key=pf-s313-graded:3811 partition=2 offset=1860 suppressed=false
time=2026-09-03T23:20:00.784Z level=INFO msg=redelivery key=pf-s313-graded:3812 partition=2 offset=1861 suppressed=false
time=2026-09-03T23:20:00.804Z level=INFO msg=redelivery key=pf-s313-graded:3814 partition=2 offset=1862 suppressed=false
time=2026-09-03T23:20:00.824Z level=INFO msg=redelivery key=pf-s313-graded:3818 partition=2 offset=1863 suppressed=false
time=2026-09-03T23:20:00.844Z level=INFO msg=redelivery key=pf-s313-graded:3819 partition=2 offset=1864 suppressed=false
time=2026-09-03T23:20:00.864Z level=INFO msg=redelivery key=pf-s313-graded:3820 partition=2 offset=1865 suppressed=false
time=2026-09-03T23:20:00.884Z level=INFO msg=redelivery key=pf-s313-graded:3821 partition=2 offset=1866 suppressed=false
time=2026-09-03T23:20:00.904Z level=INFO msg=redelivery key=pf-s313-graded:3824 partition=2 offset=1867 suppressed=false
time=2026-09-03T23:20:00.924Z level=INFO msg=redelivery key=pf-s313-graded:3826 partition=2 offset=1868 suppressed=false
time=2026-09-03T23:20:00.944Z level=INFO msg=redelivery key=pf-s313-graded:3827 partition=2 offset=1869 suppressed=false
time=2026-09-03T23:20:00.964Z level=INFO msg=redelivery key=pf-s313-graded:3828 partition=2 offset=1870 suppressed=false
time=2026-09-03T23:20:00.984Z level=INFO msg=redelivery key=pf-s313-graded:3829 partition=2 offset=1871 suppressed=false
time=2026-09-03T23:20:01.004Z level=INFO msg=redelivery key=pf-s313-graded:3830 partition=2 offset=1872 suppressed=false
time=2026-09-03T23:20:01.024Z level=INFO msg=redelivery key=pf-s313-graded:3831 partition=2 offset=1873 suppressed=false
time=2026-09-03T23:20:01.044Z level=INFO msg=redelivery key=pf-s313-graded:3832 partition=2 offset=1874 suppressed=false
time=2026-09-03T23:20:01.064Z level=INFO msg=redelivery key=pf-s313-graded:3833 partition=2 offset=1875 suppressed=false
time=2026-09-03T23:20:01.084Z level=INFO msg=redelivery key=pf-s313-graded:3834 partition=2 offset=1876 suppressed=false
time=2026-09-03T23:20:01.105Z level=INFO msg=redelivery key=pf-s313-graded:3835 partition=2 offset=1877 suppressed=false
time=2026-09-03T23:20:01.124Z level=INFO msg=redelivery key=pf-s313-graded:3837 partition=2 offset=1878 suppressed=false
time=2026-09-03T23:20:01.144Z level=INFO msg=redelivery key=pf-s313-graded:3839 partition=2 offset=1879 suppressed=false
time=2026-09-03T23:20:01.164Z level=INFO msg=redelivery key=pf-s313-graded:3842 partition=2 offset=1880 suppressed=false
time=2026-09-03T23:20:01.184Z level=INFO msg=redelivery key=pf-s313-graded:3843 partition=2 offset=1881 suppressed=false
time=2026-09-03T23:20:01.203Z level=INFO msg=redelivery key=pf-s313-graded:3844 partition=2 offset=1882 suppressed=false
time=2026-09-03T23:20:01.224Z level=INFO msg=redelivery key=pf-s313-graded:3846 partition=2 offset=1883 suppressed=false
time=2026-09-03T23:20:01.244Z level=INFO msg=redelivery key=pf-s313-graded:3847 partition=2 offset=1884 suppressed=false
time=2026-09-03T23:20:01.264Z level=INFO msg=redelivery key=pf-s313-graded:3849 partition=2 offset=1885 suppressed=false
time=2026-09-03T23:20:01.284Z level=INFO msg=redelivery key=pf-s313-graded:3850 partition=2 offset=1886 suppressed=false
time=2026-09-03T23:20:01.304Z level=INFO msg=redelivery key=pf-s313-graded:3851 partition=2 offset=1887 suppressed=false
time=2026-09-03T23:20:01.324Z level=INFO msg=redelivery key=pf-s313-graded:3856 partition=2 offset=1888 suppressed=false
time=2026-09-03T23:20:01.345Z level=INFO msg=redelivery key=pf-s313-graded:3859 partition=2 offset=1889 suppressed=false
time=2026-09-03T23:20:01.364Z level=INFO msg=redelivery key=pf-s313-graded:3860 partition=2 offset=1890 suppressed=false
time=2026-09-03T23:20:01.385Z level=INFO msg=redelivery key=pf-s313-graded:3864 partition=2 offset=1891 suppressed=false
time=2026-09-03T23:20:01.404Z level=INFO msg=redelivery key=pf-s313-graded:3865 partition=2 offset=1892 suppressed=false
time=2026-09-03T23:20:01.424Z level=INFO msg=redelivery key=pf-s313-graded:3866 partition=2 offset=1893 suppressed=false
time=2026-09-03T23:20:01.444Z level=INFO msg=redelivery key=pf-s313-graded:3868 partition=2 offset=1894 suppressed=false
time=2026-09-03T23:20:01.464Z level=INFO msg=redelivery key=pf-s313-graded:3869 partition=2 offset=1895 suppressed=false
time=2026-09-03T23:20:01.484Z level=INFO msg=redelivery key=pf-s313-graded:3871 partition=2 offset=1896 suppressed=false
time=2026-09-03T23:20:01.503Z level=INFO msg=redelivery key=pf-s313-graded:3872 partition=2 offset=1897 suppressed=false
time=2026-09-03T23:20:01.524Z level=INFO msg=redelivery key=pf-s313-graded:3875 partition=2 offset=1898 suppressed=false
time=2026-09-03T23:20:01.544Z level=INFO msg=redelivery key=pf-s313-graded:3876 partition=2 offset=1899 suppressed=false
time=2026-09-03T23:20:01.564Z level=INFO msg=redelivery key=pf-s313-graded:3879 partition=2 offset=1900 suppressed=false
time=2026-09-03T23:20:01.584Z level=INFO msg=redelivery key=pf-s313-graded:3880 partition=2 offset=1901 suppressed=false
time=2026-09-03T23:20:01.603Z level=INFO msg=redelivery key=pf-s313-graded:3882 partition=2 offset=1902 suppressed=false
time=2026-09-03T23:20:01.624Z level=INFO msg=redelivery key=pf-s313-graded:3885 partition=2 offset=1903 suppressed=false
time=2026-09-03T23:20:01.624Z level=INFO msg="fault injected: rewinding instead of committing" key=pf-s313-graded:4752 partition=1 offset=1216 epoch=0
time=2026-09-03T23:20:01.644Z level=INFO msg=redelivery key=pf-s313-graded:3890 partition=2 offset=1904 suppressed=false
time=2026-09-03T23:20:01.664Z level=INFO msg=redelivery key=pf-s313-graded:3893 partition=2 offset=1905 suppressed=false
time=2026-09-03T23:20:01.683Z level=INFO msg=redelivery key=pf-s313-graded:3896 partition=2 offset=1906 suppressed=false
time=2026-09-03T23:20:01.704Z level=INFO msg=redelivery key=pf-s313-graded:3899 partition=2 offset=1907 suppressed=false
time=2026-09-03T23:20:01.724Z level=INFO msg=redelivery key=pf-s313-graded:3903 partition=2 offset=1908 suppressed=false
time=2026-09-03T23:20:01.744Z level=INFO msg=redelivery key=pf-s313-graded:3904 partition=2 offset=1909 suppressed=false
time=2026-09-03T23:20:01.764Z level=INFO msg=redelivery key=pf-s313-graded:3905 partition=2 offset=1910 suppressed=false
time=2026-09-03T23:20:01.783Z level=INFO msg=redelivery key=pf-s313-graded:3906 partition=2 offset=1911 suppressed=false
time=2026-09-03T23:20:01.804Z level=INFO msg=redelivery key=pf-s313-graded:3908 partition=2 offset=1912 suppressed=false
time=2026-09-03T23:20:01.824Z level=INFO msg=redelivery key=pf-s313-graded:3909 partition=2 offset=1913 suppressed=false
time=2026-09-03T23:20:01.844Z level=INFO msg=redelivery key=pf-s313-graded:3911 partition=2 offset=1914 suppressed=false
time=2026-09-03T23:20:01.864Z level=INFO msg=redelivery key=pf-s313-graded:3913 partition=2 offset=1915 suppressed=false
time=2026-09-03T23:20:01.884Z level=INFO msg=redelivery key=pf-s313-graded:3914 partition=2 offset=1916 suppressed=false
time=2026-09-03T23:20:01.904Z level=INFO msg=redelivery key=pf-s313-graded:3916 partition=2 offset=1917 suppressed=false
time=2026-09-03T23:20:01.924Z level=INFO msg=redelivery key=pf-s313-graded:3917 partition=2 offset=1918 suppressed=false
time=2026-09-03T23:20:01.944Z level=INFO msg=redelivery key=pf-s313-graded:3918 partition=2 offset=1919 suppressed=false
time=2026-09-03T23:20:01.964Z level=INFO msg=redelivery key=pf-s313-graded:3920 partition=2 offset=1920 suppressed=false
time=2026-09-03T23:20:01.983Z level=INFO msg=redelivery key=pf-s313-graded:3921 partition=2 offset=1921 suppressed=false
time=2026-09-03T23:20:02.004Z level=INFO msg=redelivery key=pf-s313-graded:3922 partition=2 offset=1922 suppressed=false
time=2026-09-03T23:20:02.024Z level=INFO msg=redelivery key=pf-s313-graded:3924 partition=2 offset=1923 suppressed=false
time=2026-09-03T23:20:02.043Z level=INFO msg=redelivery key=pf-s313-graded:3925 partition=2 offset=1924 suppressed=false
time=2026-09-03T23:20:02.064Z level=INFO msg=redelivery key=pf-s313-graded:3929 partition=2 offset=1925 suppressed=false
time=2026-09-03T23:20:02.084Z level=INFO msg=redelivery key=pf-s313-graded:3930 partition=2 offset=1926 suppressed=false
time=2026-09-03T23:20:02.104Z level=INFO msg=redelivery key=pf-s313-graded:3931 partition=2 offset=1927 suppressed=false
time=2026-09-03T23:20:02.124Z level=INFO msg=redelivery key=pf-s313-graded:3932 partition=2 offset=1928 suppressed=false
time=2026-09-03T23:20:02.144Z level=INFO msg=redelivery key=pf-s313-graded:3935 partition=2 offset=1929 suppressed=false
time=2026-09-03T23:20:02.164Z level=INFO msg=redelivery key=pf-s313-graded:3938 partition=2 offset=1930 suppressed=false
time=2026-09-03T23:20:02.183Z level=INFO msg=redelivery key=pf-s313-graded:3942 partition=2 offset=1931 suppressed=false
time=2026-09-03T23:20:02.204Z level=INFO msg=redelivery key=pf-s313-graded:3943 partition=2 offset=1932 suppressed=false
time=2026-09-03T23:20:02.224Z level=INFO msg=redelivery key=pf-s313-graded:3944 partition=2 offset=1933 suppressed=false
time=2026-09-03T23:20:02.244Z level=INFO msg=redelivery key=pf-s313-graded:3945 partition=2 offset=1934 suppressed=false
time=2026-09-03T23:20:02.264Z level=INFO msg=redelivery key=pf-s313-graded:3946 partition=2 offset=1935 suppressed=false
time=2026-09-03T23:20:02.284Z level=INFO msg=redelivery key=pf-s313-graded:3948 partition=2 offset=1936 suppressed=false
time=2026-09-03T23:20:02.304Z level=INFO msg=redelivery key=pf-s313-graded:3949 partition=2 offset=1937 suppressed=false
time=2026-09-03T23:20:02.324Z level=INFO msg=redelivery key=pf-s313-graded:3954 partition=2 offset=1938 suppressed=false
time=2026-09-03T23:20:02.344Z level=INFO msg=redelivery key=pf-s313-graded:3956 partition=2 offset=1939 suppressed=false
time=2026-09-03T23:20:02.364Z level=INFO msg=redelivery key=pf-s313-graded:3957 partition=2 offset=1940 suppressed=false
time=2026-09-03T23:20:02.384Z level=INFO msg=redelivery key=pf-s313-graded:3959 partition=2 offset=1941 suppressed=false
time=2026-09-03T23:20:02.406Z level=INFO msg=redelivery key=pf-s313-graded:3961 partition=2 offset=1942 suppressed=false
time=2026-09-03T23:20:02.425Z level=INFO msg=redelivery key=pf-s313-graded:3964 partition=2 offset=1943 suppressed=false
time=2026-09-03T23:20:02.447Z level=INFO msg=redelivery key=pf-s313-graded:3968 partition=2 offset=1944 suppressed=false
time=2026-09-03T23:20:02.465Z level=INFO msg=redelivery key=pf-s313-graded:3969 partition=2 offset=1945 suppressed=false
time=2026-09-03T23:20:02.484Z level=INFO msg=redelivery key=pf-s313-graded:3971 partition=2 offset=1946 suppressed=false
time=2026-09-03T23:20:02.504Z level=INFO msg=redelivery key=pf-s313-graded:3972 partition=2 offset=1947 suppressed=false
time=2026-09-03T23:20:02.524Z level=INFO msg=redelivery key=pf-s313-graded:3973 partition=2 offset=1948 suppressed=false
time=2026-09-03T23:20:02.544Z level=INFO msg=redelivery key=pf-s313-graded:3977 partition=2 offset=1949 suppressed=false
time=2026-09-03T23:20:02.564Z level=INFO msg=redelivery key=pf-s313-graded:3979 partition=2 offset=1950 suppressed=false
time=2026-09-03T23:20:02.584Z level=INFO msg=redelivery key=pf-s313-graded:3980 partition=2 offset=1951 suppressed=false
time=2026-09-03T23:20:02.604Z level=INFO msg=redelivery key=pf-s313-graded:3982 partition=2 offset=1952 suppressed=false
time=2026-09-03T23:20:02.624Z level=INFO msg=redelivery key=pf-s313-graded:3984 partition=2 offset=1953 suppressed=false
time=2026-09-03T23:20:02.643Z level=INFO msg=redelivery key=pf-s313-graded:3986 partition=2 offset=1954 suppressed=false
time=2026-09-03T23:20:02.664Z level=INFO msg=redelivery key=pf-s313-graded:3987 partition=2 offset=1955 suppressed=false
time=2026-09-03T23:20:02.684Z level=INFO msg=redelivery key=pf-s313-graded:3989 partition=2 offset=1956 suppressed=false
time=2026-09-03T23:20:02.704Z level=INFO msg=redelivery key=pf-s313-graded:3991 partition=2 offset=1957 suppressed=false
time=2026-09-03T23:20:02.724Z level=INFO msg=redelivery key=pf-s313-graded:3992 partition=2 offset=1958 suppressed=false
time=2026-09-03T23:20:02.744Z level=INFO msg=redelivery key=pf-s313-graded:3994 partition=2 offset=1959 suppressed=false
time=2026-09-03T23:20:02.764Z level=INFO msg=redelivery key=pf-s313-graded:3995 partition=2 offset=1960 suppressed=false
time=2026-09-03T23:20:02.784Z level=INFO msg=redelivery key=pf-s313-graded:3998 partition=2 offset=1961 suppressed=false
time=2026-09-03T23:20:02.804Z level=INFO msg=redelivery key=pf-s313-graded:3999 partition=2 offset=1962 suppressed=false
time=2026-09-03T23:20:02.825Z level=INFO msg=redelivery key=pf-s313-graded:4000 partition=2 offset=1963 suppressed=false
time=2026-09-03T23:20:02.844Z level=INFO msg=redelivery key=pf-s313-graded:4001 partition=2 offset=1964 suppressed=false
time=2026-09-03T23:20:02.864Z level=INFO msg=redelivery key=pf-s313-graded:4007 partition=2 offset=1965 suppressed=false
time=2026-09-03T23:20:02.884Z level=INFO msg=redelivery key=pf-s313-graded:4008 partition=2 offset=1966 suppressed=false
time=2026-09-03T23:20:02.904Z level=INFO msg=redelivery key=pf-s313-graded:4009 partition=2 offset=1967 suppressed=false
time=2026-09-03T23:20:02.923Z level=INFO msg=redelivery key=pf-s313-graded:4012 partition=2 offset=1968 suppressed=false
time=2026-09-03T23:20:02.944Z level=INFO msg=redelivery key=pf-s313-graded:4013 partition=2 offset=1969 suppressed=false
time=2026-09-03T23:20:02.963Z level=INFO msg=redelivery key=pf-s313-graded:4014 partition=2 offset=1970 suppressed=false
time=2026-09-03T23:20:02.984Z level=INFO msg=redelivery key=pf-s313-graded:4017 partition=2 offset=1971 suppressed=false
time=2026-09-03T23:20:03.004Z level=INFO msg=redelivery key=pf-s313-graded:4019 partition=2 offset=1972 suppressed=false
time=2026-09-03T23:20:03.024Z level=INFO msg=redelivery key=pf-s313-graded:4020 partition=2 offset=1973 suppressed=false
time=2026-09-03T23:20:03.043Z level=INFO msg=redelivery key=pf-s313-graded:4021 partition=2 offset=1974 suppressed=false
time=2026-09-03T23:20:03.064Z level=INFO msg=redelivery key=pf-s313-graded:4022 partition=2 offset=1975 suppressed=false
time=2026-09-03T23:20:03.083Z level=INFO msg=redelivery key=pf-s313-graded:4023 partition=2 offset=1976 suppressed=false
time=2026-09-03T23:20:03.104Z level=INFO msg=redelivery key=pf-s313-graded:4024 partition=2 offset=1977 suppressed=false
time=2026-09-03T23:20:03.125Z level=INFO msg=redelivery key=pf-s313-graded:4026 partition=2 offset=1978 suppressed=false
time=2026-09-03T23:20:03.144Z level=INFO msg=redelivery key=pf-s313-graded:4027 partition=2 offset=1979 suppressed=false
time=2026-09-03T23:20:03.164Z level=INFO msg=redelivery key=pf-s313-graded:4030 partition=2 offset=1980 suppressed=false
time=2026-09-03T23:20:03.183Z level=INFO msg=redelivery key=pf-s313-graded:4031 partition=2 offset=1981 suppressed=false
time=2026-09-03T23:20:03.204Z level=INFO msg=redelivery key=pf-s313-graded:4032 partition=2 offset=1982 suppressed=false
time=2026-09-03T23:20:03.224Z level=INFO msg=redelivery key=pf-s313-graded:4034 partition=2 offset=1983 suppressed=false
time=2026-09-03T23:20:03.244Z level=INFO msg=redelivery key=pf-s313-graded:4038 partition=2 offset=1984 suppressed=false
time=2026-09-03T23:20:03.264Z level=INFO msg=redelivery key=pf-s313-graded:4043 partition=2 offset=1985 suppressed=false
time=2026-09-03T23:20:03.284Z level=INFO msg=redelivery key=pf-s313-graded:4045 partition=2 offset=1986 suppressed=false
time=2026-09-03T23:20:03.304Z level=INFO msg=redelivery key=pf-s313-graded:4046 partition=2 offset=1987 suppressed=false
time=2026-09-03T23:20:03.324Z level=INFO msg=redelivery key=pf-s313-graded:4050 partition=2 offset=1988 suppressed=false
time=2026-09-03T23:20:03.343Z level=INFO msg=redelivery key=pf-s313-graded:4051 partition=2 offset=1989 suppressed=false
time=2026-09-03T23:20:03.364Z level=INFO msg=redelivery key=pf-s313-graded:4052 partition=2 offset=1990 suppressed=false
time=2026-09-03T23:20:03.384Z level=INFO msg=redelivery key=pf-s313-graded:4053 partition=2 offset=1991 suppressed=false
time=2026-09-03T23:20:03.404Z level=INFO msg=redelivery key=pf-s313-graded:4054 partition=2 offset=1992 suppressed=false
time=2026-09-03T23:20:03.424Z level=INFO msg=redelivery key=pf-s313-graded:4055 partition=2 offset=1993 suppressed=false
time=2026-09-03T23:20:03.444Z level=INFO msg=redelivery key=pf-s313-graded:4056 partition=2 offset=1994 suppressed=false
time=2026-09-03T23:20:03.464Z level=INFO msg=redelivery key=pf-s313-graded:4059 partition=2 offset=1995 suppressed=false
time=2026-09-03T23:20:03.484Z level=INFO msg=redelivery key=pf-s313-graded:4067 partition=2 offset=1996 suppressed=false
time=2026-09-03T23:20:03.504Z level=INFO msg=redelivery key=pf-s313-graded:4068 partition=2 offset=1997 suppressed=false
time=2026-09-03T23:20:03.524Z level=INFO msg=redelivery key=pf-s313-graded:4069 partition=2 offset=1998 suppressed=false
time=2026-09-03T23:20:03.544Z level=INFO msg=redelivery key=pf-s313-graded:4073 partition=2 offset=1999 suppressed=false
time=2026-09-03T23:20:03.564Z level=INFO msg=redelivery key=pf-s313-graded:4074 partition=2 offset=2000 suppressed=false
time=2026-09-03T23:20:03.584Z level=INFO msg=redelivery key=pf-s313-graded:4080 partition=2 offset=2001 suppressed=false
time=2026-09-03T23:20:03.604Z level=INFO msg=redelivery key=pf-s313-graded:4082 partition=2 offset=2002 suppressed=false
time=2026-09-03T23:20:03.623Z level=INFO msg=redelivery key=pf-s313-graded:4083 partition=2 offset=2003 suppressed=false
time=2026-09-03T23:20:03.644Z level=INFO msg=redelivery key=pf-s313-graded:4084 partition=2 offset=2004 suppressed=false
time=2026-09-03T23:20:03.664Z level=INFO msg=redelivery key=pf-s313-graded:4085 partition=2 offset=2005 suppressed=false
time=2026-09-03T23:20:03.684Z level=INFO msg=redelivery key=pf-s313-graded:4086 partition=2 offset=2006 suppressed=false
time=2026-09-03T23:20:03.704Z level=INFO msg=redelivery key=pf-s313-graded:4087 partition=2 offset=2007 suppressed=false
time=2026-09-03T23:20:03.724Z level=INFO msg=redelivery key=pf-s313-graded:4091 partition=2 offset=2008 suppressed=false
time=2026-09-03T23:20:03.744Z level=INFO msg=redelivery key=pf-s313-graded:4092 partition=2 offset=2009 suppressed=false
time=2026-09-03T23:20:03.764Z level=INFO msg=redelivery key=pf-s313-graded:4094 partition=2 offset=2010 suppressed=false
time=2026-09-03T23:20:03.784Z level=INFO msg=redelivery key=pf-s313-graded:4099 partition=2 offset=2011 suppressed=false
time=2026-09-03T23:20:03.803Z level=INFO msg=redelivery key=pf-s313-graded:4100 partition=2 offset=2012 suppressed=false
time=2026-09-03T23:20:03.824Z level=INFO msg=redelivery key=pf-s313-graded:4103 partition=2 offset=2013 suppressed=false
time=2026-09-03T23:20:03.844Z level=INFO msg=redelivery key=pf-s313-graded:4104 partition=2 offset=2014 suppressed=false
time=2026-09-03T23:20:03.864Z level=INFO msg=redelivery key=pf-s313-graded:4106 partition=2 offset=2015 suppressed=false
time=2026-09-03T23:20:03.884Z level=INFO msg=redelivery key=pf-s313-graded:4107 partition=2 offset=2016 suppressed=false
time=2026-09-03T23:20:03.904Z level=INFO msg=redelivery key=pf-s313-graded:4108 partition=2 offset=2017 suppressed=false
time=2026-09-03T23:20:03.924Z level=INFO msg=redelivery key=pf-s313-graded:4109 partition=2 offset=2018 suppressed=false
time=2026-09-03T23:20:03.944Z level=INFO msg=redelivery key=pf-s313-graded:4111 partition=2 offset=2019 suppressed=false
time=2026-09-03T23:20:03.964Z level=INFO msg=redelivery key=pf-s313-graded:4114 partition=2 offset=2020 suppressed=false
time=2026-09-03T23:20:03.984Z level=INFO msg=redelivery key=pf-s313-graded:4116 partition=2 offset=2021 suppressed=false
time=2026-09-03T23:20:04.004Z level=INFO msg=redelivery key=pf-s313-graded:4118 partition=2 offset=2022 suppressed=false
time=2026-09-03T23:20:04.024Z level=INFO msg=redelivery key=pf-s313-graded:4120 partition=2 offset=2023 suppressed=false
time=2026-09-03T23:20:04.044Z level=INFO msg=redelivery key=pf-s313-graded:4121 partition=2 offset=2024 suppressed=false
time=2026-09-03T23:20:04.064Z level=INFO msg=redelivery key=pf-s313-graded:4122 partition=2 offset=2025 suppressed=false
time=2026-09-03T23:20:04.084Z level=INFO msg=redelivery key=pf-s313-graded:4123 partition=2 offset=2026 suppressed=false
time=2026-09-03T23:20:04.104Z level=INFO msg=redelivery key=pf-s313-graded:4124 partition=2 offset=2027 suppressed=false
time=2026-09-03T23:20:04.124Z level=INFO msg=redelivery key=pf-s313-graded:4125 partition=2 offset=2028 suppressed=false
time=2026-09-03T23:20:04.144Z level=INFO msg=redelivery key=pf-s313-graded:4127 partition=2 offset=2029 suppressed=false
time=2026-09-03T23:20:04.164Z level=INFO msg=redelivery key=pf-s313-graded:4136 partition=2 offset=2030 suppressed=false
time=2026-09-03T23:20:04.184Z level=INFO msg=redelivery key=pf-s313-graded:4138 partition=2 offset=2031 suppressed=false
time=2026-09-03T23:20:04.204Z level=INFO msg=redelivery key=pf-s313-graded:4141 partition=2 offset=2032 suppressed=false
time=2026-09-03T23:20:04.224Z level=INFO msg=redelivery key=pf-s313-graded:4142 partition=2 offset=2033 suppressed=false
time=2026-09-03T23:20:04.244Z level=INFO msg=redelivery key=pf-s313-graded:4143 partition=2 offset=2034 suppressed=false
time=2026-09-03T23:20:04.264Z level=INFO msg=redelivery key=pf-s313-graded:4144 partition=2 offset=2035 suppressed=false
time=2026-09-03T23:20:04.284Z level=INFO msg=redelivery key=pf-s313-graded:4153 partition=2 offset=2036 suppressed=false
time=2026-09-03T23:20:04.304Z level=INFO msg=redelivery key=pf-s313-graded:4154 partition=2 offset=2037 suppressed=false
time=2026-09-03T23:20:04.324Z level=INFO msg=redelivery key=pf-s313-graded:4158 partition=2 offset=2038 suppressed=false
time=2026-09-03T23:20:04.344Z level=INFO msg=redelivery key=pf-s313-graded:4160 partition=2 offset=2039 suppressed=false
time=2026-09-03T23:20:04.364Z level=INFO msg=redelivery key=pf-s313-graded:4161 partition=2 offset=2040 suppressed=false
time=2026-09-03T23:20:04.385Z level=INFO msg=redelivery key=pf-s313-graded:4162 partition=2 offset=2041 suppressed=false
time=2026-09-03T23:20:04.404Z level=INFO msg=redelivery key=pf-s313-graded:4163 partition=2 offset=2042 suppressed=false
time=2026-09-03T23:20:04.423Z level=INFO msg=redelivery key=pf-s313-graded:4164 partition=2 offset=2043 suppressed=false
time=2026-09-03T23:20:04.447Z level=INFO msg=redelivery key=pf-s313-graded:4165 partition=2 offset=2044 suppressed=false
time=2026-09-03T23:20:04.464Z level=INFO msg=redelivery key=pf-s313-graded:4166 partition=2 offset=2045 suppressed=false
time=2026-09-03T23:20:04.483Z level=INFO msg=redelivery key=pf-s313-graded:4168 partition=2 offset=2046 suppressed=false
time=2026-09-03T23:20:04.504Z level=INFO msg=redelivery key=pf-s313-graded:4169 partition=2 offset=2047 suppressed=false
time=2026-09-03T23:20:04.524Z level=INFO msg=redelivery key=pf-s313-graded:4172 partition=2 offset=2048 suppressed=false
time=2026-09-03T23:20:04.544Z level=INFO msg=redelivery key=pf-s313-graded:4177 partition=2 offset=2049 suppressed=false
time=2026-09-03T23:20:04.564Z level=INFO msg=redelivery key=pf-s313-graded:4178 partition=2 offset=2050 suppressed=false
time=2026-09-03T23:20:04.584Z level=INFO msg=redelivery key=pf-s313-graded:4182 partition=2 offset=2051 suppressed=false
time=2026-09-03T23:20:04.604Z level=INFO msg=redelivery key=pf-s313-graded:4183 partition=2 offset=2052 suppressed=false
time=2026-09-03T23:20:04.624Z level=INFO msg=redelivery key=pf-s313-graded:4187 partition=2 offset=2053 suppressed=false
time=2026-09-03T23:20:04.643Z level=INFO msg=redelivery key=pf-s313-graded:4191 partition=2 offset=2054 suppressed=false
time=2026-09-03T23:20:04.664Z level=INFO msg=redelivery key=pf-s313-graded:4192 partition=2 offset=2055 suppressed=false
time=2026-09-03T23:20:04.684Z level=INFO msg=redelivery key=pf-s313-graded:4193 partition=2 offset=2056 suppressed=false
time=2026-09-03T23:20:04.704Z level=INFO msg=redelivery key=pf-s313-graded:4196 partition=2 offset=2057 suppressed=false
time=2026-09-03T23:20:04.724Z level=INFO msg=redelivery key=pf-s313-graded:4197 partition=2 offset=2058 suppressed=false
time=2026-09-03T23:20:04.744Z level=INFO msg=redelivery key=pf-s313-graded:4200 partition=2 offset=2059 suppressed=false
time=2026-09-03T23:20:04.764Z level=INFO msg=redelivery key=pf-s313-graded:4203 partition=2 offset=2060 suppressed=false
time=2026-09-03T23:20:04.785Z level=INFO msg=redelivery key=pf-s313-graded:4205 partition=2 offset=2061 suppressed=false
time=2026-09-03T23:20:04.804Z level=INFO msg=redelivery key=pf-s313-graded:4206 partition=2 offset=2062 suppressed=false
time=2026-09-03T23:20:04.824Z level=INFO msg=redelivery key=pf-s313-graded:4211 partition=2 offset=2063 suppressed=false
time=2026-09-03T23:20:04.844Z level=INFO msg=redelivery key=pf-s313-graded:4212 partition=2 offset=2064 suppressed=false
time=2026-09-03T23:20:04.864Z level=INFO msg=redelivery key=pf-s313-graded:4219 partition=2 offset=2065 suppressed=false
time=2026-09-03T23:20:04.884Z level=INFO msg=redelivery key=pf-s313-graded:4222 partition=2 offset=2066 suppressed=false
time=2026-09-03T23:20:04.904Z level=INFO msg=redelivery key=pf-s313-graded:4225 partition=2 offset=2067 suppressed=false
time=2026-09-03T23:20:04.924Z level=INFO msg=redelivery key=pf-s313-graded:4227 partition=2 offset=2068 suppressed=false
time=2026-09-03T23:20:04.943Z level=INFO msg=redelivery key=pf-s313-graded:4230 partition=2 offset=2069 suppressed=false
time=2026-09-03T23:20:04.964Z level=INFO msg=redelivery key=pf-s313-graded:4231 partition=2 offset=2070 suppressed=false
time=2026-09-03T23:20:04.984Z level=INFO msg=redelivery key=pf-s313-graded:4236 partition=2 offset=2071 suppressed=false
time=2026-09-03T23:20:05.004Z level=INFO msg=redelivery key=pf-s313-graded:4237 partition=2 offset=2072 suppressed=false
time=2026-09-03T23:20:05.024Z level=INFO msg=redelivery key=pf-s313-graded:4238 partition=2 offset=2073 suppressed=false
time=2026-09-03T23:20:05.044Z level=INFO msg=redelivery key=pf-s313-graded:4241 partition=2 offset=2074 suppressed=false
time=2026-09-03T23:20:05.064Z level=INFO msg=redelivery key=pf-s313-graded:4242 partition=2 offset=2075 suppressed=false
time=2026-09-03T23:20:05.084Z level=INFO msg=redelivery key=pf-s313-graded:4243 partition=2 offset=2076 suppressed=false
time=2026-09-03T23:20:05.104Z level=INFO msg=redelivery key=pf-s313-graded:4245 partition=2 offset=2077 suppressed=false
time=2026-09-03T23:20:05.124Z level=INFO msg=redelivery key=pf-s313-graded:4246 partition=2 offset=2078 suppressed=false
