time=2026-09-03T23:35:36.184Z level=INFO msg="waiting for the broker" brokers=[kafka:9092]
time=2026-09-03T23:35:36.187Z level=INFO msg="metrics listening" addr=:2112
time=2026-09-03T23:35:36.268Z level=INFO msg="delivery semantics configured" dedupe=false capacity=50000 ttl=10m0s header=kafka-lab-event-id fault_rate=0.01 fault_seed=pf-s313
time=2026-09-03T23:35:46.871Z level=INFO msg="fault fired" key=pf-s313-graded:474 partition=1 offset=120 epoch=0
time=2026-09-03T23:35:46.871Z level=INFO msg="rewinding instead of committing" key=pf-s313-graded:474 partition=1 offset=120 epoch=0
time=2026-09-03T23:35:46.943Z level=INFO msg=redelivery key=pf-s313-graded:474 partition=1 offset=120 suppressed=false
time=2026-09-03T23:35:46.962Z level=INFO msg=redelivery key=pf-s313-graded:476 partition=1 offset=121 suppressed=false
time=2026-09-03T23:35:46.983Z level=INFO msg=redelivery key=pf-s313-graded:477 partition=1 offset=122 suppressed=false
time=2026-09-03T23:35:47.002Z level=INFO msg=redelivery key=pf-s313-graded:484 partition=1 offset=123 suppressed=false
time=2026-09-03T23:35:47.022Z level=INFO msg=redelivery key=pf-s313-graded:488 partition=1 offset=124 suppressed=false
time=2026-09-03T23:35:51.739Z level=INFO msg="fault fired" key=pf-s313-graded:695 partition=0 offset=167 epoch=0
time=2026-09-03T23:35:51.740Z level=INFO msg="rewinding instead of committing" key=pf-s313-graded:695 partition=0 offset=167 epoch=0
time=2026-09-03T23:35:52.169Z level=INFO msg=redelivery key=pf-s313-graded:695 partition=0 offset=167 suppressed=false
time=2026-09-03T23:35:52.186Z level=INFO msg=redelivery key=pf-s313-graded:698 partition=0 offset=168 suppressed=false
time=2026-09-03T23:35:52.207Z level=INFO msg=redelivery key=pf-s313-graded:703 partition=0 offset=169 suppressed=false
time=2026-09-03T23:35:52.226Z level=INFO msg=redelivery key=pf-s313-graded:705 partition=0 offset=170 suppressed=false
time=2026-09-03T23:35:52.588Z level=INFO msg="fault fired" key=pf-s313-graded:715 partition=0 offset=174 epoch=0
time=2026-09-03T23:35:52.591Z level=INFO msg="rewinding instead of committing" key=pf-s313-graded:715 partition=0 offset=174 epoch=0
time=2026-09-03T23:35:53.425Z level=INFO msg=redelivery key=pf-s313-graded:715 partition=0 offset=174 suppressed=false
time=2026-09-03T23:35:53.453Z level=INFO msg=redelivery key=pf-s313-graded:716 partition=0 offset=175 suppressed=false
time=2026-09-03T23:35:53.469Z level=INFO msg=redelivery key=pf-s313-graded:717 partition=0 offset=176 suppressed=false
time=2026-09-03T23:35:53.486Z level=INFO msg=redelivery key=pf-s313-graded:724 partition=0 offset=177 suppressed=false
time=2026-09-03T23:35:53.507Z level=INFO msg=redelivery key=pf-s313-graded:726 partition=0 offset=178 suppressed=false
time=2026-09-03T23:35:53.526Z level=INFO msg=redelivery key=pf-s313-graded:736 partition=0 offset=179 suppressed=false
time=2026-09-03T23:35:53.547Z level=INFO msg=redelivery key=pf-s313-graded:738 partition=0 offset=180 suppressed=false
time=2026-09-03T23:35:55.206Z level=INFO msg="fault fired" key=pf-s313-graded:832 partition=1 offset=215 epoch=0
time=2026-09-03T23:35:55.206Z level=INFO msg="rewinding instead of committing" key=pf-s313-graded:832 partition=1 offset=215 epoch=0
time=2026-09-03T23:35:56.110Z level=INFO msg=redelivery key=pf-s313-graded:832 partition=1 offset=215 suppressed=false
time=2026-09-03T23:35:56.129Z level=INFO msg=redelivery key=pf-s313-graded:833 partition=1 offset=216 suppressed=false
time=2026-09-03T23:35:56.149Z level=INFO msg=redelivery key=pf-s313-graded:834 partition=1 offset=217 suppressed=false
time=2026-09-03T23:35:56.169Z level=INFO msg=redelivery key=pf-s313-graded:844 partition=1 offset=218 suppressed=false
time=2026-09-03T23:35:56.189Z level=INFO msg=redelivery key=pf-s313-graded:847 partition=1 offset=219 suppressed=false
time=2026-09-03T23:35:56.211Z level=INFO msg=redelivery key=pf-s313-graded:848 partition=1 offset=220 suppressed=false
time=2026-09-03T23:35:56.230Z level=INFO msg=redelivery key=pf-s313-graded:852 partition=1 offset=221 suppressed=false
time=2026-09-03T23:35:56.250Z level=INFO msg=redelivery key=pf-s313-graded:853 partition=1 offset=222 suppressed=false
time=2026-09-03T23:35:56.270Z level=INFO msg=redelivery key=pf-s313-graded:854 partition=1 offset=223 suppressed=false
time=2026-09-03T23:35:56.570Z level=INFO msg="fault fired" key=pf-s313-graded:890 partition=2 offset=433 epoch=0
time=2026-09-03T23:35:56.573Z level=INFO msg="rewinding instead of committing" key=pf-s313-graded:890 partition=2 offset=433 epoch=0
time=2026-09-03T23:35:56.988Z level=INFO msg=redelivery key=pf-s313-graded:890 partition=2 offset=433 suppressed=false
time=2026-09-03T23:35:57.008Z level=INFO msg=redelivery key=pf-s313-graded:893 partition=2 offset=434 suppressed=false
time=2026-09-03T23:35:57.027Z level=INFO msg=redelivery key=pf-s313-graded:894 partition=2 offset=435 suppressed=false
time=2026-09-03T23:35:57.046Z level=INFO msg=redelivery key=pf-s313-graded:899 partition=2 offset=436 suppressed=false
time=2026-09-03T23:35:57.066Z level=INFO msg=redelivery key=pf-s313-graded:901 partition=2 offset=437 suppressed=false
time=2026-09-03T23:35:57.087Z level=INFO msg=redelivery key=pf-s313-graded:903 partition=2 offset=438 suppressed=false
time=2026-09-03T23:35:57.106Z level=INFO msg=redelivery key=pf-s313-graded:905 partition=2 offset=439 suppressed=false
time=2026-09-03T23:35:57.125Z level=INFO msg=redelivery key=pf-s313-graded:906 partition=2 offset=440 suppressed=false
time=2026-09-03T23:35:57.147Z level=INFO msg=redelivery key=pf-s313-graded:907 partition=2 offset=441 suppressed=false
time=2026-09-03T23:35:57.168Z level=INFO msg=redelivery key=pf-s313-graded:910 partition=2 offset=442 suppressed=false
time=2026-09-03T23:35:57.187Z level=INFO msg=redelivery key=pf-s313-graded:911 partition=2 offset=443 suppressed=false
time=2026-09-03T23:35:57.206Z level=INFO msg=redelivery key=pf-s313-graded:914 partition=2 offset=444 suppressed=false
time=2026-09-03T23:35:57.229Z level=INFO msg=redelivery key=pf-s313-graded:915 partition=2 offset=445 suppressed=false
time=2026-09-03T23:35:57.250Z level=INFO msg=redelivery key=pf-s313-graded:916 partition=2 offset=446 suppressed=false
time=2026-09-03T23:35:58.465Z level=INFO msg="fault fired" key=pf-s313-graded:942 partition=1 offset=247 epoch=0
time=2026-09-03T23:35:58.466Z level=INFO msg="fault fired" key=pf-s313-graded:963 partition=2 offset=470 epoch=0
time=2026-09-03T23:35:58.466Z level=INFO msg="rewinding instead of committing" key=pf-s313-graded:942 partition=1 offset=247 epoch=0
time=2026-09-03T23:35:58.466Z level=INFO msg="rewinding instead of committing" key=pf-s313-graded:963 partition=2 offset=470 epoch=0
time=2026-09-03T23:35:58.970Z level=INFO msg=redelivery key=pf-s313-graded:942 partition=1 offset=247 suppressed=false
time=2026-09-03T23:35:58.993Z level=INFO msg=redelivery key=pf-s313-graded:945 partition=1 offset=248 suppressed=false
time=2026-09-03T23:35:59.010Z level=INFO msg=redelivery key=pf-s313-graded:953 partition=1 offset=249 suppressed=false
time=2026-09-03T23:35:59.036Z level=INFO msg=redelivery key=pf-s313-graded:955 partition=1 offset=250 suppressed=false
time=2026-09-03T23:35:59.054Z level=INFO msg=redelivery key=pf-s313-graded:956 partition=1 offset=251 suppressed=false
time=2026-09-03T23:35:59.072Z level=INFO msg=redelivery key=pf-s313-graded:971 partition=1 offset=252 suppressed=false
time=2026-09-03T23:35:59.091Z level=INFO msg=redelivery key=pf-s313-graded:976 partition=1 offset=253 suppressed=false
time=2026-09-03T23:35:59.110Z level=INFO msg=redelivery key=pf-s313-graded:981 partition=1 offset=254 suppressed=false
time=2026-09-03T23:35:59.130Z level=INFO msg=redelivery key=pf-s313-graded:987 partition=1 offset=255 suppressed=false
time=2026-09-03T23:35:59.152Z level=INFO msg=redelivery key=pf-s313-graded:996 partition=1 offset=256 suppressed=false
time=2026-09-03T23:35:59.171Z level=INFO msg=redelivery key=pf-s313-graded:997 partition=1 offset=257 suppressed=false
time=2026-09-03T23:35:59.713Z level=INFO msg=redelivery key=pf-s313-graded:963 partition=2 offset=470 suppressed=false
time=2026-09-03T23:35:59.732Z level=INFO msg=redelivery key=pf-s313-graded:964 partition=2 offset=471 suppressed=false
time=2026-09-03T23:35:59.752Z level=INFO msg=redelivery key=pf-s313-graded:967 partition=2 offset=472 suppressed=false
time=2026-09-03T23:35:59.772Z level=INFO msg=redelivery key=pf-s313-graded:968 partition=2 offset=473 suppressed=false
time=2026-09-03T23:35:59.790Z level=INFO msg=redelivery key=pf-s313-graded:969 partition=2 offset=474 suppressed=false
time=2026-09-03T23:35:59.810Z level=INFO msg=redelivery key=pf-s313-graded:972 partition=2 offset=475 suppressed=false
time=2026-09-03T23:35:59.830Z level=INFO msg=redelivery key=pf-s313-graded:977 partition=2 offset=476 suppressed=false
time=2026-09-03T23:35:59.851Z level=INFO msg=redelivery key=pf-s313-graded:980 partition=2 offset=477 suppressed=false
time=2026-09-03T23:35:59.870Z level=INFO msg=redelivery key=pf-s313-graded:984 partition=2 offset=478 suppressed=false
time=2026-09-03T23:35:59.890Z level=INFO msg=redelivery key=pf-s313-graded:985 partition=2 offset=479 suppressed=false
time=2026-09-03T23:35:59.911Z level=INFO msg=redelivery key=pf-s313-graded:986 partition=2 offset=480 suppressed=false
time=2026-09-03T23:35:59.931Z level=INFO msg=redelivery key=pf-s313-graded:988 partition=2 offset=481 suppressed=false
time=2026-09-03T23:35:59.950Z level=INFO msg=redelivery key=pf-s313-graded:989 partition=2 offset=482 suppressed=false
time=2026-09-03T23:35:59.975Z level=INFO msg=redelivery key=pf-s313-graded:991 partition=2 offset=483 suppressed=false
time=2026-09-03T23:35:59.991Z level=INFO msg=redelivery key=pf-s313-graded:993 partition=2 offset=484 suppressed=false
time=2026-09-03T23:36:00.011Z level=INFO msg=redelivery key=pf-s313-graded:994 partition=2 offset=485 suppressed=false
time=2026-09-03T23:36:03.459Z level=INFO msg="fault fired" key=pf-s313-graded:1113 partition=0 offset=281 epoch=0
time=2026-09-03T23:36:03.460Z level=INFO msg="fault fired" key=pf-s313-graded:1205 partition=1 offset=314 epoch=0
time=2026-09-03T23:36:03.460Z level=INFO msg="rewinding instead of committing" key=pf-s313-graded:1113 partition=0 offset=281 epoch=0
time=2026-09-03T23:36:03.460Z level=INFO msg="rewinding instead of committing" key=pf-s313-graded:1205 partition=1 offset=314 epoch=0
time=2026-09-03T23:36:03.707Z level=INFO msg=redelivery key=pf-s313-graded:1205 partition=1 offset=314 suppressed=false
time=2026-09-03T23:36:03.711Z level=INFO msg=redelivery key=pf-s313-graded:1208 partition=1 offset=315 suppressed=false
time=2026-09-03T23:36:03.733Z level=INFO msg=redelivery key=pf-s313-graded:1214 partition=1 offset=316 suppressed=false
time=2026-09-03T23:36:05.371Z level=INFO msg=redelivery key=pf-s313-graded:1113 partition=0 offset=281 suppressed=false
time=2026-09-03T23:36:05.391Z level=INFO msg=redelivery key=pf-s313-graded:1116 partition=0 offset=282 suppressed=false
time=2026-09-03T23:36:05.412Z level=INFO msg=redelivery key=pf-s313-graded:1118 partition=0 offset=283 suppressed=false
time=2026-09-03T23:36:05.431Z level=INFO msg=redelivery key=pf-s313-graded:1123 partition=0 offset=284 suppressed=false
time=2026-09-03T23:36:05.451Z level=INFO msg=redelivery key=pf-s313-graded:1124 partition=0 offset=285 suppressed=false
time=2026-09-03T23:36:05.472Z level=INFO msg=redelivery key=pf-s313-graded:1126 partition=0 offset=286 suppressed=false
time=2026-09-03T23:36:05.491Z level=INFO msg=redelivery key=pf-s313-graded:1134 partition=0 offset=287 suppressed=false
time=2026-09-03T23:36:05.512Z level=INFO msg=redelivery key=pf-s313-graded:1135 partition=0 offset=288 suppressed=false
time=2026-09-03T23:36:05.531Z level=INFO msg=redelivery key=pf-s313-graded:1137 partition=0 offset=289 suppressed=false
time=2026-09-03T23:36:05.551Z level=INFO msg=redelivery key=pf-s313-graded:1147 partition=0 offset=290 suppressed=false
time=2026-09-03T23:36:05.574Z level=INFO msg=redelivery key=pf-s313-graded:1148 partition=0 offset=291 suppressed=false
time=2026-09-03T23:36:05.591Z level=INFO msg=redelivery key=pf-s313-graded:1150 partition=0 offset=292 suppressed=false
time=2026-09-03T23:36:05.610Z level=INFO msg=redelivery key=pf-s313-graded:1151 partition=0 offset=293 suppressed=false
time=2026-09-03T23:36:05.632Z level=INFO msg=redelivery key=pf-s313-graded:1157 partition=0 offset=294 suppressed=false
time=2026-09-03T23:36:05.650Z level=INFO msg=redelivery key=pf-s313-graded:1158 partition=0 offset=295 suppressed=false
time=2026-09-03T23:36:05.671Z level=INFO msg=redelivery key=pf-s313-graded:1162 partition=0 offset=296 suppressed=false
time=2026-09-03T23:36:05.691Z level=INFO msg=redelivery key=pf-s313-graded:1165 partition=0 offset=297 suppressed=false
time=2026-09-03T23:36:05.712Z level=INFO msg=redelivery key=pf-s313-graded:1173 partition=0 offset=298 suppressed=false
time=2026-09-03T23:36:05.732Z level=INFO msg=redelivery key=pf-s313-graded:1178 partition=0 offset=299 suppressed=false
time=2026-09-03T23:36:05.750Z level=INFO msg=redelivery key=pf-s313-graded:1193 partition=0 offset=300 suppressed=false
time=2026-09-03T23:36:05.772Z level=INFO msg=redelivery key=pf-s313-graded:1196 partition=0 offset=301 suppressed=false
time=2026-09-03T23:36:05.793Z level=INFO msg=redelivery key=pf-s313-graded:1199 partition=0 offset=302 suppressed=false
time=2026-09-03T23:36:05.810Z level=INFO msg=redelivery key=pf-s313-graded:1202 partition=0 offset=303 suppressed=false
time=2026-09-03T23:36:05.830Z level=INFO msg=redelivery key=pf-s313-graded:1206 partition=0 offset=304 suppressed=false
time=2026-09-03T23:36:05.851Z level=INFO msg=redelivery key=pf-s313-graded:1209 partition=0 offset=305 suppressed=false
time=2026-09-03T23:36:05.870Z level=INFO msg=redelivery key=pf-s313-graded:1210 partition=0 offset=306 suppressed=false
time=2026-09-03T23:36:05.890Z level=INFO msg=redelivery key=pf-s313-graded:1211 partition=0 offset=307 suppressed=false
time=2026-09-03T23:36:05.912Z level=INFO msg=redelivery key=pf-s313-graded:1212 partition=0 offset=308 suppressed=false
time=2026-09-03T23:36:05.931Z level=INFO msg=redelivery key=pf-s313-graded:1213 partition=0 offset=309 suppressed=false
time=2026-09-03T23:36:09.910Z level=INFO msg="fault fired" key=pf-s313-graded:1335 partition=1 offset=346 epoch=0
time=2026-09-03T23:36:09.910Z level=INFO msg="fault fired" key=pf-s313-graded:1412 partition=1 offset=366 epoch=0
time=2026-09-03T23:36:09.911Z level=INFO msg="fault fired" key=pf-s313-graded:1474 partition=2 offset=712 epoch=0
time=2026-09-03T23:36:09.911Z level=INFO msg="fault fired" key=pf-s313-graded:1383 partition=0 offset=357 epoch=0
time=2026-09-03T23:36:09.911Z level=INFO msg="rewinding instead of committing" key=pf-s313-graded:1335 partition=1 offset=346 epoch=0
time=2026-09-03T23:36:09.911Z level=INFO msg="rewinding instead of committing" key=pf-s313-graded:1474 partition=2 offset=712 epoch=0
time=2026-09-03T23:36:09.911Z level=INFO msg="rewinding instead of committing" key=pf-s313-graded:1383 partition=0 offset=357 epoch=0
time=2026-09-03T23:36:09.933Z level=INFO msg=redelivery key=pf-s313-graded:1474 partition=2 offset=712 suppressed=false
time=2026-09-03T23:36:09.951Z level=INFO msg=redelivery key=pf-s313-graded:1476 partition=2 offset=713 suppressed=false
time=2026-09-03T23:36:09.971Z level=INFO msg=redelivery key=pf-s313-graded:1479 partition=2 offset=714 suppressed=false
time=2026-09-03T23:36:09.991Z level=INFO msg=redelivery key=pf-s313-graded:1480 partition=2 offset=715 suppressed=false
time=2026-09-03T23:36:10.011Z level=INFO msg=redelivery key=pf-s313-graded:1481 partition=2 offset=716 suppressed=false
time=2026-09-03T23:36:10.030Z level=INFO msg=redelivery key=pf-s313-graded:1484 partition=2 offset=717 suppressed=false
time=2026-09-03T23:36:10.050Z level=INFO msg=redelivery key=pf-s313-graded:1489 partition=2 offset=718 suppressed=false
time=2026-09-03T23:36:10.071Z level=INFO msg=redelivery key=pf-s313-graded:1491 partition=2 offset=719 suppressed=false
time=2026-09-03T23:36:10.091Z level=INFO msg=redelivery key=pf-s313-graded:1493 partition=2 offset=720 suppressed=false
time=2026-09-03T23:36:10.110Z level=INFO msg=redelivery key=pf-s313-graded:1494 partition=2 offset=721 suppressed=false
time=2026-09-03T23:36:10.131Z level=INFO msg=redelivery key=pf-s313-graded:1495 partition=2 offset=722 suppressed=false
time=2026-09-03T23:36:10.151Z level=INFO msg=redelivery key=pf-s313-graded:1497 partition=2 offset=723 suppressed=false
time=2026-09-03T23:36:11.652Z level=INFO msg=redelivery key=pf-s313-graded:1383 partition=0 offset=357 suppressed=false
time=2026-09-03T23:36:11.670Z level=INFO msg=redelivery key=pf-s313-graded:1386 partition=0 offset=358 suppressed=false
time=2026-09-03T23:36:11.691Z level=INFO msg=redelivery key=pf-s313-graded:1399 partition=0 offset=359 suppressed=false
time=2026-09-03T23:36:11.712Z level=INFO msg=redelivery key=pf-s313-graded:1406 partition=0 offset=360 suppressed=false
time=2026-09-03T23:36:11.730Z level=INFO msg=redelivery key=pf-s313-graded:1408 partition=0 offset=361 suppressed=false
time=2026-09-03T23:36:11.751Z level=INFO msg=redelivery key=pf-s313-graded:1410 partition=0 offset=362 suppressed=false
time=2026-09-03T23:36:11.771Z level=INFO msg=redelivery key=pf-s313-graded:1413 partition=0 offset=363 suppressed=false
time=2026-09-03T23:36:11.792Z level=INFO msg=redelivery key=pf-s313-graded:1420 partition=0 offset=364 suppressed=false
time=2026-09-03T23:36:11.810Z level=INFO msg=redelivery key=pf-s313-graded:1421 partition=0 offset=365 suppressed=false
time=2026-09-03T23:36:11.832Z level=INFO msg=redelivery key=pf-s313-graded:1429 partition=0 offset=366 suppressed=false
time=2026-09-03T23:36:11.850Z level=INFO msg=redelivery key=pf-s313-graded:1433 partition=0 offset=367 suppressed=false
time=2026-09-03T23:36:11.871Z level=INFO msg=redelivery key=pf-s313-graded:1439 partition=0 offset=368 suppressed=false
time=2026-09-03T23:36:11.891Z level=INFO msg=redelivery key=pf-s313-graded:1440 partition=0 offset=369 suppressed=false
time=2026-09-03T23:36:11.911Z level=INFO msg=redelivery key=pf-s313-graded:1441 partition=0 offset=370 suppressed=false
time=2026-09-03T23:36:11.931Z level=INFO msg=redelivery key=pf-s313-graded:1457 partition=0 offset=371 suppressed=false
time=2026-09-03T23:36:11.950Z level=INFO msg=redelivery key=pf-s313-graded:1458 partition=0 offset=372 suppressed=false
time=2026-09-03T23:36:11.971Z level=INFO msg=redelivery key=pf-s313-graded:1470 partition=0 offset=373 suppressed=false
time=2026-09-03T23:36:11.990Z level=INFO msg=redelivery key=pf-s313-graded:1471 partition=0 offset=374 suppressed=false
time=2026-09-03T23:36:12.012Z level=INFO msg=redelivery key=pf-s313-graded:1475 partition=0 offset=375 suppressed=false
time=2026-09-03T23:36:12.030Z level=INFO msg=redelivery key=pf-s313-graded:1477 partition=0 offset=376 suppressed=false
time=2026-09-03T23:36:12.054Z level=INFO msg=redelivery key=pf-s313-graded:1487 partition=0 offset=377 suppressed=false
time=2026-09-03T23:36:12.074Z level=INFO msg=redelivery key=pf-s313-graded:1488 partition=0 offset=378 suppressed=false
time=2026-09-03T23:36:12.091Z level=INFO msg=redelivery key=pf-s313-graded:1490 partition=0 offset=379 suppressed=false
time=2026-09-03T23:36:12.112Z level=INFO msg=redelivery key=pf-s313-graded:1492 partition=0 offset=380 suppressed=false
time=2026-09-03T23:36:12.131Z level=INFO msg=redelivery key=pf-s313-graded:1496 partition=0 offset=381 suppressed=false
time=2026-09-03T23:36:13.172Z level=INFO msg=redelivery key=pf-s313-graded:1335 partition=1 offset=346 suppressed=false
time=2026-09-03T23:36:13.195Z level=INFO msg=redelivery key=pf-s313-graded:1340 partition=1 offset=347 suppressed=false
time=2026-09-03T23:36:13.211Z level=INFO msg=redelivery key=pf-s313-graded:1342 partition=1 offset=348 suppressed=false
time=2026-09-03T23:36:13.231Z level=INFO msg=redelivery key=pf-s313-graded:1348 partition=1 offset=349 suppressed=false
time=2026-09-03T23:36:13.253Z level=INFO msg=redelivery key=pf-s313-graded:1350 partition=1 offset=350 suppressed=false
time=2026-09-03T23:36:13.270Z level=INFO msg=redelivery key=pf-s313-graded:1351 partition=1 offset=351 suppressed=false
time=2026-09-03T23:36:13.291Z level=INFO msg=redelivery key=pf-s313-graded:1357 partition=1 offset=352 suppressed=false
time=2026-09-03T23:36:13.311Z level=INFO msg=redelivery key=pf-s313-graded:1358 partition=1 offset=353 suppressed=false
time=2026-09-03T23:36:13.330Z level=INFO msg=redelivery key=pf-s313-graded:1363 partition=1 offset=354 suppressed=false
time=2026-09-03T23:36:13.351Z level=INFO msg=redelivery key=pf-s313-graded:1370 partition=1 offset=355 suppressed=false
time=2026-09-03T23:36:13.371Z level=INFO msg=redelivery key=pf-s313-graded:1372 partition=1 offset=356 suppressed=false
time=2026-09-03T23:36:13.390Z level=INFO msg=redelivery key=pf-s313-graded:1378 partition=1 offset=357 suppressed=false
time=2026-09-03T23:36:13.410Z level=INFO msg=redelivery key=pf-s313-graded:1384 partition=1 offset=358 suppressed=false
time=2026-09-03T23:36:13.431Z level=INFO msg=redelivery key=pf-s313-graded:1387 partition=1 offset=359 suppressed=false
time=2026-09-03T23:36:13.450Z level=INFO msg=redelivery key=pf-s313-graded:1391 partition=1 offset=360 suppressed=false
time=2026-09-03T23:36:13.471Z level=INFO msg=redelivery key=pf-s313-graded:1392 partition=1 offset=361 suppressed=false
time=2026-09-03T23:36:13.490Z level=INFO msg=redelivery key=pf-s313-graded:1395 partition=1 offset=362 suppressed=false
time=2026-09-03T23:36:13.510Z level=INFO msg=redelivery key=pf-s313-graded:1397 partition=1 offset=363 suppressed=false
time=2026-09-03T23:36:13.530Z level=INFO msg=redelivery key=pf-s313-graded:1402 partition=1 offset=364 suppressed=false
time=2026-09-03T23:36:13.552Z level=INFO msg=redelivery key=pf-s313-graded:1405 partition=1 offset=365 suppressed=false
time=2026-09-03T23:36:13.572Z level=INFO msg=redelivery key=pf-s313-graded:1412 partition=1 offset=366 suppressed=false
time=2026-09-03T23:36:13.592Z level=INFO msg=redelivery key=pf-s313-graded:1418 partition=1 offset=367 suppressed=false
time=2026-09-03T23:36:13.611Z level=INFO msg=redelivery key=pf-s313-graded:1422 partition=1 offset=368 suppressed=false
time=2026-09-03T23:36:13.632Z level=INFO msg=redelivery key=pf-s313-graded:1423 partition=1 offset=369 suppressed=false
time=2026-09-03T23:36:13.653Z level=INFO msg=redelivery key=pf-s313-graded:1424 partition=1 offset=370 suppressed=false
time=2026-09-03T23:36:13.671Z level=INFO msg=redelivery key=pf-s313-graded:1430 partition=1 offset=371 suppressed=false
time=2026-09-03T23:36:13.690Z level=INFO msg=redelivery key=pf-s313-graded:1431 partition=1 offset=372 suppressed=false
time=2026-09-03T23:36:13.710Z level=INFO msg=redelivery key=pf-s313-graded:1432 partition=1 offset=373 suppressed=false
time=2026-09-03T23:36:13.733Z level=INFO msg=redelivery key=pf-s313-graded:1434 partition=1 offset=374 suppressed=false
time=2026-09-03T23:36:13.751Z level=INFO msg=redelivery key=pf-s313-graded:1442 partition=1 offset=375 suppressed=false
time=2026-09-03T23:36:13.771Z level=INFO msg=redelivery key=pf-s313-graded:1446 partition=1 offset=376 suppressed=false
time=2026-09-03T23:36:13.791Z level=INFO msg=redelivery key=pf-s313-graded:1451 partition=1 offset=377 suppressed=false
time=2026-09-03T23:36:13.811Z level=INFO msg=redelivery key=pf-s313-graded:1452 partition=1 offset=378 suppressed=false
time=2026-09-03T23:36:13.832Z level=INFO msg=redelivery key=pf-s313-graded:1453 partition=1 offset=379 suppressed=false
time=2026-09-03T23:36:13.851Z level=INFO msg=redelivery key=pf-s313-graded:1459 partition=1 offset=380 suppressed=false
time=2026-09-03T23:36:13.871Z level=INFO msg=redelivery key=pf-s313-graded:1461 partition=1 offset=381 suppressed=false
time=2026-09-03T23:36:13.891Z level=INFO msg=redelivery key=pf-s313-graded:1462 partition=1 offset=382 suppressed=false
time=2026-09-03T23:36:13.910Z level=INFO msg=redelivery key=pf-s313-graded:1467 partition=1 offset=383 suppressed=false
time=2026-09-03T23:36:13.933Z level=INFO msg=redelivery key=pf-s313-graded:1468 partition=1 offset=384 suppressed=false
time=2026-09-03T23:36:13.951Z level=INFO msg=redelivery key=pf-s313-graded:1469 partition=1 offset=385 suppressed=false
time=2026-09-03T23:36:13.970Z level=INFO msg=redelivery key=pf-s313-graded:1478 partition=1 offset=386 suppressed=false
time=2026-09-03T23:36:13.991Z level=INFO msg=redelivery key=pf-s313-graded:1482 partition=1 offset=387 suppressed=false
time=2026-09-03T23:36:14.010Z level=INFO msg=redelivery key=pf-s313-graded:1483 partition=1 offset=388 suppressed=false
time=2026-09-03T23:36:14.031Z level=INFO msg=redelivery key=pf-s313-graded:1485 partition=1 offset=389 suppressed=false
time=2026-09-03T23:36:14.050Z level=INFO msg=redelivery key=pf-s313-graded:1486 partition=1 offset=390 suppressed=false
time=2026-09-03T23:36:14.910Z level=INFO msg="fault fired" key=pf-s313-graded:1570 partition=0 offset=404 epoch=0
time=2026-09-03T23:36:14.910Z level=INFO msg="fault fired" key=pf-s313-graded:1606 partition=0 offset=416 epoch=0
time=2026-09-03T23:36:14.911Z level=INFO msg="rewinding instead of committing" key=pf-s313-graded:1570 partition=0 offset=404 epoch=0
time=2026-09-03T23:36:18.712Z level=INFO msg=redelivery key=pf-s313-graded:1570 partition=0 offset=404 suppressed=false
time=2026-09-03T23:36:18.733Z level=INFO msg=redelivery key=pf-s313-graded:1572 partition=0 offset=405 suppressed=false
time=2026-09-03T23:36:18.750Z level=INFO msg=redelivery key=pf-s313-graded:1573 partition=0 offset=406 suppressed=false
time=2026-09-03T23:36:18.771Z level=INFO msg=redelivery key=pf-s313-graded:1575 partition=0 offset=407 suppressed=false
time=2026-09-03T23:36:18.790Z level=INFO msg=redelivery key=pf-s313-graded:1577 partition=0 offset=408 suppressed=false
time=2026-09-03T23:36:18.811Z level=INFO msg=redelivery key=pf-s313-graded:1584 partition=0 offset=409 suppressed=false
time=2026-09-03T23:36:18.830Z level=INFO msg=redelivery key=pf-s313-graded:1585 partition=0 offset=410 suppressed=false
time=2026-09-03T23:36:18.850Z level=INFO msg=redelivery key=pf-s313-graded:1586 partition=0 offset=411 suppressed=false
time=2026-09-03T23:36:18.871Z level=INFO msg=redelivery key=pf-s313-graded:1595 partition=0 offset=412 suppressed=false
time=2026-09-03T23:36:18.891Z level=INFO msg=redelivery key=pf-s313-graded:1598 partition=0 offset=413 suppressed=false
time=2026-09-03T23:36:18.910Z level=INFO msg=redelivery key=pf-s313-graded:1599 partition=0 offset=414 suppressed=false
time=2026-09-03T23:36:18.931Z level=INFO msg=redelivery key=pf-s313-graded:1602 partition=0 offset=415 suppressed=false
time=2026-09-03T23:36:18.951Z level=INFO msg=redelivery key=pf-s313-graded:1606 partition=0 offset=416 suppressed=false
time=2026-09-03T23:36:18.971Z level=INFO msg=redelivery key=pf-s313-graded:1613 partition=0 offset=417 suppressed=false
time=2026-09-03T23:36:18.991Z level=INFO msg=redelivery key=pf-s313-graded:1615 partition=0 offset=418 suppressed=false
time=2026-09-03T23:36:19.011Z level=INFO msg=redelivery key=pf-s313-graded:1624 partition=0 offset=419 suppressed=false
time=2026-09-03T23:36:19.030Z level=INFO msg=redelivery key=pf-s313-graded:1626 partition=0 offset=420 suppressed=false
time=2026-09-03T23:36:19.052Z level=INFO msg=redelivery key=pf-s313-graded:1627 partition=0 offset=421 suppressed=false
time=2026-09-03T23:36:19.071Z level=INFO msg=redelivery key=pf-s313-graded:1629 partition=0 offset=422 suppressed=false
time=2026-09-03T23:36:19.091Z level=INFO msg=redelivery key=pf-s313-graded:1636 partition=0 offset=423 suppressed=false
time=2026-09-03T23:36:19.111Z level=INFO msg=redelivery key=pf-s313-graded:1641 partition=0 offset=424 suppressed=false
time=2026-09-03T23:36:19.130Z level=INFO msg=redelivery key=pf-s313-graded:1643 partition=0 offset=425 suppressed=false
time=2026-09-03T23:36:19.150Z level=INFO msg=redelivery key=pf-s313-graded:1645 partition=0 offset=426 suppressed=false
time=2026-09-03T23:36:19.171Z level=INFO msg=redelivery key=pf-s313-graded:1646 partition=0 offset=427 suppressed=false
time=2026-09-03T23:36:19.190Z level=INFO msg=redelivery key=pf-s313-graded:1650 partition=0 offset=428 suppressed=false
time=2026-09-03T23:36:19.210Z level=INFO msg=redelivery key=pf-s313-graded:1657 partition=0 offset=429 suppressed=false
time=2026-09-03T23:36:19.231Z level=INFO msg=redelivery key=pf-s313-graded:1658 partition=0 offset=430 suppressed=false
time=2026-09-03T23:36:19.251Z level=INFO msg=redelivery key=pf-s313-graded:1659 partition=0 offset=431 suppressed=false
time=2026-09-03T23:36:19.271Z level=INFO msg=redelivery key=pf-s313-graded:1664 partition=0 offset=432 suppressed=false
time=2026-09-03T23:36:20.491Z level=INFO msg="fault fired" key=pf-s313-graded:1673 partition=2 offset=802 epoch=0
time=2026-09-03T23:36:20.491Z level=INFO msg="fault fired" key=pf-s313-graded:1751 partition=2 offset=839 epoch=0
time=2026-09-03T23:36:20.491Z level=INFO msg="fault fired" key=pf-s313-graded:1837 partition=0 offset=472 epoch=0
time=2026-09-03T23:36:20.491Z level=INFO msg="rewinding instead of committing" key=pf-s313-graded:1837 partition=0 offset=472 epoch=0
time=2026-09-03T23:36:20.491Z level=INFO msg="rewinding instead of committing" key=pf-s313-graded:1673 partition=2 offset=802 epoch=0
time=2026-09-03T23:36:20.511Z level=INFO msg=redelivery key=pf-s313-graded:1837 partition=0 offset=472 suppressed=false
time=2026-09-03T23:36:20.531Z level=INFO msg=redelivery key=pf-s313-graded:1839 partition=0 offset=473 suppressed=false
time=2026-09-03T23:36:20.551Z level=INFO msg=redelivery key=pf-s313-graded:1840 partition=0 offset=474 suppressed=false
time=2026-09-03T23:36:20.574Z level=INFO msg=redelivery key=pf-s313-graded:1843 partition=0 offset=475 suppressed=false
time=2026-09-03T23:36:20.594Z level=INFO msg=redelivery key=pf-s313-graded:1850 partition=0 offset=476 suppressed=false
time=2026-09-03T23:36:20.611Z level=INFO msg=redelivery key=pf-s313-graded:1851 partition=0 offset=477 suppressed=false
time=2026-09-03T23:36:20.631Z level=INFO msg=redelivery key=pf-s313-graded:1854 partition=0 offset=478 suppressed=false
time=2026-09-03T23:36:20.651Z level=INFO msg=redelivery key=pf-s313-graded:1859 partition=0 offset=479 suppressed=false
time=2026-09-03T23:36:20.670Z level=INFO msg=redelivery key=pf-s313-graded:1862 partition=0 offset=480 suppressed=false
time=2026-09-03T23:36:20.691Z level=INFO msg=redelivery key=pf-s313-graded:1876 partition=0 offset=481 suppressed=false
time=2026-09-03T23:36:20.710Z level=INFO msg=redelivery key=pf-s313-graded:1878 partition=0 offset=482 suppressed=false
time=2026-09-03T23:36:20.731Z level=INFO msg=redelivery key=pf-s313-graded:1883 partition=0 offset=483 suppressed=false
time=2026-09-03T23:36:20.751Z level=INFO msg=redelivery key=pf-s313-graded:1884 partition=0 offset=484 suppressed=false
time=2026-09-03T23:36:20.771Z level=INFO msg=redelivery key=pf-s313-graded:1887 partition=0 offset=485 suppressed=false
time=2026-09-03T23:36:20.790Z level=INFO msg=redelivery key=pf-s313-graded:1892 partition=0 offset=486 suppressed=false
time=2026-09-03T23:36:20.810Z level=INFO msg=redelivery key=pf-s313-graded:1893 partition=0 offset=487 suppressed=false
time=2026-09-03T23:36:20.831Z level=INFO msg=redelivery key=pf-s313-graded:1898 partition=0 offset=488 suppressed=false
time=2026-09-03T23:36:20.851Z level=INFO msg=redelivery key=pf-s313-graded:1899 partition=0 offset=489 suppressed=false
time=2026-09-03T23:36:20.871Z level=INFO msg=redelivery key=pf-s313-graded:1900 partition=0 offset=490 suppressed=false
time=2026-09-03T23:36:20.891Z level=INFO msg=redelivery key=pf-s313-graded:1907 partition=0 offset=491 suppressed=false
time=2026-09-03T23:36:20.910Z level=INFO msg=redelivery key=pf-s313-graded:1911 partition=0 offset=492 suppressed=false
time=2026-09-03T23:36:20.931Z level=INFO msg=redelivery key=pf-s313-graded:1915 partition=0 offset=493 suppressed=false
time=2026-09-03T23:36:23.632Z level=INFO msg=redelivery key=pf-s313-graded:1673 partition=2 offset=802 suppressed=false
time=2026-09-03T23:36:23.651Z level=INFO msg=redelivery key=pf-s313-graded:1674 partition=2 offset=803 suppressed=false
time=2026-09-03T23:36:23.670Z level=INFO msg=redelivery key=pf-s313-graded:1676 partition=2 offset=804 suppressed=false
time=2026-09-03T23:36:23.694Z level=INFO msg=redelivery key=pf-s313-graded:1677 partition=2 offset=805 suppressed=false
time=2026-09-03T23:36:23.711Z level=INFO msg=redelivery key=pf-s313-graded:1678 partition=2 offset=806 suppressed=false
time=2026-09-03T23:36:23.732Z level=INFO msg=redelivery key=pf-s313-graded:1679 partition=2 offset=807 suppressed=false
time=2026-09-03T23:36:23.753Z level=INFO msg=redelivery key=pf-s313-graded:1680 partition=2 offset=808 suppressed=false
time=2026-09-03T23:36:23.772Z level=INFO msg=redelivery key=pf-s313-graded:1681 partition=2 offset=809 suppressed=false
time=2026-09-03T23:36:23.790Z level=INFO msg=redelivery key=pf-s313-graded:1684 partition=2 offset=810 suppressed=false
time=2026-09-03T23:36:23.810Z level=INFO msg=redelivery key=pf-s313-graded:1685 partition=2 offset=811 suppressed=false
time=2026-09-03T23:36:23.831Z level=INFO msg=redelivery key=pf-s313-graded:1688 partition=2 offset=812 suppressed=false
time=2026-09-03T23:36:23.851Z level=INFO msg=redelivery key=pf-s313-graded:1691 partition=2 offset=813 suppressed=false
time=2026-09-03T23:36:23.871Z level=INFO msg=redelivery key=pf-s313-graded:1692 partition=2 offset=814 suppressed=false
time=2026-09-03T23:36:23.891Z level=INFO msg=redelivery key=pf-s313-graded:1694 partition=2 offset=815 suppressed=false
time=2026-09-03T23:36:23.911Z level=INFO msg=redelivery key=pf-s313-graded:1696 partition=2 offset=816 suppressed=false
time=2026-09-03T23:36:23.931Z level=INFO msg=redelivery key=pf-s313-graded:1697 partition=2 offset=817 suppressed=false
time=2026-09-03T23:36:23.952Z level=INFO msg=redelivery key=pf-s313-graded:1699 partition=2 offset=818 suppressed=false
time=2026-09-03T23:36:23.970Z level=INFO msg=redelivery key=pf-s313-graded:1700 partition=2 offset=819 suppressed=false
time=2026-09-03T23:36:23.991Z level=INFO msg=redelivery key=pf-s313-graded:1702 partition=2 offset=820 suppressed=false
time=2026-09-03T23:36:24.011Z level=INFO msg=redelivery key=pf-s313-graded:1705 partition=2 offset=821 suppressed=false
time=2026-09-03T23:36:24.030Z level=INFO msg=redelivery key=pf-s313-graded:1709 partition=2 offset=822 suppressed=false
time=2026-09-03T23:36:24.053Z level=INFO msg=redelivery key=pf-s313-graded:1710 partition=2 offset=823 suppressed=false
time=2026-09-03T23:36:24.070Z level=INFO msg=redelivery key=pf-s313-graded:1711 partition=2 offset=824 suppressed=false
time=2026-09-03T23:36:24.091Z level=INFO msg=redelivery key=pf-s313-graded:1713 partition=2 offset=825 suppressed=false
time=2026-09-03T23:36:24.113Z level=INFO msg=redelivery key=pf-s313-graded:1716 partition=2 offset=826 suppressed=false
time=2026-09-03T23:36:24.130Z level=INFO msg=redelivery key=pf-s313-graded:1718 partition=2 offset=827 suppressed=false
time=2026-09-03T23:36:24.150Z level=INFO msg=redelivery key=pf-s313-graded:1727 partition=2 offset=828 suppressed=false
time=2026-09-03T23:36:24.171Z level=INFO msg=redelivery key=pf-s313-graded:1728 partition=2 offset=829 suppressed=false
time=2026-09-03T23:36:24.190Z level=INFO msg=redelivery key=pf-s313-graded:1732 partition=2 offset=830 suppressed=false
time=2026-09-03T23:36:24.210Z level=INFO msg=redelivery key=pf-s313-graded:1734 partition=2 offset=831 suppressed=false
time=2026-09-03T23:36:24.230Z level=INFO msg=redelivery key=pf-s313-graded:1738 partition=2 offset=832 suppressed=false
time=2026-09-03T23:36:24.250Z level=INFO msg=redelivery key=pf-s313-graded:1740 partition=2 offset=833 suppressed=false
time=2026-09-03T23:36:24.270Z level=INFO msg=redelivery key=pf-s313-graded:1742 partition=2 offset=834 suppressed=false
time=2026-09-03T23:36:24.290Z level=INFO msg=redelivery key=pf-s313-graded:1744 partition=2 offset=835 suppressed=false
time=2026-09-03T23:36:24.311Z level=INFO msg=redelivery key=pf-s313-graded:1745 partition=2 offset=836 suppressed=false
time=2026-09-03T23:36:24.330Z level=INFO msg=redelivery key=pf-s313-graded:1748 partition=2 offset=837 suppressed=false
time=2026-09-03T23:36:24.351Z level=INFO msg=redelivery key=pf-s313-graded:1749 partition=2 offset=838 suppressed=false
time=2026-09-03T23:36:24.371Z level=INFO msg=redelivery key=pf-s313-graded:1751 partition=2 offset=839 suppressed=false
time=2026-09-03T23:36:24.391Z level=INFO msg=redelivery key=pf-s313-graded:1754 partition=2 offset=840 suppressed=false
time=2026-09-03T23:36:24.410Z level=INFO msg=redelivery key=pf-s313-graded:1755 partition=2 offset=841 suppressed=false
time=2026-09-03T23:36:24.431Z level=INFO msg=redelivery key=pf-s313-graded:1758 partition=2 offset=842 suppressed=false
time=2026-09-03T23:36:24.453Z level=INFO msg=redelivery key=pf-s313-graded:1762 partition=2 offset=843 suppressed=false
time=2026-09-03T23:36:24.471Z level=INFO msg=redelivery key=pf-s313-graded:1763 partition=2 offset=844 suppressed=false
time=2026-09-03T23:36:24.493Z level=INFO msg=redelivery key=pf-s313-graded:1765 partition=2 offset=845 suppressed=false
time=2026-09-03T23:36:24.514Z level=INFO msg=redelivery key=pf-s313-graded:1767 partition=2 offset=846 suppressed=false
time=2026-09-03T23:36:24.530Z level=INFO msg=redelivery key=pf-s313-graded:1769 partition=2 offset=847 suppressed=false
time=2026-09-03T23:36:24.551Z level=INFO msg=redelivery key=pf-s313-graded:1771 partition=2 offset=848 suppressed=false
time=2026-09-03T23:36:24.575Z level=INFO msg=redelivery key=pf-s313-graded:1772 partition=2 offset=849 suppressed=false
time=2026-09-03T23:36:24.592Z level=INFO msg=redelivery key=pf-s313-graded:1773 partition=2 offset=850 suppressed=false
time=2026-09-03T23:36:24.610Z level=INFO msg=redelivery key=pf-s313-graded:1774 partition=2 offset=851 suppressed=false
time=2026-09-03T23:36:24.631Z level=INFO msg=redelivery key=pf-s313-graded:1775 partition=2 offset=852 suppressed=false
time=2026-09-03T23:36:24.650Z level=INFO msg=redelivery key=pf-s313-graded:1776 partition=2 offset=853 suppressed=false
time=2026-09-03T23:36:24.671Z level=INFO msg=redelivery key=pf-s313-graded:1779 partition=2 offset=854 suppressed=false
time=2026-09-03T23:36:24.690Z level=INFO msg=redelivery key=pf-s313-graded:1780 partition=2 offset=855 suppressed=false
time=2026-09-03T23:36:24.715Z level=INFO msg=redelivery key=pf-s313-graded:1783 partition=2 offset=856 suppressed=false
time=2026-09-03T23:36:24.731Z level=INFO msg=redelivery key=pf-s313-graded:1784 partition=2 offset=857 suppressed=false
time=2026-09-03T23:36:24.751Z level=INFO msg=redelivery key=pf-s313-graded:1789 partition=2 offset=858 suppressed=false
time=2026-09-03T23:36:24.771Z level=INFO msg=redelivery key=pf-s313-graded:1790 partition=2 offset=859 suppressed=false
time=2026-09-03T23:36:24.790Z level=INFO msg=redelivery key=pf-s313-graded:1791 partition=2 offset=860 suppressed=false
time=2026-09-03T23:36:24.811Z level=INFO msg=redelivery key=pf-s313-graded:1792 partition=2 offset=861 suppressed=false
time=2026-09-03T23:36:24.831Z level=INFO msg=redelivery key=pf-s313-graded:1793 partition=2 offset=862 suppressed=false
time=2026-09-03T23:36:24.850Z level=INFO msg=redelivery key=pf-s313-graded:1795 partition=2 offset=863 suppressed=false
time=2026-09-03T23:36:24.873Z level=INFO msg=redelivery key=pf-s313-graded:1798 partition=2 offset=864 suppressed=false
time=2026-09-03T23:36:24.894Z level=INFO msg=redelivery key=pf-s313-graded:1800 partition=2 offset=865 suppressed=false
time=2026-09-03T23:36:24.911Z level=INFO msg=redelivery key=pf-s313-graded:1802 partition=2 offset=866 suppressed=false
time=2026-09-03T23:36:24.931Z level=INFO msg=redelivery key=pf-s313-graded:1803 partition=2 offset=867 suppressed=false
time=2026-09-03T23:36:24.950Z level=INFO msg=redelivery key=pf-s313-graded:1808 partition=2 offset=868 suppressed=false
time=2026-09-03T23:36:24.971Z level=INFO msg=redelivery key=pf-s313-graded:1809 partition=2 offset=869 suppressed=false
time=2026-09-03T23:36:24.990Z level=INFO msg=redelivery key=pf-s313-graded:1811 partition=2 offset=870 suppressed=false
time=2026-09-03T23:36:25.013Z level=INFO msg=redelivery key=pf-s313-graded:1812 partition=2 offset=871 suppressed=false
time=2026-09-03T23:36:25.032Z level=INFO msg=redelivery key=pf-s313-graded:1813 partition=2 offset=872 suppressed=false
time=2026-09-03T23:36:25.053Z level=INFO msg=redelivery key=pf-s313-graded:1818 partition=2 offset=873 suppressed=false
time=2026-09-03T23:36:25.071Z level=INFO msg=redelivery key=pf-s313-graded:1820 partition=2 offset=874 suppressed=false
time=2026-09-03T23:36:25.091Z level=INFO msg=redelivery key=pf-s313-graded:1821 partition=2 offset=875 suppressed=false
time=2026-09-03T23:36:25.110Z level=INFO msg=redelivery key=pf-s313-graded:1829 partition=2 offset=876 suppressed=false
time=2026-09-03T23:36:25.131Z level=INFO msg=redelivery key=pf-s313-graded:1831 partition=2 offset=877 suppressed=false
time=2026-09-03T23:36:25.150Z level=INFO msg=redelivery key=pf-s313-graded:1833 partition=2 offset=878 suppressed=false
time=2026-09-03T23:36:25.171Z level=INFO msg=redelivery key=pf-s313-graded:1836 partition=2 offset=879 suppressed=false
time=2026-09-03T23:36:25.194Z level=INFO msg=redelivery key=pf-s313-graded:1838 partition=2 offset=880 suppressed=false
time=2026-09-03T23:36:25.210Z level=INFO msg=redelivery key=pf-s313-graded:1841 partition=2 offset=881 suppressed=false
time=2026-09-03T23:36:25.231Z level=INFO msg=redelivery key=pf-s313-graded:1844 partition=2 offset=882 suppressed=false
time=2026-09-03T23:36:25.250Z level=INFO msg=redelivery key=pf-s313-graded:1846 partition=2 offset=883 suppressed=false
time=2026-09-03T23:36:25.271Z level=INFO msg=redelivery key=pf-s313-graded:1848 partition=2 offset=884 suppressed=false
time=2026-09-03T23:36:25.290Z level=INFO msg=redelivery key=pf-s313-graded:1849 partition=2 offset=885 suppressed=false
time=2026-09-03T23:36:25.312Z level=INFO msg=redelivery key=pf-s313-graded:1855 partition=2 offset=886 suppressed=false
time=2026-09-03T23:36:25.330Z level=INFO msg=redelivery key=pf-s313-graded:1856 partition=2 offset=887 suppressed=false
time=2026-09-03T23:36:25.354Z level=INFO msg=redelivery key=pf-s313-graded:1857 partition=2 offset=888 suppressed=false
time=2026-09-03T23:36:25.371Z level=INFO msg=redelivery key=pf-s313-graded:1858 partition=2 offset=889 suppressed=false
time=2026-09-03T23:36:25.391Z level=INFO msg=redelivery key=pf-s313-graded:1860 partition=2 offset=890 suppressed=false
time=2026-09-03T23:36:25.410Z level=INFO msg=redelivery key=pf-s313-graded:1861 partition=2 offset=891 suppressed=false
time=2026-09-03T23:36:25.431Z level=INFO msg=redelivery key=pf-s313-graded:1863 partition=2 offset=892 suppressed=false
time=2026-09-03T23:36:25.452Z level=INFO msg=redelivery key=pf-s313-graded:1864 partition=2 offset=893 suppressed=false
time=2026-09-03T23:36:25.470Z level=INFO msg=redelivery key=pf-s313-graded:1865 partition=2 offset=894 suppressed=false
time=2026-09-03T23:36:25.490Z level=INFO msg=redelivery key=pf-s313-graded:1866 partition=2 offset=895 suppressed=false
time=2026-09-03T23:36:25.510Z level=INFO msg=redelivery key=pf-s313-graded:1867 partition=2 offset=896 suppressed=false
time=2026-09-03T23:36:25.531Z level=INFO msg=redelivery key=pf-s313-graded:1870 partition=2 offset=897 suppressed=false
time=2026-09-03T23:36:25.550Z level=INFO msg=redelivery key=pf-s313-graded:1871 partition=2 offset=898 suppressed=false
time=2026-09-03T23:36:25.571Z level=INFO msg=redelivery key=pf-s313-graded:1872 partition=2 offset=899 suppressed=false
time=2026-09-03T23:36:25.591Z level=INFO msg=redelivery key=pf-s313-graded:1873 partition=2 offset=900 suppressed=false
time=2026-09-03T23:36:25.610Z level=INFO msg=redelivery key=pf-s313-graded:1874 partition=2 offset=901 suppressed=false
time=2026-09-03T23:36:25.631Z level=INFO msg=redelivery key=pf-s313-graded:1875 partition=2 offset=902 suppressed=false
time=2026-09-03T23:36:25.651Z level=INFO msg=redelivery key=pf-s313-graded:1877 partition=2 offset=903 suppressed=false
time=2026-09-03T23:36:25.673Z level=INFO msg=redelivery key=pf-s313-graded:1880 partition=2 offset=904 suppressed=false
time=2026-09-03T23:36:25.690Z level=INFO msg=redelivery key=pf-s313-graded:1881 partition=2 offset=905 suppressed=false
time=2026-09-03T23:36:25.711Z level=INFO msg=redelivery key=pf-s313-graded:1882 partition=2 offset=906 suppressed=false
time=2026-09-03T23:36:25.730Z level=INFO msg=redelivery key=pf-s313-graded:1885 partition=2 offset=907 suppressed=false
time=2026-09-03T23:36:25.750Z level=INFO msg=redelivery key=pf-s313-graded:1891 partition=2 offset=908 suppressed=false
time=2026-09-03T23:36:25.770Z level=INFO msg=redelivery key=pf-s313-graded:1896 partition=2 offset=909 suppressed=false
time=2026-09-03T23:36:25.791Z level=INFO msg=redelivery key=pf-s313-graded:1897 partition=2 offset=910 suppressed=false
time=2026-09-03T23:36:25.814Z level=INFO msg=redelivery key=pf-s313-graded:1901 partition=2 offset=911 suppressed=false
time=2026-09-03T23:36:25.832Z level=INFO msg=redelivery key=pf-s313-graded:1902 partition=2 offset=912 suppressed=false
time=2026-09-03T23:36:25.850Z level=INFO msg=redelivery key=pf-s313-graded:1903 partition=2 offset=913 suppressed=false
time=2026-09-03T23:36:25.871Z level=INFO msg=redelivery key=pf-s313-graded:1904 partition=2 offset=914 suppressed=false
time=2026-09-03T23:36:25.891Z level=INFO msg=redelivery key=pf-s313-graded:1905 partition=2 offset=915 suppressed=false
time=2026-09-03T23:36:25.910Z level=INFO msg=redelivery key=pf-s313-graded:1906 partition=2 offset=916 suppressed=false
time=2026-09-03T23:36:25.931Z level=INFO msg=redelivery key=pf-s313-graded:1908 partition=2 offset=917 suppressed=false
time=2026-09-03T23:36:25.951Z level=INFO msg=redelivery key=pf-s313-graded:1909 partition=2 offset=918 suppressed=false
time=2026-09-03T23:36:25.973Z level=INFO msg=redelivery key=pf-s313-graded:1912 partition=2 offset=919 suppressed=false
time=2026-09-03T23:36:28.872Z level=INFO msg="fault fired" key=pf-s313-graded:2006 partition=2 offset=967 epoch=0
time=2026-09-03T23:36:28.872Z level=INFO msg="fault fired" key=pf-s313-graded:2070 partition=2 offset=1001 epoch=0
time=2026-09-03T23:36:28.872Z level=INFO msg="rewinding instead of committing" key=pf-s313-graded:2006 partition=2 offset=967 epoch=0
time=2026-09-03T23:36:28.893Z level=INFO msg=redelivery key=pf-s313-graded:2006 partition=2 offset=967 suppressed=false
time=2026-09-03T23:36:28.912Z level=INFO msg=redelivery key=pf-s313-graded:2007 partition=2 offset=968 suppressed=false
time=2026-09-03T23:36:28.930Z level=INFO msg=redelivery key=pf-s313-graded:2008 partition=2 offset=969 suppressed=false
time=2026-09-03T23:36:28.951Z level=INFO msg=redelivery key=pf-s313-graded:2010 partition=2 offset=970 suppressed=false
time=2026-09-03T23:36:28.972Z level=INFO msg=redelivery key=pf-s313-graded:2012 partition=2 offset=971 suppressed=false
time=2026-09-03T23:36:28.991Z level=INFO msg=redelivery key=pf-s313-graded:2013 partition=2 offset=972 suppressed=false
time=2026-09-03T23:36:29.014Z level=INFO msg=redelivery key=pf-s313-graded:2015 partition=2 offset=973 suppressed=false
time=2026-09-03T23:36:29.032Z level=INFO msg=redelivery key=pf-s313-graded:2017 partition=2 offset=974 suppressed=false
time=2026-09-03T23:36:29.051Z level=INFO msg=redelivery key=pf-s313-graded:2020 partition=2 offset=975 suppressed=false
time=2026-09-03T23:36:29.070Z level=INFO msg=redelivery key=pf-s313-graded:2021 partition=2 offset=976 suppressed=false
time=2026-09-03T23:36:29.091Z level=INFO msg=redelivery key=pf-s313-graded:2023 partition=2 offset=977 suppressed=false
time=2026-09-03T23:36:29.111Z level=INFO msg=redelivery key=pf-s313-graded:2024 partition=2 offset=978 suppressed=false
time=2026-09-03T23:36:29.130Z level=INFO msg=redelivery key=pf-s313-graded:2026 partition=2 offset=979 suppressed=false
time=2026-09-03T23:36:29.151Z level=INFO msg=redelivery key=pf-s313-graded:2027 partition=2 offset=980 suppressed=false
time=2026-09-03T23:36:29.171Z level=INFO msg=redelivery key=pf-s313-graded:2033 partition=2 offset=981 suppressed=false
time=2026-09-03T23:36:29.191Z level=INFO msg=redelivery key=pf-s313-graded:2035 partition=2 offset=982 suppressed=false
time=2026-09-03T23:36:29.210Z level=INFO msg=redelivery key=pf-s313-graded:2036 partition=2 offset=983 suppressed=false
time=2026-09-03T23:36:29.230Z level=INFO msg=redelivery key=pf-s313-graded:2040 partition=2 offset=984 suppressed=false
time=2026-09-03T23:36:29.251Z level=INFO msg=redelivery key=pf-s313-graded:2041 partition=2 offset=985 suppressed=false
time=2026-09-03T23:36:29.270Z level=INFO msg=redelivery key=pf-s313-graded:2042 partition=2 offset=986 suppressed=false
time=2026-09-03T23:36:29.290Z level=INFO msg=redelivery key=pf-s313-graded:2043 partition=2 offset=987 suppressed=false
time=2026-09-03T23:36:29.311Z level=INFO msg=redelivery key=pf-s313-graded:2044 partition=2 offset=988 suppressed=false
time=2026-09-03T23:36:29.330Z level=INFO msg=redelivery key=pf-s313-graded:2048 partition=2 offset=989 suppressed=false
time=2026-09-03T23:36:29.353Z level=INFO msg=redelivery key=pf-s313-graded:2051 partition=2 offset=990 suppressed=false
time=2026-09-03T23:36:29.371Z level=INFO msg=redelivery key=pf-s313-graded:2054 partition=2 offset=991 suppressed=false
time=2026-09-03T23:36:29.392Z level=INFO msg=redelivery key=pf-s313-graded:2055 partition=2 offset=992 suppressed=false
time=2026-09-03T23:36:29.411Z level=INFO msg=redelivery key=pf-s313-graded:2058 partition=2 offset=993 suppressed=false
time=2026-09-03T23:36:29.431Z level=INFO msg=redelivery key=pf-s313-graded:2059 partition=2 offset=994 suppressed=false
time=2026-09-03T23:36:29.451Z level=INFO msg=redelivery key=pf-s313-graded:2060 partition=2 offset=995 suppressed=false
time=2026-09-03T23:36:29.470Z level=INFO msg=redelivery key=pf-s313-graded:2061 partition=2 offset=996 suppressed=false
time=2026-09-03T23:36:29.490Z level=INFO msg=redelivery key=pf-s313-graded:2062 partition=2 offset=997 suppressed=false
time=2026-09-03T23:36:29.511Z level=INFO msg=redelivery key=pf-s313-graded:2063 partition=2 offset=998 suppressed=false
time=2026-09-03T23:36:29.532Z level=INFO msg=redelivery key=pf-s313-graded:2068 partition=2 offset=999 suppressed=false
time=2026-09-03T23:36:29.551Z level=INFO msg=redelivery key=pf-s313-graded:2069 partition=2 offset=1000 suppressed=false
time=2026-09-03T23:36:29.574Z level=INFO msg=redelivery key=pf-s313-graded:2070 partition=2 offset=1001 suppressed=false
time=2026-09-03T23:36:29.592Z level=INFO msg=redelivery key=pf-s313-graded:2071 partition=2 offset=1002 suppressed=false
time=2026-09-03T23:36:29.611Z level=INFO msg=redelivery key=pf-s313-graded:2072 partition=2 offset=1003 suppressed=false
time=2026-09-03T23:36:29.633Z level=INFO msg=redelivery key=pf-s313-graded:2075 partition=2 offset=1004 suppressed=false
time=2026-09-03T23:36:29.652Z level=INFO msg=redelivery key=pf-s313-graded:2076 partition=2 offset=1005 suppressed=false
time=2026-09-03T23:36:29.671Z level=INFO msg=redelivery key=pf-s313-graded:2077 partition=2 offset=1006 suppressed=false
time=2026-09-03T23:36:29.695Z level=INFO msg=redelivery key=pf-s313-graded:2078 partition=2 offset=1007 suppressed=false
time=2026-09-03T23:36:29.711Z level=INFO msg=redelivery key=pf-s313-graded:2079 partition=2 offset=1008 suppressed=false
time=2026-09-03T23:36:29.731Z level=INFO msg=redelivery key=pf-s313-graded:2081 partition=2 offset=1009 suppressed=false
time=2026-09-03T23:36:29.752Z level=INFO msg=redelivery key=pf-s313-graded:2084 partition=2 offset=1010 suppressed=false
time=2026-09-03T23:36:29.771Z level=INFO msg=redelivery key=pf-s313-graded:2085 partition=2 offset=1011 suppressed=false
time=2026-09-03T23:36:29.790Z level=INFO msg=redelivery key=pf-s313-graded:2091 partition=2 offset=1012 suppressed=false
time=2026-09-03T23:36:29.811Z level=INFO msg=redelivery key=pf-s313-graded:2098 partition=2 offset=1013 suppressed=false
time=2026-09-03T23:36:29.831Z level=INFO msg=redelivery key=pf-s313-graded:2101 partition=2 offset=1014 suppressed=false
time=2026-09-03T23:36:29.850Z level=INFO msg=redelivery key=pf-s313-graded:2102 partition=2 offset=1015 suppressed=false
time=2026-09-03T23:36:29.871Z level=INFO msg=redelivery key=pf-s313-graded:2104 partition=2 offset=1016 suppressed=false
time=2026-09-03T23:36:29.890Z level=INFO msg=redelivery key=pf-s313-graded:2105 partition=2 offset=1017 suppressed=false
time=2026-09-03T23:36:29.911Z level=INFO msg=redelivery key=pf-s313-graded:2106 partition=2 offset=1018 suppressed=false
time=2026-09-03T23:36:29.930Z level=INFO msg=redelivery key=pf-s313-graded:2107 partition=2 offset=1019 suppressed=false
time=2026-09-03T23:36:29.951Z level=INFO msg=redelivery key=pf-s313-graded:2108 partition=2 offset=1020 suppressed=false
time=2026-09-03T23:36:29.970Z level=INFO msg=redelivery key=pf-s313-graded:2109 partition=2 offset=1021 suppressed=false
time=2026-09-03T23:36:29.992Z level=INFO msg=redelivery key=pf-s313-graded:2111 partition=2 offset=1022 suppressed=false
time=2026-09-03T23:36:30.010Z level=INFO msg=redelivery key=pf-s313-graded:2112 partition=2 offset=1023 suppressed=false
time=2026-09-03T23:36:30.030Z level=INFO msg=redelivery key=pf-s313-graded:2113 partition=2 offset=1024 suppressed=false
time=2026-09-03T23:36:30.051Z level=INFO msg=redelivery key=pf-s313-graded:2114 partition=2 offset=1025 suppressed=false
time=2026-09-03T23:36:30.071Z level=INFO msg=redelivery key=pf-s313-graded:2120 partition=2 offset=1026 suppressed=false
time=2026-09-03T23:36:30.090Z level=INFO msg=redelivery key=pf-s313-graded:2121 partition=2 offset=1027 suppressed=false
time=2026-09-03T23:36:30.111Z level=INFO msg=redelivery key=pf-s313-graded:2122 partition=2 offset=1028 suppressed=false
time=2026-09-03T23:36:30.132Z level=INFO msg=redelivery key=pf-s313-graded:2124 partition=2 offset=1029 suppressed=false
time=2026-09-03T23:36:30.151Z level=INFO msg=redelivery key=pf-s313-graded:2125 partition=2 offset=1030 suppressed=false
time=2026-09-03T23:36:30.171Z level=INFO msg=redelivery key=pf-s313-graded:2126 partition=2 offset=1031 suppressed=false
time=2026-09-03T23:36:30.191Z level=INFO msg=redelivery key=pf-s313-graded:2128 partition=2 offset=1032 suppressed=false
time=2026-09-03T23:36:30.211Z level=INFO msg=redelivery key=pf-s313-graded:2130 partition=2 offset=1033 suppressed=false
time=2026-09-03T23:36:30.232Z level=INFO msg=redelivery key=pf-s313-graded:2132 partition=2 offset=1034 suppressed=false
time=2026-09-03T23:36:30.251Z level=INFO msg=redelivery key=pf-s313-graded:2134 partition=2 offset=1035 suppressed=false
time=2026-09-03T23:36:30.271Z level=INFO msg=redelivery key=pf-s313-graded:2135 partition=2 offset=1036 suppressed=false
time=2026-09-03T23:36:30.291Z level=INFO msg=redelivery key=pf-s313-graded:2138 partition=2 offset=1037 suppressed=false
time=2026-09-03T23:36:30.311Z level=INFO msg=redelivery key=pf-s313-graded:2139 partition=2 offset=1038 suppressed=false
time=2026-09-03T23:36:30.334Z level=INFO msg=redelivery key=pf-s313-graded:2140 partition=2 offset=1039 suppressed=false
time=2026-09-03T23:36:30.353Z level=INFO msg=redelivery key=pf-s313-graded:2141 partition=2 offset=1040 suppressed=false
time=2026-09-03T23:36:30.371Z level=INFO msg=redelivery key=pf-s313-graded:2142 partition=2 offset=1041 suppressed=false
time=2026-09-03T23:36:30.390Z level=INFO msg=redelivery key=pf-s313-graded:2145 partition=2 offset=1042 suppressed=false
time=2026-09-03T23:36:30.411Z level=INFO msg=redelivery key=pf-s313-graded:2146 partition=2 offset=1043 suppressed=false
time=2026-09-03T23:36:30.433Z level=INFO msg=redelivery key=pf-s313-graded:2148 partition=2 offset=1044 suppressed=false
time=2026-09-03T23:36:30.452Z level=INFO msg=redelivery key=pf-s313-graded:2150 partition=2 offset=1045 suppressed=false
time=2026-09-03T23:36:30.471Z level=INFO msg=redelivery key=pf-s313-graded:2151 partition=2 offset=1046 suppressed=false
time=2026-09-03T23:36:30.493Z level=INFO msg=redelivery key=pf-s313-graded:2153 partition=2 offset=1047 suppressed=false
time=2026-09-03T23:36:30.510Z level=INFO msg=redelivery key=pf-s313-graded:2154 partition=2 offset=1048 suppressed=false
time=2026-09-03T23:36:30.532Z level=INFO msg=redelivery key=pf-s313-graded:2155 partition=2 offset=1049 suppressed=false
time=2026-09-03T23:36:30.554Z level=INFO msg=redelivery key=pf-s313-graded:2164 partition=2 offset=1050 suppressed=false
time=2026-09-03T23:36:30.571Z level=INFO msg=redelivery key=pf-s313-graded:2165 partition=2 offset=1051 suppressed=false
time=2026-09-03T23:36:30.591Z level=INFO msg=redelivery key=pf-s313-graded:2173 partition=2 offset=1052 suppressed=false
time=2026-09-03T23:36:30.611Z level=INFO msg=redelivery key=pf-s313-graded:2177 partition=2 offset=1053 suppressed=false
time=2026-09-03T23:36:30.631Z level=INFO msg=redelivery key=pf-s313-graded:2178 partition=2 offset=1054 suppressed=false
time=2026-09-03T23:36:30.650Z level=INFO msg=redelivery key=pf-s313-graded:2179 partition=2 offset=1055 suppressed=false
time=2026-09-03T23:36:30.670Z level=INFO msg=redelivery key=pf-s313-graded:2180 partition=2 offset=1056 suppressed=false
time=2026-09-03T23:36:30.691Z level=INFO msg=redelivery key=pf-s313-graded:2181 partition=2 offset=1057 suppressed=false
time=2026-09-03T23:36:30.711Z level=INFO msg=redelivery key=pf-s313-graded:2182 partition=2 offset=1058 suppressed=false
time=2026-09-03T23:36:30.731Z level=INFO msg=redelivery key=pf-s313-graded:2184 partition=2 offset=1059 suppressed=false
time=2026-09-03T23:36:30.750Z level=INFO msg=redelivery key=pf-s313-graded:2189 partition=2 offset=1060 suppressed=false
time=2026-09-03T23:36:30.770Z level=INFO msg=redelivery key=pf-s313-graded:2190 partition=2 offset=1061 suppressed=false
time=2026-09-03T23:36:30.791Z level=INFO msg=redelivery key=pf-s313-graded:2191 partition=2 offset=1062 suppressed=false
time=2026-09-03T23:36:30.811Z level=INFO msg=redelivery key=pf-s313-graded:2193 partition=2 offset=1063 suppressed=false
time=2026-09-03T23:36:30.832Z level=INFO msg=redelivery key=pf-s313-graded:2194 partition=2 offset=1064 suppressed=false
time=2026-09-03T23:36:38.870Z level=INFO msg="fault fired" key=pf-s313-graded:2306 partition=2 offset=1127 epoch=0
time=2026-09-03T23:36:38.870Z level=INFO msg="fault fired" key=pf-s313-graded:2426 partition=2 offset=1182 epoch=0
time=2026-09-03T23:36:38.871Z level=INFO msg="fault fired" key=pf-s313-graded:2428 partition=2 offset=1184 epoch=0
time=2026-09-03T23:36:38.871Z level=INFO msg="fault fired" key=pf-s313-graded:2540 partition=2 offset=1246 epoch=0
time=2026-09-03T23:36:38.871Z level=INFO msg="fault fired" key=pf-s313-graded:2588 partition=2 offset=1266 epoch=0
time=2026-09-03T23:36:38.871Z level=INFO msg="fault fired" key=pf-s313-graded:2272 partition=1 offset=580 epoch=0
time=2026-09-03T23:36:38.871Z level=INFO msg="rewinding instead of committing" key=pf-s313-graded:2306 partition=2 offset=1127 epoch=0
time=2026-09-03T23:36:38.871Z level=INFO msg="rewinding instead of committing" key=pf-s313-graded:2272 partition=1 offset=580 epoch=0
time=2026-09-03T23:36:41.630Z level=INFO msg=redelivery key=pf-s313-graded:2272 partition=1 offset=580 suppressed=false
time=2026-09-03T23:36:41.651Z level=INFO msg=redelivery key=pf-s313-graded:2281 partition=1 offset=581 suppressed=false
time=2026-09-03T23:36:41.674Z level=INFO msg=redelivery key=pf-s313-graded:2287 partition=1 offset=582 suppressed=false
time=2026-09-03T23:36:41.690Z level=INFO msg=redelivery key=pf-s313-graded:2289 partition=1 offset=583 suppressed=false
time=2026-09-03T23:36:41.713Z level=INFO msg=redelivery key=pf-s313-graded:2291 partition=1 offset=584 suppressed=false
time=2026-09-03T23:36:41.730Z level=INFO msg=redelivery key=pf-s313-graded:2296 partition=1 offset=585 suppressed=false
time=2026-09-03T23:36:41.751Z level=INFO msg=redelivery key=pf-s313-graded:2299 partition=1 offset=586 suppressed=false
time=2026-09-03T23:36:41.770Z level=INFO msg=redelivery key=pf-s313-graded:2300 partition=1 offset=587 suppressed=false
time=2026-09-03T23:36:41.790Z level=INFO msg=redelivery key=pf-s313-graded:2305 partition=1 offset=588 suppressed=false
time=2026-09-03T23:36:41.811Z level=INFO msg=redelivery key=pf-s313-graded:2312 partition=1 offset=589 suppressed=false
time=2026-09-03T23:36:41.830Z level=INFO msg=redelivery key=pf-s313-graded:2317 partition=1 offset=590 suppressed=false
time=2026-09-03T23:36:41.850Z level=INFO msg=redelivery key=pf-s313-graded:2321 partition=1 offset=591 suppressed=false
time=2026-09-03T23:36:41.870Z level=INFO msg=redelivery key=pf-s313-graded:2322 partition=1 offset=592 suppressed=false
time=2026-09-03T23:36:41.891Z level=INFO msg=redelivery key=pf-s313-graded:2323 partition=1 offset=593 suppressed=false
time=2026-09-03T23:36:41.911Z level=INFO msg=redelivery key=pf-s313-graded:2329 partition=1 offset=594 suppressed=false
time=2026-09-03T23:36:41.931Z level=INFO msg=redelivery key=pf-s313-graded:2330 partition=1 offset=595 suppressed=false
time=2026-09-03T23:36:41.959Z level=INFO msg=redelivery key=pf-s313-graded:2331 partition=1 offset=596 suppressed=false
time=2026-09-03T23:36:41.973Z level=INFO msg=redelivery key=pf-s313-graded:2336 partition=1 offset=597 suppressed=false
time=2026-09-03T23:36:41.992Z level=INFO msg=redelivery key=pf-s313-graded:2337 partition=1 offset=598 suppressed=false
time=2026-09-03T23:36:42.012Z level=INFO msg=redelivery key=pf-s313-graded:2357 partition=1 offset=599 suppressed=false
time=2026-09-03T23:36:42.031Z level=INFO msg=redelivery key=pf-s313-graded:2371 partition=1 offset=600 suppressed=false
time=2026-09-03T23:36:42.053Z level=INFO msg=redelivery key=pf-s313-graded:2375 partition=1 offset=601 suppressed=false
time=2026-09-03T23:36:42.071Z level=INFO msg=redelivery key=pf-s313-graded:2377 partition=1 offset=602 suppressed=false
time=2026-09-03T23:36:42.091Z level=INFO msg=redelivery key=pf-s313-graded:2379 partition=1 offset=603 suppressed=false
time=2026-09-03T23:36:42.113Z level=INFO msg=redelivery key=pf-s313-graded:2383 partition=1 offset=604 suppressed=false
time=2026-09-03T23:36:42.131Z level=INFO msg=redelivery key=pf-s313-graded:2387 partition=1 offset=605 suppressed=false
time=2026-09-03T23:36:42.151Z level=INFO msg=redelivery key=pf-s313-graded:2389 partition=1 offset=606 suppressed=false
time=2026-09-03T23:36:42.171Z level=INFO msg=redelivery key=pf-s313-graded:2397 partition=1 offset=607 suppressed=false
time=2026-09-03T23:36:42.190Z level=INFO msg=redelivery key=pf-s313-graded:2399 partition=1 offset=608 suppressed=false
time=2026-09-03T23:36:42.211Z level=INFO msg=redelivery key=pf-s313-graded:2405 partition=1 offset=609 suppressed=false
time=2026-09-03T23:36:42.232Z level=INFO msg=redelivery key=pf-s313-graded:2408 partition=1 offset=610 suppressed=false
time=2026-09-03T23:36:42.250Z level=INFO msg=redelivery key=pf-s313-graded:2412 partition=1 offset=611 suppressed=false
time=2026-09-03T23:36:42.270Z level=INFO msg=redelivery key=pf-s313-graded:2418 partition=1 offset=612 suppressed=false
time=2026-09-03T23:36:42.291Z level=INFO msg=redelivery key=pf-s313-graded:2422 partition=1 offset=613 suppressed=false
time=2026-09-03T23:36:42.311Z level=INFO msg=redelivery key=pf-s313-graded:2436 partition=1 offset=614 suppressed=false
time=2026-09-03T23:36:42.331Z level=INFO msg=redelivery key=pf-s313-graded:2442 partition=1 offset=615 suppressed=false
time=2026-09-03T23:36:42.355Z level=INFO msg=redelivery key=pf-s313-graded:2448 partition=1 offset=616 suppressed=false
time=2026-09-03T23:36:42.371Z level=INFO msg=redelivery key=pf-s313-graded:2451 partition=1 offset=617 suppressed=false
time=2026-09-03T23:36:42.394Z level=INFO msg=redelivery key=pf-s313-graded:2454 partition=1 offset=618 suppressed=false
time=2026-09-03T23:36:42.411Z level=INFO msg=redelivery key=pf-s313-graded:2462 partition=1 offset=619 suppressed=false
time=2026-09-03T23:36:42.432Z level=INFO msg=redelivery key=pf-s313-graded:2474 partition=1 offset=620 suppressed=false
time=2026-09-03T23:36:42.452Z level=INFO msg=redelivery key=pf-s313-graded:2485 partition=1 offset=621 suppressed=false
time=2026-09-03T23:36:42.471Z level=INFO msg=redelivery key=pf-s313-graded:2487 partition=1 offset=622 suppressed=false
time=2026-09-03T23:36:42.493Z level=INFO msg=redelivery key=pf-s313-graded:2490 partition=1 offset=623 suppressed=false
time=2026-09-03T23:36:42.510Z level=INFO msg=redelivery key=pf-s313-graded:2491 partition=1 offset=624 suppressed=false
time=2026-09-03T23:36:42.537Z level=INFO msg=redelivery key=pf-s313-graded:2494 partition=1 offset=625 suppressed=false
time=2026-09-03T23:36:42.551Z level=INFO msg=redelivery key=pf-s313-graded:2500 partition=1 offset=626 suppressed=false
time=2026-09-03T23:36:42.574Z level=INFO msg=redelivery key=pf-s313-graded:2501 partition=1 offset=627 suppressed=false
time=2026-09-03T23:36:42.590Z level=INFO msg=redelivery key=pf-s313-graded:2505 partition=1 offset=628 suppressed=false
time=2026-09-03T23:36:42.611Z level=INFO msg=redelivery key=pf-s313-graded:2506 partition=1 offset=629 suppressed=false
time=2026-09-03T23:36:42.631Z level=INFO msg=redelivery key=pf-s313-graded:2507 partition=1 offset=630 suppressed=false
time=2026-09-03T23:36:42.650Z level=INFO msg=redelivery key=pf-s313-graded:2517 partition=1 offset=631 suppressed=false
time=2026-09-03T23:36:42.671Z level=INFO msg=redelivery key=pf-s313-graded:2524 partition=1 offset=632 suppressed=false
time=2026-09-03T23:36:42.695Z level=INFO msg=redelivery key=pf-s313-graded:2525 partition=1 offset=633 suppressed=false
time=2026-09-03T23:36:42.712Z level=INFO msg=redelivery key=pf-s313-graded:2534 partition=1 offset=634 suppressed=false
time=2026-09-03T23:36:42.732Z level=INFO msg=redelivery key=pf-s313-graded:2535 partition=1 offset=635 suppressed=false
time=2026-09-03T23:36:42.751Z level=INFO msg=redelivery key=pf-s313-graded:2545 partition=1 offset=636 suppressed=false
time=2026-09-03T23:36:42.773Z level=INFO msg=redelivery key=pf-s313-graded:2546 partition=1 offset=637 suppressed=false
time=2026-09-03T23:36:42.791Z level=INFO msg=redelivery key=pf-s313-graded:2548 partition=1 offset=638 suppressed=false
time=2026-09-03T23:36:42.810Z level=INFO msg=redelivery key=pf-s313-graded:2551 partition=1 offset=639 suppressed=false
time=2026-09-03T23:36:42.830Z level=INFO msg=redelivery key=pf-s313-graded:2552 partition=1 offset=640 suppressed=false
time=2026-09-03T23:36:42.850Z level=INFO msg=redelivery key=pf-s313-graded:2556 partition=1 offset=641 suppressed=false
time=2026-09-03T23:36:42.871Z level=INFO msg=redelivery key=pf-s313-graded:2561 partition=1 offset=642 suppressed=false
time=2026-09-03T23:36:42.891Z level=INFO msg=redelivery key=pf-s313-graded:2564 partition=1 offset=643 suppressed=false
time=2026-09-03T23:36:45.610Z level=INFO msg=redelivery key=pf-s313-graded:2306 partition=2 offset=1127 suppressed=false
time=2026-09-03T23:36:45.631Z level=INFO msg=redelivery key=pf-s313-graded:2308 partition=2 offset=1128 suppressed=false
time=2026-09-03T23:36:45.650Z level=INFO msg=redelivery key=pf-s313-graded:2310 partition=2 offset=1129 suppressed=false
time=2026-09-03T23:36:45.671Z level=INFO msg=redelivery key=pf-s313-graded:2313 partition=2 offset=1130 suppressed=false
time=2026-09-03T23:36:45.690Z level=INFO msg=redelivery key=pf-s313-graded:2315 partition=2 offset=1131 suppressed=false
time=2026-09-03T23:36:45.711Z level=INFO msg=redelivery key=pf-s313-graded:2324 partition=2 offset=1132 suppressed=false
time=2026-09-03T23:36:45.730Z level=INFO msg=redelivery key=pf-s313-graded:2325 partition=2 offset=1133 suppressed=false
time=2026-09-03T23:36:45.751Z level=INFO msg=redelivery key=pf-s313-graded:2327 partition=2 offset=1134 suppressed=false
time=2026-09-03T23:36:45.771Z level=INFO msg=redelivery key=pf-s313-graded:2328 partition=2 offset=1135 suppressed=false
time=2026-09-03T23:36:45.790Z level=INFO msg=redelivery key=pf-s313-graded:2332 partition=2 offset=1136 suppressed=false
time=2026-09-03T23:36:45.811Z level=INFO msg=redelivery key=pf-s313-graded:2334 partition=2 offset=1137 suppressed=false
time=2026-09-03T23:36:45.830Z level=INFO msg=redelivery key=pf-s313-graded:2335 partition=2 offset=1138 suppressed=false
time=2026-09-03T23:36:45.853Z level=INFO msg=redelivery key=pf-s313-graded:2338 partition=2 offset=1139 suppressed=false
time=2026-09-03T23:36:45.870Z level=INFO msg=redelivery key=pf-s313-graded:2340 partition=2 offset=1140 suppressed=false
time=2026-09-03T23:36:45.891Z level=INFO msg=redelivery key=pf-s313-graded:2341 partition=2 offset=1141 suppressed=false
time=2026-09-03T23:36:45.911Z level=INFO msg=redelivery key=pf-s313-graded:2343 partition=2 offset=1142 suppressed=false
time=2026-09-03T23:36:45.930Z level=INFO msg=redelivery key=pf-s313-graded:2344 partition=2 offset=1143 suppressed=false
time=2026-09-03T23:36:45.951Z level=INFO msg=redelivery key=pf-s313-graded:2345 partition=2 offset=1144 suppressed=false
time=2026-09-03T23:36:45.970Z level=INFO msg=redelivery key=pf-s313-graded:2346 partition=2 offset=1145 suppressed=false
time=2026-09-03T23:36:45.991Z level=INFO msg=redelivery key=pf-s313-graded:2347 partition=2 offset=1146 suppressed=false
time=2026-09-03T23:36:46.010Z level=INFO msg=redelivery key=pf-s313-graded:2348 partition=2 offset=1147 suppressed=false
time=2026-09-03T23:36:46.031Z level=INFO msg=redelivery key=pf-s313-graded:2349 partition=2 offset=1148 suppressed=false
time=2026-09-03T23:36:46.050Z level=INFO msg=redelivery key=pf-s313-graded:2350 partition=2 offset=1149 suppressed=false
time=2026-09-03T23:36:46.071Z level=INFO msg=redelivery key=pf-s313-graded:2352 partition=2 offset=1150 suppressed=false
time=2026-09-03T23:36:46.090Z level=INFO msg=redelivery key=pf-s313-graded:2353 partition=2 offset=1151 suppressed=false
time=2026-09-03T23:36:46.111Z level=INFO msg=redelivery key=pf-s313-graded:2355 partition=2 offset=1152 suppressed=false
time=2026-09-03T23:36:46.130Z level=INFO msg=redelivery key=pf-s313-graded:2359 partition=2 offset=1153 suppressed=false
time=2026-09-03T23:36:46.151Z level=INFO msg=redelivery key=pf-s313-graded:2361 partition=2 offset=1154 suppressed=false
time=2026-09-03T23:36:46.170Z level=INFO msg=redelivery key=pf-s313-graded:2362 partition=2 offset=1155 suppressed=false
time=2026-09-03T23:36:46.191Z level=INFO msg=redelivery key=pf-s313-graded:2366 partition=2 offset=1156 suppressed=false
time=2026-09-03T23:36:46.210Z level=INFO msg=redelivery key=pf-s313-graded:2367 partition=2 offset=1157 suppressed=false
time=2026-09-03T23:36:46.231Z level=INFO msg=redelivery key=pf-s313-graded:2368 partition=2 offset=1158 suppressed=false
time=2026-09-03T23:36:46.251Z level=INFO msg=redelivery key=pf-s313-graded:2369 partition=2 offset=1159 suppressed=false
time=2026-09-03T23:36:46.270Z level=INFO msg=redelivery key=pf-s313-graded:2378 partition=2 offset=1160 suppressed=false
time=2026-09-03T23:36:46.291Z level=INFO msg=redelivery key=pf-s313-graded:2380 partition=2 offset=1161 suppressed=false
time=2026-09-03T23:36:46.310Z level=INFO msg=redelivery key=pf-s313-graded:2382 partition=2 offset=1162 suppressed=false
time=2026-09-03T23:36:46.331Z level=INFO msg=redelivery key=pf-s313-graded:2385 partition=2 offset=1163 suppressed=false
time=2026-09-03T23:36:46.350Z level=INFO msg=redelivery key=pf-s313-graded:2388 partition=2 offset=1164 suppressed=false
time=2026-09-03T23:36:46.371Z level=INFO msg=redelivery key=pf-s313-graded:2390 partition=2 offset=1165 suppressed=false
time=2026-09-03T23:36:46.390Z level=INFO msg=redelivery key=pf-s313-graded:2391 partition=2 offset=1166 suppressed=false
time=2026-09-03T23:36:46.410Z level=INFO msg=redelivery key=pf-s313-graded:2394 partition=2 offset=1167 suppressed=false
time=2026-09-03T23:36:46.431Z level=INFO msg=redelivery key=pf-s313-graded:2398 partition=2 offset=1168 suppressed=false
time=2026-09-03T23:36:46.450Z level=INFO msg=redelivery key=pf-s313-graded:2400 partition=2 offset=1169 suppressed=false
time=2026-09-03T23:36:46.471Z level=INFO msg=redelivery key=pf-s313-graded:2401 partition=2 offset=1170 suppressed=false
time=2026-09-03T23:36:46.490Z level=INFO msg=redelivery key=pf-s313-graded:2402 partition=2 offset=1171 suppressed=false
time=2026-09-03T23:36:46.511Z level=INFO msg=redelivery key=pf-s313-graded:2403 partition=2 offset=1172 suppressed=false
time=2026-09-03T23:36:46.532Z level=INFO msg=redelivery key=pf-s313-graded:2404 partition=2 offset=1173 suppressed=false
time=2026-09-03T23:36:46.551Z level=INFO msg=redelivery key=pf-s313-graded:2407 partition=2 offset=1174 suppressed=false
time=2026-09-03T23:36:46.570Z level=INFO msg=redelivery key=pf-s313-graded:2410 partition=2 offset=1175 suppressed=false
time=2026-09-03T23:36:46.591Z level=INFO msg=redelivery key=pf-s313-graded:2411 partition=2 offset=1176 suppressed=false
time=2026-09-03T23:36:46.610Z level=INFO msg=redelivery key=pf-s313-graded:2414 partition=2 offset=1177 suppressed=false
time=2026-09-03T23:36:46.630Z level=INFO msg=redelivery key=pf-s313-graded:2415 partition=2 offset=1178 suppressed=false
time=2026-09-03T23:36:46.650Z level=INFO msg=redelivery key=pf-s313-graded:2419 partition=2 offset=1179 suppressed=false
time=2026-09-03T23:36:46.671Z level=INFO msg=redelivery key=pf-s313-graded:2420 partition=2 offset=1180 suppressed=false
time=2026-09-03T23:36:46.690Z level=INFO msg=redelivery key=pf-s313-graded:2425 partition=2 offset=1181 suppressed=false
time=2026-09-03T23:36:46.711Z level=INFO msg=redelivery key=pf-s313-graded:2426 partition=2 offset=1182 suppressed=false
time=2026-09-03T23:36:46.730Z level=INFO msg=redelivery key=pf-s313-graded:2427 partition=2 offset=1183 suppressed=false
time=2026-09-03T23:36:46.751Z level=INFO msg=redelivery key=pf-s313-graded:2428 partition=2 offset=1184 suppressed=false
time=2026-09-03T23:36:46.770Z level=INFO msg=redelivery key=pf-s313-graded:2429 partition=2 offset=1185 suppressed=false
time=2026-09-03T23:36:46.790Z level=INFO msg=redelivery key=pf-s313-graded:2430 partition=2 offset=1186 suppressed=false
time=2026-09-03T23:36:46.811Z level=INFO msg=redelivery key=pf-s313-graded:2431 partition=2 offset=1187 suppressed=false
time=2026-09-03T23:36:46.830Z level=INFO msg=redelivery key=pf-s313-graded:2432 partition=2 offset=1188 suppressed=false
time=2026-09-03T23:36:46.850Z level=INFO msg=redelivery key=pf-s313-graded:2433 partition=2 offset=1189 suppressed=false
time=2026-09-03T23:36:46.871Z level=INFO msg=redelivery key=pf-s313-graded:2435 partition=2 offset=1190 suppressed=false
time=2026-09-03T23:36:46.891Z level=INFO msg=redelivery key=pf-s313-graded:2437 partition=2 offset=1191 suppressed=false
time=2026-09-03T23:36:46.910Z level=INFO msg=redelivery key=pf-s313-graded:2439 partition=2 offset=1192 suppressed=false
time=2026-09-03T23:36:46.931Z level=INFO msg=redelivery key=pf-s313-graded:2443 partition=2 offset=1193 suppressed=false
time=2026-09-03T23:36:46.950Z level=INFO msg=redelivery key=pf-s313-graded:2444 partition=2 offset=1194 suppressed=false
time=2026-09-03T23:36:46.971Z level=INFO msg=redelivery key=pf-s313-graded:2445 partition=2 offset=1195 suppressed=false
time=2026-09-03T23:36:46.990Z level=INFO msg=redelivery key=pf-s313-graded:2446 partition=2 offset=1196 suppressed=false
time=2026-09-03T23:36:47.011Z level=INFO msg=redelivery key=pf-s313-graded:2447 partition=2 offset=1197 suppressed=false
time=2026-09-03T23:36:47.030Z level=INFO msg=redelivery key=pf-s313-graded:2449 partition=2 offset=1198 suppressed=false
time=2026-09-03T23:36:47.050Z level=INFO msg=redelivery key=pf-s313-graded:2453 partition=2 offset=1199 suppressed=false
time=2026-09-03T23:36:47.071Z level=INFO msg=redelivery key=pf-s313-graded:2456 partition=2 offset=1200 suppressed=false
time=2026-09-03T23:36:47.090Z level=INFO msg=redelivery key=pf-s313-graded:2457 partition=2 offset=1201 suppressed=false
time=2026-09-03T23:36:47.111Z level=INFO msg=redelivery key=pf-s313-graded:2458 partition=2 offset=1202 suppressed=false
time=2026-09-03T23:36:47.130Z level=INFO msg=redelivery key=pf-s313-graded:2463 partition=2 offset=1203 suppressed=false
time=2026-09-03T23:36:47.151Z level=INFO msg=redelivery key=pf-s313-graded:2466 partition=2 offset=1204 suppressed=false
time=2026-09-03T23:36:47.170Z level=INFO msg=redelivery key=pf-s313-graded:2467 partition=2 offset=1205 suppressed=false
time=2026-09-03T23:36:47.190Z level=INFO msg=redelivery key=pf-s313-graded:2468 partition=2 offset=1206 suppressed=false
time=2026-09-03T23:36:47.211Z level=INFO msg=redelivery key=pf-s313-graded:2470 partition=2 offset=1207 suppressed=false
time=2026-09-03T23:36:47.231Z level=INFO msg=redelivery key=pf-s313-graded:2472 partition=2 offset=1208 suppressed=false
time=2026-09-03T23:36:47.252Z level=INFO msg=redelivery key=pf-s313-graded:2476 partition=2 offset=1209 suppressed=false
time=2026-09-03T23:36:47.270Z level=INFO msg=redelivery key=pf-s313-graded:2477 partition=2 offset=1210 suppressed=false
time=2026-09-03T23:36:47.291Z level=INFO msg=redelivery key=pf-s313-graded:2479 partition=2 offset=1211 suppressed=false
time=2026-09-03T23:36:47.310Z level=INFO msg=redelivery key=pf-s313-graded:2480 partition=2 offset=1212 suppressed=false
time=2026-09-03T23:36:47.332Z level=INFO msg=redelivery key=pf-s313-graded:2481 partition=2 offset=1213 suppressed=false
time=2026-09-03T23:36:47.351Z level=INFO msg=redelivery key=pf-s313-graded:2482 partition=2 offset=1214 suppressed=false
time=2026-09-03T23:36:47.370Z level=INFO msg=redelivery key=pf-s313-graded:2483 partition=2 offset=1215 suppressed=false
time=2026-09-03T23:36:47.390Z level=INFO msg=redelivery key=pf-s313-graded:2484 partition=2 offset=1216 suppressed=false
time=2026-09-03T23:36:47.411Z level=INFO msg=redelivery key=pf-s313-graded:2488 partition=2 offset=1217 suppressed=false
time=2026-09-03T23:36:47.430Z level=INFO msg=redelivery key=pf-s313-graded:2489 partition=2 offset=1218 suppressed=false
time=2026-09-03T23:36:47.451Z level=INFO msg=redelivery key=pf-s313-graded:2492 partition=2 offset=1219 suppressed=false
time=2026-09-03T23:36:47.471Z level=INFO msg=redelivery key=pf-s313-graded:2493 partition=2 offset=1220 suppressed=false
time=2026-09-03T23:36:47.491Z level=INFO msg=redelivery key=pf-s313-graded:2495 partition=2 offset=1221 suppressed=false
time=2026-09-03T23:36:47.510Z level=INFO msg=redelivery key=pf-s313-graded:2496 partition=2 offset=1222 suppressed=false
time=2026-09-03T23:36:47.531Z level=INFO msg=redelivery key=pf-s313-graded:2497 partition=2 offset=1223 suppressed=false
time=2026-09-03T23:36:47.550Z level=INFO msg=redelivery key=pf-s313-graded:2499 partition=2 offset=1224 suppressed=false
time=2026-09-03T23:36:47.570Z level=INFO msg=redelivery key=pf-s313-graded:2503 partition=2 offset=1225 suppressed=false
time=2026-09-03T23:36:47.592Z level=INFO msg=redelivery key=pf-s313-graded:2508 partition=2 offset=1226 suppressed=false
time=2026-09-03T23:36:47.611Z level=INFO msg=redelivery key=pf-s313-graded:2509 partition=2 offset=1227 suppressed=false
time=2026-09-03T23:36:47.632Z level=INFO msg=redelivery key=pf-s313-graded:2510 partition=2 offset=1228 suppressed=false
time=2026-09-03T23:36:47.652Z level=INFO msg=redelivery key=pf-s313-graded:2511 partition=2 offset=1229 suppressed=false
time=2026-09-03T23:36:47.670Z level=INFO msg=redelivery key=pf-s313-graded:2512 partition=2 offset=1230 suppressed=false
time=2026-09-03T23:36:47.691Z level=INFO msg=redelivery key=pf-s313-graded:2513 partition=2 offset=1231 suppressed=false
time=2026-09-03T23:36:47.710Z level=INFO msg=redelivery key=pf-s313-graded:2514 partition=2 offset=1232 suppressed=false
time=2026-09-03T23:36:47.732Z level=INFO msg=redelivery key=pf-s313-graded:2515 partition=2 offset=1233 suppressed=false
time=2026-09-03T23:36:47.750Z level=INFO msg=redelivery key=pf-s313-graded:2516 partition=2 offset=1234 suppressed=false
time=2026-09-03T23:36:47.771Z level=INFO msg=redelivery key=pf-s313-graded:2518 partition=2 offset=1235 suppressed=false
time=2026-09-03T23:36:47.794Z level=INFO msg=redelivery key=pf-s313-graded:2519 partition=2 offset=1236 suppressed=false
time=2026-09-03T23:36:47.810Z level=INFO msg=redelivery key=pf-s313-graded:2523 partition=2 offset=1237 suppressed=false
time=2026-09-03T23:36:47.831Z level=INFO msg=redelivery key=pf-s313-graded:2526 partition=2 offset=1238 suppressed=false
time=2026-09-03T23:36:47.850Z level=INFO msg=redelivery key=pf-s313-graded:2528 partition=2 offset=1239 suppressed=false
time=2026-09-03T23:36:47.871Z level=INFO msg=redelivery key=pf-s313-graded:2529 partition=2 offset=1240 suppressed=false
time=2026-09-03T23:36:47.891Z level=INFO msg=redelivery key=pf-s313-graded:2530 partition=2 offset=1241 suppressed=false
time=2026-09-03T23:36:47.910Z level=INFO msg=redelivery key=pf-s313-graded:2532 partition=2 offset=1242 suppressed=false
time=2026-09-03T23:36:47.931Z level=INFO msg=redelivery key=pf-s313-graded:2533 partition=2 offset=1243 suppressed=false
time=2026-09-03T23:36:47.951Z level=INFO msg=redelivery key=pf-s313-graded:2536 partition=2 offset=1244 suppressed=false
time=2026-09-03T23:36:47.971Z level=INFO msg=redelivery key=pf-s313-graded:2537 partition=2 offset=1245 suppressed=false
time=2026-09-03T23:36:47.990Z level=INFO msg=redelivery key=pf-s313-graded:2540 partition=2 offset=1246 suppressed=false
time=2026-09-03T23:36:48.010Z level=INFO msg=redelivery key=pf-s313-graded:2542 partition=2 offset=1247 suppressed=false
time=2026-09-03T23:36:48.031Z level=INFO msg=redelivery key=pf-s313-graded:2543 partition=2 offset=1248 suppressed=false
time=2026-09-03T23:36:48.052Z level=INFO msg=redelivery key=pf-s313-graded:2549 partition=2 offset=1249 suppressed=false
time=2026-09-03T23:36:48.071Z level=INFO msg=redelivery key=pf-s313-graded:2550 partition=2 offset=1250 suppressed=false
time=2026-09-03T23:36:48.091Z level=INFO msg=redelivery key=pf-s313-graded:2555 partition=2 offset=1251 suppressed=false
time=2026-09-03T23:36:48.111Z level=INFO msg=redelivery key=pf-s313-graded:2557 partition=2 offset=1252 suppressed=false
time=2026-09-03T23:36:48.131Z level=INFO msg=redelivery key=pf-s313-graded:2559 partition=2 offset=1253 suppressed=false
time=2026-09-03T23:36:48.150Z level=INFO msg=redelivery key=pf-s313-graded:2560 partition=2 offset=1254 suppressed=false
time=2026-09-03T23:36:48.171Z level=INFO msg=redelivery key=pf-s313-graded:2562 partition=2 offset=1255 suppressed=false
time=2026-09-03T23:36:48.191Z level=INFO msg=redelivery key=pf-s313-graded:2569 partition=2 offset=1256 suppressed=false
time=2026-09-03T23:36:48.212Z level=INFO msg=redelivery key=pf-s313-graded:2571 partition=2 offset=1257 suppressed=false
time=2026-09-03T23:36:48.230Z level=INFO msg=redelivery key=pf-s313-graded:2572 partition=2 offset=1258 suppressed=false
time=2026-09-03T23:36:48.252Z level=INFO msg=redelivery key=pf-s313-graded:2573 partition=2 offset=1259 suppressed=false
time=2026-09-03T23:36:48.271Z level=INFO msg=redelivery key=pf-s313-graded:2574 partition=2 offset=1260 suppressed=false
time=2026-09-03T23:36:48.292Z level=INFO msg=redelivery key=pf-s313-graded:2577 partition=2 offset=1261 suppressed=false
time=2026-09-03T23:36:48.312Z level=INFO msg=redelivery key=pf-s313-graded:2578 partition=2 offset=1262 suppressed=false
time=2026-09-03T23:36:48.330Z level=INFO msg=redelivery key=pf-s313-graded:2579 partition=2 offset=1263 suppressed=false
time=2026-09-03T23:36:48.351Z level=INFO msg=redelivery key=pf-s313-graded:2581 partition=2 offset=1264 suppressed=false
time=2026-09-03T23:36:48.370Z level=INFO msg=redelivery key=pf-s313-graded:2585 partition=2 offset=1265 suppressed=false
time=2026-09-03T23:36:48.391Z level=INFO msg=redelivery key=pf-s313-graded:2588 partition=2 offset=1266 suppressed=false
time=2026-09-03T23:36:48.411Z level=INFO msg=redelivery key=pf-s313-graded:2589 partition=2 offset=1267 suppressed=false
time=2026-09-03T23:36:48.430Z level=INFO msg=redelivery key=pf-s313-graded:2593 partition=2 offset=1268 suppressed=false
time=2026-09-03T23:36:48.451Z level=INFO msg=redelivery key=pf-s313-graded:2594 partition=2 offset=1269 suppressed=false
time=2026-09-03T23:36:48.470Z level=INFO msg=redelivery key=pf-s313-graded:2596 partition=2 offset=1270 suppressed=false
time=2026-09-03T23:36:48.491Z level=INFO msg=redelivery key=pf-s313-graded:2601 partition=2 offset=1271 suppressed=false
time=2026-09-03T23:36:48.512Z level=INFO msg=redelivery key=pf-s313-graded:2602 partition=2 offset=1272 suppressed=false
time=2026-09-03T23:36:48.530Z level=INFO msg=redelivery key=pf-s313-graded:2607 partition=2 offset=1273 suppressed=false
time=2026-09-03T23:36:48.551Z level=INFO msg=redelivery key=pf-s313-graded:2610 partition=2 offset=1274 suppressed=false
time=2026-09-03T23:36:48.570Z level=INFO msg=redelivery key=pf-s313-graded:2611 partition=2 offset=1275 suppressed=false
time=2026-09-03T23:36:48.591Z level=INFO msg=redelivery key=pf-s313-graded:2612 partition=2 offset=1276 suppressed=false
time=2026-09-03T23:36:48.870Z level=INFO msg="fault fired" key=pf-s313-graded:2590 partition=1 offset=653 epoch=0
time=2026-09-03T23:36:48.870Z level=INFO msg="fault fired" key=pf-s313-graded:3083 partition=1 offset=771 epoch=0
time=2026-09-03T23:36:48.871Z level=INFO msg="rewinding instead of committing" key=pf-s313-graded:2590 partition=1 offset=653 epoch=0
time=2026-09-03T23:36:48.890Z level=INFO msg=redelivery key=pf-s313-graded:2590 partition=1 offset=653 suppressed=false
time=2026-09-03T23:36:48.911Z level=INFO msg=redelivery key=pf-s313-graded:2592 partition=1 offset=654 suppressed=false
time=2026-09-03T23:36:48.930Z level=INFO msg=redelivery key=pf-s313-graded:2595 partition=1 offset=655 suppressed=false
time=2026-09-03T23:36:48.951Z level=INFO msg=redelivery key=pf-s313-graded:2599 partition=1 offset=656 suppressed=false
time=2026-09-03T23:36:48.970Z level=INFO msg=redelivery key=pf-s313-graded:2603 partition=1 offset=657 suppressed=false
time=2026-09-03T23:36:48.991Z level=INFO msg=redelivery key=pf-s313-graded:2604 partition=1 offset=658 suppressed=false
time=2026-09-03T23:36:49.010Z level=INFO msg=redelivery key=pf-s313-graded:2605 partition=1 offset=659 suppressed=false
time=2026-09-03T23:36:49.031Z level=INFO msg=redelivery key=pf-s313-graded:2606 partition=1 offset=660 suppressed=false
time=2026-09-03T23:36:49.050Z level=INFO msg=redelivery key=pf-s313-graded:2616 partition=1 offset=661 suppressed=false
time=2026-09-03T23:36:49.070Z level=INFO msg=redelivery key=pf-s313-graded:2627 partition=1 offset=662 suppressed=false
time=2026-09-03T23:36:49.091Z level=INFO msg=redelivery key=pf-s313-graded:2632 partition=1 offset=663 suppressed=false
time=2026-09-03T23:36:49.111Z level=INFO msg=redelivery key=pf-s313-graded:2642 partition=1 offset=664 suppressed=false
time=2026-09-03T23:36:49.131Z level=INFO msg=redelivery key=pf-s313-graded:2646 partition=1 offset=665 suppressed=false
time=2026-09-03T23:36:49.152Z level=INFO msg=redelivery key=pf-s313-graded:2652 partition=1 offset=666 suppressed=false
time=2026-09-03T23:36:49.170Z level=INFO msg=redelivery key=pf-s313-graded:2659 partition=1 offset=667 suppressed=false
time=2026-09-03T23:36:49.192Z level=INFO msg=redelivery key=pf-s313-graded:2667 partition=1 offset=668 suppressed=false
time=2026-09-03T23:36:49.214Z level=INFO msg=redelivery key=pf-s313-graded:2669 partition=1 offset=669 suppressed=false
time=2026-09-03T23:36:49.231Z level=INFO msg=redelivery key=pf-s313-graded:2672 partition=1 offset=670 suppressed=false
time=2026-09-03T23:36:49.251Z level=INFO msg=redelivery key=pf-s313-graded:2681 partition=1 offset=671 suppressed=false
time=2026-09-03T23:36:49.271Z level=INFO msg=redelivery key=pf-s313-graded:2682 partition=1 offset=672 suppressed=false
time=2026-09-03T23:36:49.291Z level=INFO msg=redelivery key=pf-s313-graded:2684 partition=1 offset=673 suppressed=false
time=2026-09-03T23:36:49.311Z level=INFO msg=redelivery key=pf-s313-graded:2687 partition=1 offset=674 suppressed=false
time=2026-09-03T23:36:49.331Z level=INFO msg=redelivery key=pf-s313-graded:2692 partition=1 offset=675 suppressed=false
time=2026-09-03T23:36:49.351Z level=INFO msg=redelivery key=pf-s313-graded:2694 partition=1 offset=676 suppressed=false
time=2026-09-03T23:36:49.370Z level=INFO msg=redelivery key=pf-s313-graded:2699 partition=1 offset=677 suppressed=false
time=2026-09-03T23:36:49.391Z level=INFO msg=redelivery key=pf-s313-graded:2700 partition=1 offset=678 suppressed=false
time=2026-09-03T23:36:49.412Z level=INFO msg=redelivery key=pf-s313-graded:2705 partition=1 offset=679 suppressed=false
time=2026-09-03T23:36:49.430Z level=INFO msg=redelivery key=pf-s313-graded:2710 partition=1 offset=680 suppressed=false
time=2026-09-03T23:36:49.451Z level=INFO msg=redelivery key=pf-s313-graded:2713 partition=1 offset=681 suppressed=false
time=2026-09-03T23:36:49.472Z level=INFO msg=redelivery key=pf-s313-graded:2714 partition=1 offset=682 suppressed=false
time=2026-09-03T23:36:49.490Z level=INFO msg=redelivery key=pf-s313-graded:2715 partition=1 offset=683 suppressed=false
time=2026-09-03T23:36:49.511Z level=INFO msg=redelivery key=pf-s313-graded:2717 partition=1 offset=684 suppressed=false
time=2026-09-03T23:36:49.530Z level=INFO msg=redelivery key=pf-s313-graded:2721 partition=1 offset=685 suppressed=false
time=2026-09-03T23:36:49.551Z level=INFO msg=redelivery key=pf-s313-graded:2722 partition=1 offset=686 suppressed=false
time=2026-09-03T23:36:49.571Z level=INFO msg=redelivery key=pf-s313-graded:2723 partition=1 offset=687 suppressed=false
time=2026-09-03T23:36:49.590Z level=INFO msg=redelivery key=pf-s313-graded:2738 partition=1 offset=688 suppressed=false
time=2026-09-03T23:36:49.611Z level=INFO msg=redelivery key=pf-s313-graded:2739 partition=1 offset=689 suppressed=false
time=2026-09-03T23:36:49.631Z level=INFO msg=redelivery key=pf-s313-graded:2741 partition=1 offset=690 suppressed=false
time=2026-09-03T23:36:49.651Z level=INFO msg=redelivery key=pf-s313-graded:2750 partition=1 offset=691 suppressed=false
time=2026-09-03T23:36:49.671Z level=INFO msg=redelivery key=pf-s313-graded:2756 partition=1 offset=692 suppressed=false
time=2026-09-03T23:36:49.691Z level=INFO msg=redelivery key=pf-s313-graded:2758 partition=1 offset=693 suppressed=false
time=2026-09-03T23:36:49.712Z level=INFO msg=redelivery key=pf-s313-graded:2760 partition=1 offset=694 suppressed=false
time=2026-09-03T23:36:49.730Z level=INFO msg=redelivery key=pf-s313-graded:2763 partition=1 offset=695 suppressed=false
time=2026-09-03T23:36:49.751Z level=INFO msg=redelivery key=pf-s313-graded:2766 partition=1 offset=696 suppressed=false
time=2026-09-03T23:36:49.770Z level=INFO msg=redelivery key=pf-s313-graded:2773 partition=1 offset=697 suppressed=false
time=2026-09-03T23:36:49.791Z level=INFO msg=redelivery key=pf-s313-graded:2776 partition=1 offset=698 suppressed=false
time=2026-09-03T23:36:49.810Z level=INFO msg=redelivery key=pf-s313-graded:2777 partition=1 offset=699 suppressed=false
time=2026-09-03T23:36:49.831Z level=INFO msg=redelivery key=pf-s313-graded:2782 partition=1 offset=700 suppressed=false
time=2026-09-03T23:36:49.851Z level=INFO msg=redelivery key=pf-s313-graded:2790 partition=1 offset=701 suppressed=false
time=2026-09-03T23:36:49.872Z level=INFO msg=redelivery key=pf-s313-graded:2791 partition=1 offset=702 suppressed=false
time=2026-09-03T23:36:49.890Z level=INFO msg=redelivery key=pf-s313-graded:2792 partition=1 offset=703 suppressed=false
time=2026-09-03T23:36:49.911Z level=INFO msg=redelivery key=pf-s313-graded:2796 partition=1 offset=704 suppressed=false
time=2026-09-03T23:36:49.930Z level=INFO msg=redelivery key=pf-s313-graded:2801 partition=1 offset=705 suppressed=false
time=2026-09-03T23:36:49.951Z level=INFO msg=redelivery key=pf-s313-graded:2804 partition=1 offset=706 suppressed=false
time=2026-09-03T23:36:49.970Z level=INFO msg=redelivery key=pf-s313-graded:2805 partition=1 offset=707 suppressed=false
time=2026-09-03T23:36:49.992Z level=INFO msg=redelivery key=pf-s313-graded:2816 partition=1 offset=708 suppressed=false
time=2026-09-03T23:36:50.012Z level=INFO msg=redelivery key=pf-s313-graded:2817 partition=1 offset=709 suppressed=false
time=2026-09-03T23:36:50.031Z level=INFO msg=redelivery key=pf-s313-graded:2820 partition=1 offset=710 suppressed=false
time=2026-09-03T23:36:50.051Z level=INFO msg=redelivery key=pf-s313-graded:2826 partition=1 offset=711 suppressed=false
time=2026-09-03T23:36:50.070Z level=INFO msg=redelivery key=pf-s313-graded:2829 partition=1 offset=712 suppressed=false
time=2026-09-03T23:36:50.091Z level=INFO msg=redelivery key=pf-s313-graded:2842 partition=1 offset=713 suppressed=false
time=2026-09-03T23:36:50.111Z level=INFO msg=redelivery key=pf-s313-graded:2845 partition=1 offset=714 suppressed=false
time=2026-09-03T23:36:50.130Z level=INFO msg=redelivery key=pf-s313-graded:2846 partition=1 offset=715 suppressed=false
time=2026-09-03T23:36:50.151Z level=INFO msg=redelivery key=pf-s313-graded:2850 partition=1 offset=716 suppressed=false
time=2026-09-03T23:36:50.170Z level=INFO msg=redelivery key=pf-s313-graded:2854 partition=1 offset=717 suppressed=false
time=2026-09-03T23:36:50.191Z level=INFO msg=redelivery key=pf-s313-graded:2858 partition=1 offset=718 suppressed=false
time=2026-09-03T23:36:50.211Z level=INFO msg=redelivery key=pf-s313-graded:2861 partition=1 offset=719 suppressed=false
time=2026-09-03T23:36:50.231Z level=INFO msg=redelivery key=pf-s313-graded:2862 partition=1 offset=720 suppressed=false
time=2026-09-03T23:36:50.250Z level=INFO msg=redelivery key=pf-s313-graded:2872 partition=1 offset=721 suppressed=false
time=2026-09-03T23:36:50.270Z level=INFO msg=redelivery key=pf-s313-graded:2874 partition=1 offset=722 suppressed=false
time=2026-09-03T23:36:50.293Z level=INFO msg=redelivery key=pf-s313-graded:2875 partition=1 offset=723 suppressed=false
time=2026-09-03T23:36:50.310Z level=INFO msg=redelivery key=pf-s313-graded:2880 partition=1 offset=724 suppressed=false
time=2026-09-03T23:36:50.331Z level=INFO msg=redelivery key=pf-s313-graded:2886 partition=1 offset=725 suppressed=false
time=2026-09-03T23:36:50.350Z level=INFO msg=redelivery key=pf-s313-graded:2889 partition=1 offset=726 suppressed=false
time=2026-09-03T23:36:50.371Z level=INFO msg=redelivery key=pf-s313-graded:2911 partition=1 offset=727 suppressed=false
time=2026-09-03T23:36:50.390Z level=INFO msg=redelivery key=pf-s313-graded:2918 partition=1 offset=728 suppressed=false
time=2026-09-03T23:36:50.411Z level=INFO msg=redelivery key=pf-s313-graded:2927 partition=1 offset=729 suppressed=false
time=2026-09-03T23:36:50.430Z level=INFO msg=redelivery key=pf-s313-graded:2929 partition=1 offset=730 suppressed=false
time=2026-09-03T23:36:50.451Z level=INFO msg=redelivery key=pf-s313-graded:2932 partition=1 offset=731 suppressed=false
time=2026-09-03T23:36:50.470Z level=INFO msg=redelivery key=pf-s313-graded:2936 partition=1 offset=732 suppressed=false
time=2026-09-03T23:36:50.491Z level=INFO msg=redelivery key=pf-s313-graded:2937 partition=1 offset=733 suppressed=false
time=2026-09-03T23:36:50.510Z level=INFO msg=redelivery key=pf-s313-graded:2959 partition=1 offset=734 suppressed=false
time=2026-09-03T23:36:50.531Z level=INFO msg=redelivery key=pf-s313-graded:2963 partition=1 offset=735 suppressed=false
time=2026-09-03T23:36:50.550Z level=INFO msg=redelivery key=pf-s313-graded:2964 partition=1 offset=736 suppressed=false
time=2026-09-03T23:36:50.571Z level=INFO msg=redelivery key=pf-s313-graded:2965 partition=1 offset=737 suppressed=false
time=2026-09-03T23:36:50.590Z level=INFO msg=redelivery key=pf-s313-graded:2967 partition=1 offset=738 suppressed=false
time=2026-09-03T23:36:50.611Z level=INFO msg=redelivery key=pf-s313-graded:2969 partition=1 offset=739 suppressed=false
time=2026-09-03T23:36:50.630Z level=INFO msg=redelivery key=pf-s313-graded:2978 partition=1 offset=740 suppressed=false
time=2026-09-03T23:36:50.650Z level=INFO msg=redelivery key=pf-s313-graded:2984 partition=1 offset=741 suppressed=false
time=2026-09-03T23:36:50.671Z level=INFO msg=redelivery key=pf-s313-graded:2986 partition=1 offset=742 suppressed=false
time=2026-09-03T23:36:50.690Z level=INFO msg=redelivery key=pf-s313-graded:2987 partition=1 offset=743 suppressed=false
time=2026-09-03T23:36:50.711Z level=INFO msg=redelivery key=pf-s313-graded:2991 partition=1 offset=744 suppressed=false
time=2026-09-03T23:36:50.730Z level=INFO msg=redelivery key=pf-s313-graded:2994 partition=1 offset=745 suppressed=false
time=2026-09-03T23:36:50.751Z level=INFO msg=redelivery key=pf-s313-graded:3000 partition=1 offset=746 suppressed=false
time=2026-09-03T23:36:50.770Z level=INFO msg=redelivery key=pf-s313-graded:3001 partition=1 offset=747 suppressed=false
time=2026-09-03T23:36:50.790Z level=INFO msg=redelivery key=pf-s313-graded:3006 partition=1 offset=748 suppressed=false
time=2026-09-03T23:36:50.811Z level=INFO msg=redelivery key=pf-s313-graded:3011 partition=1 offset=749 suppressed=false
time=2026-09-03T23:36:50.830Z level=INFO msg=redelivery key=pf-s313-graded:3014 partition=1 offset=750 suppressed=false
time=2026-09-03T23:36:50.851Z level=INFO msg=redelivery key=pf-s313-graded:3018 partition=1 offset=751 suppressed=false
time=2026-09-03T23:36:50.870Z level=INFO msg=redelivery key=pf-s313-graded:3021 partition=1 offset=752 suppressed=false
time=2026-09-03T23:36:50.891Z level=INFO msg=redelivery key=pf-s313-graded:3023 partition=1 offset=753 suppressed=false
time=2026-09-03T23:36:50.910Z level=INFO msg=redelivery key=pf-s313-graded:3029 partition=1 offset=754 suppressed=false
time=2026-09-03T23:36:50.931Z level=INFO msg=redelivery key=pf-s313-graded:3030 partition=1 offset=755 suppressed=false
time=2026-09-03T23:36:50.950Z level=INFO msg=redelivery key=pf-s313-graded:3033 partition=1 offset=756 suppressed=false
time=2026-09-03T23:36:50.971Z level=INFO msg=redelivery key=pf-s313-graded:3035 partition=1 offset=757 suppressed=false
time=2026-09-03T23:36:50.990Z level=INFO msg=redelivery key=pf-s313-graded:3036 partition=1 offset=758 suppressed=false
time=2026-09-03T23:36:51.011Z level=INFO msg=redelivery key=pf-s313-graded:3037 partition=1 offset=759 suppressed=false
time=2026-09-03T23:36:51.030Z level=INFO msg=redelivery key=pf-s313-graded:3038 partition=1 offset=760 suppressed=false
time=2026-09-03T23:36:51.054Z level=INFO msg=redelivery key=pf-s313-graded:3043 partition=1 offset=761 suppressed=false
time=2026-09-03T23:36:51.071Z level=INFO msg=redelivery key=pf-s313-graded:3047 partition=1 offset=762 suppressed=false
time=2026-09-03T23:36:51.090Z level=INFO msg=redelivery key=pf-s313-graded:3049 partition=1 offset=763 suppressed=false
time=2026-09-03T23:36:51.110Z level=INFO msg=redelivery key=pf-s313-graded:3052 partition=1 offset=764 suppressed=false
time=2026-09-03T23:36:51.132Z level=INFO msg=redelivery key=pf-s313-graded:3055 partition=1 offset=765 suppressed=false
time=2026-09-03T23:36:51.151Z level=INFO msg=redelivery key=pf-s313-graded:3057 partition=1 offset=766 suppressed=false
time=2026-09-03T23:36:51.171Z level=INFO msg=redelivery key=pf-s313-graded:3058 partition=1 offset=767 suppressed=false
time=2026-09-03T23:36:51.191Z level=INFO msg=redelivery key=pf-s313-graded:3060 partition=1 offset=768 suppressed=false
time=2026-09-03T23:36:51.211Z level=INFO msg=redelivery key=pf-s313-graded:3081 partition=1 offset=769 suppressed=false
time=2026-09-03T23:36:51.230Z level=INFO msg=redelivery key=pf-s313-graded:3082 partition=1 offset=770 suppressed=false
time=2026-09-03T23:36:51.250Z level=INFO msg=redelivery key=pf-s313-graded:3083 partition=1 offset=771 suppressed=false
time=2026-09-03T23:36:51.273Z level=INFO msg=redelivery key=pf-s313-graded:3089 partition=1 offset=772 suppressed=false
time=2026-09-03T23:36:51.291Z level=INFO msg=redelivery key=pf-s313-graded:3095 partition=1 offset=773 suppressed=false
time=2026-09-03T23:36:51.313Z level=INFO msg=redelivery key=pf-s313-graded:3099 partition=1 offset=774 suppressed=false
time=2026-09-03T23:36:51.330Z level=INFO msg=redelivery key=pf-s313-graded:3105 partition=1 offset=775 suppressed=false
time=2026-09-03T23:36:51.350Z level=INFO msg=redelivery key=pf-s313-graded:3107 partition=1 offset=776 suppressed=false
time=2026-09-03T23:36:51.371Z level=INFO msg=redelivery key=pf-s313-graded:3110 partition=1 offset=777 suppressed=false
time=2026-09-03T23:36:51.390Z level=INFO msg=redelivery key=pf-s313-graded:3113 partition=1 offset=778 suppressed=false
time=2026-09-03T23:36:58.871Z level=INFO msg="fault fired" key=pf-s313-graded:3278 partition=1 offset=818 epoch=0
time=2026-09-03T23:36:58.871Z level=INFO msg="fault fired" key=pf-s313-graded:2851 partition=2 offset=1389 epoch=0
time=2026-09-03T23:36:58.871Z level=INFO msg="fault fired" key=pf-s313-graded:2909 partition=2 offset=1425 epoch=0
time=2026-09-03T23:36:58.871Z level=INFO msg="fault fired" key=pf-s313-graded:2972 partition=2 offset=1460 epoch=0
time=2026-09-03T23:36:58.871Z level=INFO msg="fault fired" key=pf-s313-graded:2989 partition=2 offset=1468 epoch=0
time=2026-09-03T23:36:58.871Z level=INFO msg="fault fired" key=pf-s313-graded:3066 partition=2 offset=1496 epoch=0
time=2026-09-03T23:36:58.871Z level=INFO msg="fault fired" key=pf-s313-graded:3088 partition=2 offset=1510 epoch=0
time=2026-09-03T23:36:58.871Z level=INFO msg="rewinding instead of committing" key=pf-s313-graded:3278 partition=1 offset=818 epoch=0
time=2026-09-03T23:36:58.871Z level=INFO msg="rewinding instead of committing" key=pf-s313-graded:2851 partition=2 offset=1389 epoch=0
time=2026-09-03T23:36:58.895Z level=INFO msg=redelivery key=pf-s313-graded:2851 partition=2 offset=1389 suppressed=false
time=2026-09-03T23:36:58.915Z level=INFO msg=redelivery key=pf-s313-graded:2853 partition=2 offset=1390 suppressed=false
time=2026-09-03T23:36:58.936Z level=INFO msg=redelivery key=pf-s313-graded:2855 partition=2 offset=1391 suppressed=false
time=2026-09-03T23:36:58.955Z level=INFO msg=redelivery key=pf-s313-graded:2857 partition=2 offset=1392 suppressed=false
time=2026-09-03T23:36:58.975Z level=INFO msg=redelivery key=pf-s313-graded:2859 partition=2 offset=1393 suppressed=false
time=2026-09-03T23:36:58.996Z level=INFO msg=redelivery key=pf-s313-graded:2864 partition=2 offset=1394 suppressed=false
time=2026-09-03T23:36:59.015Z level=INFO msg=redelivery key=pf-s313-graded:2865 partition=2 offset=1395 suppressed=false
time=2026-09-03T23:36:59.038Z level=INFO msg=redelivery key=pf-s313-graded:2867 partition=2 offset=1396 suppressed=false
time=2026-09-03T23:36:59.056Z level=INFO msg=redelivery key=pf-s313-graded:2868 partition=2 offset=1397 suppressed=false
time=2026-09-03T23:36:59.075Z level=INFO msg=redelivery key=pf-s313-graded:2869 partition=2 offset=1398 suppressed=false
time=2026-09-03T23:36:59.096Z level=INFO msg=redelivery key=pf-s313-graded:2870 partition=2 offset=1399 suppressed=false
time=2026-09-03T23:36:59.115Z level=INFO msg=redelivery key=pf-s313-graded:2871 partition=2 offset=1400 suppressed=false
time=2026-09-03T23:36:59.138Z level=INFO msg=redelivery key=pf-s313-graded:2873 partition=2 offset=1401 suppressed=false
time=2026-09-03T23:36:59.155Z level=INFO msg=redelivery key=pf-s313-graded:2876 partition=2 offset=1402 suppressed=false
time=2026-09-03T23:36:59.177Z level=INFO msg=redelivery key=pf-s313-graded:2877 partition=2 offset=1403 suppressed=false
time=2026-09-03T23:36:59.201Z level=INFO msg=redelivery key=pf-s313-graded:2878 partition=2 offset=1404 suppressed=false
time=2026-09-03T23:36:59.215Z level=INFO msg=redelivery key=pf-s313-graded:2881 partition=2 offset=1405 suppressed=false
time=2026-09-03T23:36:59.238Z level=INFO msg=redelivery key=pf-s313-graded:2883 partition=2 offset=1406 suppressed=false
time=2026-09-03T23:36:59.255Z level=INFO msg=redelivery key=pf-s313-graded:2884 partition=2 offset=1407 suppressed=false
time=2026-09-03T23:36:59.275Z level=INFO msg=redelivery key=pf-s313-graded:2885 partition=2 offset=1408 suppressed=false
time=2026-09-03T23:36:59.295Z level=INFO msg=redelivery key=pf-s313-graded:2887 partition=2 offset=1409 suppressed=false
time=2026-09-03T23:36:59.316Z level=INFO msg=redelivery key=pf-s313-graded:2888 partition=2 offset=1410 suppressed=false
time=2026-09-03T23:36:59.337Z level=INFO msg=redelivery key=pf-s313-graded:2890 partition=2 offset=1411 suppressed=false
time=2026-09-03T23:36:59.357Z level=INFO msg=redelivery key=pf-s313-graded:2892 partition=2 offset=1412 suppressed=false
time=2026-09-03T23:36:59.375Z level=INFO msg=redelivery key=pf-s313-graded:2893 partition=2 offset=1413 suppressed=false
time=2026-09-03T23:36:59.395Z level=INFO msg=redelivery key=pf-s313-graded:2894 partition=2 offset=1414 suppressed=false
time=2026-09-03T23:36:59.418Z level=INFO msg=redelivery key=pf-s313-graded:2895 partition=2 offset=1415 suppressed=false
time=2026-09-03T23:36:59.435Z level=INFO msg=redelivery key=pf-s313-graded:2896 partition=2 offset=1416 suppressed=false
time=2026-09-03T23:36:59.455Z level=INFO msg=redelivery key=pf-s313-graded:2897 partition=2 offset=1417 suppressed=false
time=2026-09-03T23:36:59.476Z level=INFO msg=redelivery key=pf-s313-graded:2900 partition=2 offset=1418 suppressed=false
time=2026-09-03T23:36:59.495Z level=INFO msg=redelivery key=pf-s313-graded:2901 partition=2 offset=1419 suppressed=false
time=2026-09-03T23:36:59.515Z level=INFO msg=redelivery key=pf-s313-graded:2903 partition=2 offset=1420 suppressed=false
time=2026-09-03T23:36:59.535Z level=INFO msg=redelivery key=pf-s313-graded:2905 partition=2 offset=1421 suppressed=false
time=2026-09-03T23:36:59.557Z level=INFO msg=redelivery key=pf-s313-graded:2906 partition=2 offset=1422 suppressed=false
time=2026-09-03T23:36:59.576Z level=INFO msg=redelivery key=pf-s313-graded:2907 partition=2 offset=1423 suppressed=false
time=2026-09-03T23:36:59.596Z level=INFO msg=redelivery key=pf-s313-graded:2908 partition=2 offset=1424 suppressed=false
time=2026-09-03T23:36:59.619Z level=INFO msg=redelivery key=pf-s313-graded:2909 partition=2 offset=1425 suppressed=false
time=2026-09-03T23:36:59.636Z level=INFO msg=redelivery key=pf-s313-graded:2910 partition=2 offset=1426 suppressed=false
time=2026-09-03T23:36:59.656Z level=INFO msg=redelivery key=pf-s313-graded:2913 partition=2 offset=1427 suppressed=false
time=2026-09-03T23:36:59.676Z level=INFO msg=redelivery key=pf-s313-graded:2914 partition=2 offset=1428 suppressed=false
time=2026-09-03T23:36:59.696Z level=INFO msg=redelivery key=pf-s313-graded:2915 partition=2 offset=1429 suppressed=false
time=2026-09-03T23:36:59.716Z level=INFO msg=redelivery key=pf-s313-graded:2916 partition=2 offset=1430 suppressed=false
time=2026-09-03T23:36:59.737Z level=INFO msg=redelivery key=pf-s313-graded:2917 partition=2 offset=1431 suppressed=false
time=2026-09-03T23:36:59.755Z level=INFO msg=redelivery key=pf-s313-graded:2923 partition=2 offset=1432 suppressed=false
time=2026-09-03T23:36:59.777Z level=INFO msg=redelivery key=pf-s313-graded:2924 partition=2 offset=1433 suppressed=false
time=2026-09-03T23:36:59.796Z level=INFO msg=redelivery key=pf-s313-graded:2925 partition=2 offset=1434 suppressed=false
time=2026-09-03T23:36:59.815Z level=INFO msg=redelivery key=pf-s313-graded:2926 partition=2 offset=1435 suppressed=false
time=2026-09-03T23:36:59.835Z level=INFO msg=redelivery key=pf-s313-graded:2931 partition=2 offset=1436 suppressed=false
time=2026-09-03T23:36:59.857Z level=INFO msg=redelivery key=pf-s313-graded:2933 partition=2 offset=1437 suppressed=false
time=2026-09-03T23:36:59.875Z level=INFO msg=redelivery key=pf-s313-graded:2935 partition=2 offset=1438 suppressed=false
time=2026-09-03T23:36:59.897Z level=INFO msg=redelivery key=pf-s313-graded:2938 partition=2 offset=1439 suppressed=false
time=2026-09-03T23:36:59.918Z level=INFO msg=redelivery key=pf-s313-graded:2940 partition=2 offset=1440 suppressed=false
time=2026-09-03T23:36:59.936Z level=INFO msg=redelivery key=pf-s313-graded:2941 partition=2 offset=1441 suppressed=false
time=2026-09-03T23:36:59.956Z level=INFO msg=redelivery key=pf-s313-graded:2943 partition=2 offset=1442 suppressed=false
time=2026-09-03T23:36:59.976Z level=INFO msg=redelivery key=pf-s313-graded:2944 partition=2 offset=1443 suppressed=false
time=2026-09-03T23:36:59.995Z level=INFO msg=redelivery key=pf-s313-graded:2945 partition=2 offset=1444 suppressed=false
time=2026-09-03T23:37:00.016Z level=INFO msg=redelivery key=pf-s313-graded:2946 partition=2 offset=1445 suppressed=false
time=2026-09-03T23:37:00.036Z level=INFO msg=redelivery key=pf-s313-graded:2948 partition=2 offset=1446 suppressed=false
time=2026-09-03T23:37:00.055Z level=INFO msg=redelivery key=pf-s313-graded:2949 partition=2 offset=1447 suppressed=false
time=2026-09-03T23:37:00.076Z level=INFO msg=redelivery key=pf-s313-graded:2950 partition=2 offset=1448 suppressed=false
time=2026-09-03T23:37:00.095Z level=INFO msg=redelivery key=pf-s313-graded:2952 partition=2 offset=1449 suppressed=false
time=2026-09-03T23:37:00.116Z level=INFO msg=redelivery key=pf-s313-graded:2953 partition=2 offset=1450 suppressed=false
time=2026-09-03T23:37:00.135Z level=INFO msg=redelivery key=pf-s313-graded:2954 partition=2 offset=1451 suppressed=false
time=2026-09-03T23:37:00.156Z level=INFO msg=redelivery key=pf-s313-graded:2955 partition=2 offset=1452 suppressed=false
time=2026-09-03T23:37:00.175Z level=INFO msg=redelivery key=pf-s313-graded:2956 partition=2 offset=1453 suppressed=false
time=2026-09-03T23:37:00.195Z level=INFO msg=redelivery key=pf-s313-graded:2958 partition=2 offset=1454 suppressed=false
time=2026-09-03T23:37:00.215Z level=INFO msg=redelivery key=pf-s313-graded:2960 partition=2 offset=1455 suppressed=false
time=2026-09-03T23:37:00.236Z level=INFO msg=redelivery key=pf-s313-graded:2961 partition=2 offset=1456 suppressed=false
time=2026-09-03T23:37:00.256Z level=INFO msg=redelivery key=pf-s313-graded:2962 partition=2 offset=1457 suppressed=false
time=2026-09-03T23:37:00.275Z level=INFO msg=redelivery key=pf-s313-graded:2968 partition=2 offset=1458 suppressed=false
time=2026-09-03T23:37:00.296Z level=INFO msg=redelivery key=pf-s313-graded:2971 partition=2 offset=1459 suppressed=false
time=2026-09-03T23:37:00.315Z level=INFO msg=redelivery key=pf-s313-graded:2972 partition=2 offset=1460 suppressed=false
time=2026-09-03T23:37:00.335Z level=INFO msg=redelivery key=pf-s313-graded:2974 partition=2 offset=1461 suppressed=false
time=2026-09-03T23:37:00.357Z level=INFO msg=redelivery key=pf-s313-graded:2976 partition=2 offset=1462 suppressed=false
time=2026-09-03T23:37:00.376Z level=INFO msg=redelivery key=pf-s313-graded:2980 partition=2 offset=1463 suppressed=false
time=2026-09-03T23:37:00.395Z level=INFO msg=redelivery key=pf-s313-graded:2981 partition=2 offset=1464 suppressed=false
time=2026-09-03T23:37:00.415Z level=INFO msg=redelivery key=pf-s313-graded:2982 partition=2 offset=1465 suppressed=false
time=2026-09-03T23:37:00.435Z level=INFO msg=redelivery key=pf-s313-graded:2985 partition=2 offset=1466 suppressed=false
time=2026-09-03T23:37:00.456Z level=INFO msg=redelivery key=pf-s313-graded:2988 partition=2 offset=1467 suppressed=false
time=2026-09-03T23:37:00.475Z level=INFO msg=redelivery key=pf-s313-graded:2989 partition=2 offset=1468 suppressed=false
time=2026-09-03T23:37:00.496Z level=INFO msg=redelivery key=pf-s313-graded:2990 partition=2 offset=1469 suppressed=false
time=2026-09-03T23:37:00.516Z level=INFO msg=redelivery key=pf-s313-graded:2992 partition=2 offset=1470 suppressed=false
time=2026-09-03T23:37:00.535Z level=INFO msg=redelivery key=pf-s313-graded:2998 partition=2 offset=1471 suppressed=false
time=2026-09-03T23:37:00.556Z level=INFO msg=redelivery key=pf-s313-graded:3002 partition=2 offset=1472 suppressed=false
time=2026-09-03T23:37:00.575Z level=INFO msg=redelivery key=pf-s313-graded:3003 partition=2 offset=1473 suppressed=false
time=2026-09-03T23:37:00.596Z level=INFO msg=redelivery key=pf-s313-graded:3004 partition=2 offset=1474 suppressed=false
time=2026-09-03T23:37:00.615Z level=INFO msg=redelivery key=pf-s313-graded:3005 partition=2 offset=1475 suppressed=false
time=2026-09-03T23:37:00.637Z level=INFO msg=redelivery key=pf-s313-graded:3012 partition=2 offset=1476 suppressed=false
time=2026-09-03T23:37:00.659Z level=INFO msg=redelivery key=pf-s313-graded:3013 partition=2 offset=1477 suppressed=false
time=2026-09-03T23:37:00.676Z level=INFO msg=redelivery key=pf-s313-graded:3016 partition=2 offset=1478 suppressed=false
time=2026-09-03T23:37:00.695Z level=INFO msg=redelivery key=pf-s313-graded:3020 partition=2 offset=1479 suppressed=false
time=2026-09-03T23:37:00.716Z level=INFO msg=redelivery key=pf-s313-graded:3022 partition=2 offset=1480 suppressed=false
time=2026-09-03T23:37:00.735Z level=INFO msg=redelivery key=pf-s313-graded:3024 partition=2 offset=1481 suppressed=false
time=2026-09-03T23:37:00.755Z level=INFO msg=redelivery key=pf-s313-graded:3026 partition=2 offset=1482 suppressed=false
time=2026-09-03T23:37:00.776Z level=INFO msg=redelivery key=pf-s313-graded:3028 partition=2 offset=1483 suppressed=false
time=2026-09-03T23:37:00.795Z level=INFO msg=redelivery key=pf-s313-graded:3031 partition=2 offset=1484 suppressed=false
time=2026-09-03T23:37:00.816Z level=INFO msg=redelivery key=pf-s313-graded:3039 partition=2 offset=1485 suppressed=false
time=2026-09-03T23:37:00.835Z level=INFO msg=redelivery key=pf-s313-graded:3041 partition=2 offset=1486 suppressed=false
time=2026-09-03T23:37:00.856Z level=INFO msg=redelivery key=pf-s313-graded:3042 partition=2 offset=1487 suppressed=false
time=2026-09-03T23:37:00.876Z level=INFO msg=redelivery key=pf-s313-graded:3046 partition=2 offset=1488 suppressed=false
time=2026-09-03T23:37:00.896Z level=INFO msg=redelivery key=pf-s313-graded:3050 partition=2 offset=1489 suppressed=false
time=2026-09-03T23:37:00.916Z level=INFO msg=redelivery key=pf-s313-graded:3051 partition=2 offset=1490 suppressed=false
time=2026-09-03T23:37:00.935Z level=INFO msg=redelivery key=pf-s313-graded:3053 partition=2 offset=1491 suppressed=false
time=2026-09-03T23:37:00.955Z level=INFO msg=redelivery key=pf-s313-graded:3059 partition=2 offset=1492 suppressed=false
time=2026-09-03T23:37:00.976Z level=INFO msg=redelivery key=pf-s313-graded:3062 partition=2 offset=1493 suppressed=false
time=2026-09-03T23:37:00.995Z level=INFO msg=redelivery key=pf-s313-graded:3063 partition=2 offset=1494 suppressed=false
time=2026-09-03T23:37:01.015Z level=INFO msg=redelivery key=pf-s313-graded:3065 partition=2 offset=1495 suppressed=false
time=2026-09-03T23:37:01.036Z level=INFO msg=redelivery key=pf-s313-graded:3066 partition=2 offset=1496 suppressed=false
time=2026-09-03T23:37:01.055Z level=INFO msg=redelivery key=pf-s313-graded:3067 partition=2 offset=1497 suppressed=false
time=2026-09-03T23:37:01.076Z level=INFO msg=redelivery key=pf-s313-graded:3069 partition=2 offset=1498 suppressed=false
time=2026-09-03T23:37:01.095Z level=INFO msg=redelivery key=pf-s313-graded:3070 partition=2 offset=1499 suppressed=false
time=2026-09-03T23:37:01.115Z level=INFO msg=redelivery key=pf-s313-graded:3071 partition=2 offset=1500 suppressed=false
time=2026-09-03T23:37:01.136Z level=INFO msg=redelivery key=pf-s313-graded:3073 partition=2 offset=1501 suppressed=false
time=2026-09-03T23:37:01.155Z level=INFO msg=redelivery key=pf-s313-graded:3074 partition=2 offset=1502 suppressed=false
time=2026-09-03T23:37:01.176Z level=INFO msg=redelivery key=pf-s313-graded:3075 partition=2 offset=1503 suppressed=false
time=2026-09-03T23:37:01.197Z level=INFO msg=redelivery key=pf-s313-graded:3076 partition=2 offset=1504 suppressed=false
time=2026-09-03T23:37:01.216Z level=INFO msg=redelivery key=pf-s313-graded:3077 partition=2 offset=1505 suppressed=false
time=2026-09-03T23:37:01.235Z level=INFO msg=redelivery key=pf-s313-graded:3079 partition=2 offset=1506 suppressed=false
time=2026-09-03T23:37:01.255Z level=INFO msg=redelivery key=pf-s313-graded:3080 partition=2 offset=1507 suppressed=false
time=2026-09-03T23:37:01.276Z level=INFO msg=redelivery key=pf-s313-graded:3085 partition=2 offset=1508 suppressed=false
time=2026-09-03T23:37:01.295Z level=INFO msg=redelivery key=pf-s313-graded:3087 partition=2 offset=1509 suppressed=false
time=2026-09-03T23:37:01.316Z level=INFO msg=redelivery key=pf-s313-graded:3088 partition=2 offset=1510 suppressed=false
time=2026-09-03T23:37:01.336Z level=INFO msg=redelivery key=pf-s313-graded:3091 partition=2 offset=1511 suppressed=false
time=2026-09-03T23:37:01.357Z level=INFO msg=redelivery key=pf-s313-graded:3092 partition=2 offset=1512 suppressed=false
time=2026-09-03T23:37:01.375Z level=INFO msg=redelivery key=pf-s313-graded:3093 partition=2 offset=1513 suppressed=false
time=2026-09-03T23:37:01.396Z level=INFO msg=redelivery key=pf-s313-graded:3094 partition=2 offset=1514 suppressed=false
time=2026-09-03T23:37:01.416Z level=INFO msg=redelivery key=pf-s313-graded:3098 partition=2 offset=1515 suppressed=false
time=2026-09-03T23:37:01.435Z level=INFO msg=redelivery key=pf-s313-graded:3100 partition=2 offset=1516 suppressed=false
time=2026-09-03T23:37:01.456Z level=INFO msg=redelivery key=pf-s313-graded:3104 partition=2 offset=1517 suppressed=false
time=2026-09-03T23:37:01.476Z level=INFO msg=redelivery key=pf-s313-graded:3106 partition=2 offset=1518 suppressed=false
time=2026-09-03T23:37:01.495Z level=INFO msg=redelivery key=pf-s313-graded:3108 partition=2 offset=1519 suppressed=false
time=2026-09-03T23:37:01.515Z level=INFO msg=redelivery key=pf-s313-graded:3111 partition=2 offset=1520 suppressed=false
time=2026-09-03T23:37:01.536Z level=INFO msg=redelivery key=pf-s313-graded:3112 partition=2 offset=1521 suppressed=false
time=2026-09-03T23:37:01.555Z level=INFO msg=redelivery key=pf-s313-graded:3115 partition=2 offset=1522 suppressed=false
time=2026-09-03T23:37:01.575Z level=INFO msg=redelivery key=pf-s313-graded:3116 partition=2 offset=1523 suppressed=false
time=2026-09-03T23:37:01.596Z level=INFO msg=redelivery key=pf-s313-graded:3117 partition=2 offset=1524 suppressed=false
time=2026-09-03T23:37:01.615Z level=INFO msg=redelivery key=pf-s313-graded:3119 partition=2 offset=1525 suppressed=false
time=2026-09-03T23:37:01.636Z level=INFO msg=redelivery key=pf-s313-graded:3121 partition=2 offset=1526 suppressed=false
time=2026-09-03T23:37:01.655Z level=INFO msg=redelivery key=pf-s313-graded:3123 partition=2 offset=1527 suppressed=false
time=2026-09-03T23:37:01.676Z level=INFO msg=redelivery key=pf-s313-graded:3125 partition=2 offset=1528 suppressed=false
time=2026-09-03T23:37:08.880Z level=INFO msg="fault fired" key=pf-s313-graded:3227 partition=2 offset=1579 epoch=0
time=2026-09-03T23:37:08.882Z level=INFO msg="fault fired" key=pf-s313-graded:3232 partition=2 offset=1582 epoch=0
time=2026-09-03T23:37:08.882Z level=INFO msg="fault fired" key=pf-s313-graded:3297 partition=2 offset=1616 epoch=0
time=2026-09-03T23:37:08.882Z level=INFO msg="fault fired" key=pf-s313-graded:3584 partition=2 offset=1739 epoch=0
time=2026-09-03T23:37:08.883Z level=INFO msg="fault fired" key=pf-s313-graded:3651 partition=2 offset=1778 epoch=0
time=2026-09-03T23:37:08.883Z level=INFO msg="fault fired" key=pf-s313-graded:3724 partition=2 offset=1818 epoch=0
time=2026-09-03T23:37:08.883Z level=INFO msg="fault fired" key=pf-s313-graded:3809 partition=2 offset=1858 epoch=0
time=2026-09-03T23:37:08.883Z level=INFO msg="fault fired" key=pf-s313-graded:3814 partition=2 offset=1862 epoch=0
time=2026-09-03T23:37:08.883Z level=INFO msg="rewinding instead of committing" key=pf-s313-graded:3227 partition=2 offset=1579 epoch=0
time=2026-09-03T23:37:16.148Z level=INFO msg=redelivery key=pf-s313-graded:3278 partition=1 offset=818 suppressed=false
time=2026-09-03T23:37:16.166Z level=INFO msg=redelivery key=pf-s313-graded:3280 partition=1 offset=819 suppressed=false
time=2026-09-03T23:37:16.185Z level=INFO msg=redelivery key=pf-s313-graded:3286 partition=1 offset=820 suppressed=false
time=2026-09-03T23:37:16.204Z level=INFO msg=redelivery key=pf-s313-graded:3287 partition=1 offset=821 suppressed=false
time=2026-09-03T23:37:16.228Z level=INFO msg=redelivery key=pf-s313-graded:3293 partition=1 offset=822 suppressed=false
time=2026-09-03T23:37:16.253Z level=INFO msg=redelivery key=pf-s313-graded:3294 partition=1 offset=823 suppressed=false
time=2026-09-03T23:37:16.266Z level=INFO msg=redelivery key=pf-s313-graded:3298 partition=1 offset=824 suppressed=false
time=2026-09-03T23:37:16.285Z level=INFO msg=redelivery key=pf-s313-graded:3300 partition=1 offset=825 suppressed=false
time=2026-09-03T23:37:16.304Z level=INFO msg=redelivery key=pf-s313-graded:3302 partition=1 offset=826 suppressed=false
time=2026-09-03T23:37:16.324Z level=INFO msg=redelivery key=pf-s313-graded:3308 partition=1 offset=827 suppressed=false
time=2026-09-03T23:37:16.346Z level=INFO msg=redelivery key=pf-s313-graded:3309 partition=1 offset=828 suppressed=false
time=2026-09-03T23:37:16.367Z level=INFO msg=redelivery key=pf-s313-graded:3312 partition=1 offset=829 suppressed=false
time=2026-09-03T23:37:16.385Z level=INFO msg=redelivery key=pf-s313-graded:3315 partition=1 offset=830 suppressed=false
time=2026-09-03T23:37:16.404Z level=INFO msg=redelivery key=pf-s313-graded:3316 partition=1 offset=831 suppressed=false
time=2026-09-03T23:37:16.425Z level=INFO msg=redelivery key=pf-s313-graded:3318 partition=1 offset=832 suppressed=false
time=2026-09-03T23:37:16.444Z level=INFO msg=redelivery key=pf-s313-graded:3322 partition=1 offset=833 suppressed=false
time=2026-09-03T23:37:16.469Z level=INFO msg=redelivery key=pf-s313-graded:3335 partition=1 offset=834 suppressed=false
time=2026-09-03T23:37:16.490Z level=INFO msg=redelivery key=pf-s313-graded:3344 partition=1 offset=835 suppressed=false
time=2026-09-03T23:37:16.507Z level=INFO msg=redelivery key=pf-s313-graded:3345 partition=1 offset=836 suppressed=false
time=2026-09-03T23:37:16.524Z level=INFO msg=redelivery key=pf-s313-graded:3349 partition=1 offset=837 suppressed=false
time=2026-09-03T23:37:16.545Z level=INFO msg=redelivery key=pf-s313-graded:3352 partition=1 offset=838 suppressed=false
time=2026-09-03T23:37:16.565Z level=INFO msg=redelivery key=pf-s313-graded:3353 partition=1 offset=839 suppressed=false
time=2026-09-03T23:37:16.588Z level=INFO msg=redelivery key=pf-s313-graded:3355 partition=1 offset=840 suppressed=false
time=2026-09-03T23:37:16.605Z level=INFO msg=redelivery key=pf-s313-graded:3360 partition=1 offset=841 suppressed=false
time=2026-09-03T23:37:16.626Z level=INFO msg=redelivery key=pf-s313-graded:3361 partition=1 offset=842 suppressed=false
time=2026-09-03T23:37:16.644Z level=INFO msg=redelivery key=pf-s313-graded:3362 partition=1 offset=843 suppressed=false
time=2026-09-03T23:37:16.666Z level=INFO msg=redelivery key=pf-s313-graded:3367 partition=1 offset=844 suppressed=false
time=2026-09-03T23:37:16.689Z level=INFO msg=redelivery key=pf-s313-graded:3371 partition=1 offset=845 suppressed=false
time=2026-09-03T23:37:16.706Z level=INFO msg=redelivery key=pf-s313-graded:3375 partition=1 offset=846 suppressed=false
time=2026-09-03T23:37:16.725Z level=INFO msg=redelivery key=pf-s313-graded:3380 partition=1 offset=847 suppressed=false
time=2026-09-03T23:37:16.745Z level=INFO msg=redelivery key=pf-s313-graded:3381 partition=1 offset=848 suppressed=false
time=2026-09-03T23:37:16.765Z level=INFO msg=redelivery key=pf-s313-graded:3384 partition=1 offset=849 suppressed=false
time=2026-09-03T23:37:16.786Z level=INFO msg=redelivery key=pf-s313-graded:3392 partition=1 offset=850 suppressed=false
time=2026-09-03T23:37:16.805Z level=INFO msg=redelivery key=pf-s313-graded:3396 partition=1 offset=851 suppressed=false
time=2026-09-03T23:37:16.825Z level=INFO msg=redelivery key=pf-s313-graded:3397 partition=1 offset=852 suppressed=false
time=2026-09-03T23:37:16.847Z level=INFO msg=redelivery key=pf-s313-graded:3402 partition=1 offset=853 suppressed=false
time=2026-09-03T23:37:16.867Z level=INFO msg=redelivery key=pf-s313-graded:3405 partition=1 offset=854 suppressed=false
time=2026-09-03T23:37:16.884Z level=INFO msg=redelivery key=pf-s313-graded:3412 partition=1 offset=855 suppressed=false
time=2026-09-03T23:37:16.907Z level=INFO msg=redelivery key=pf-s313-graded:3417 partition=1 offset=856 suppressed=false
time=2026-09-03T23:37:16.927Z level=INFO msg=redelivery key=pf-s313-graded:3419 partition=1 offset=857 suppressed=false
time=2026-09-03T23:37:16.946Z level=INFO msg=redelivery key=pf-s313-graded:3422 partition=1 offset=858 suppressed=false
time=2026-09-03T23:37:16.964Z level=INFO msg=redelivery key=pf-s313-graded:3435 partition=1 offset=859 suppressed=false
time=2026-09-03T23:37:16.984Z level=INFO msg=redelivery key=pf-s313-graded:3448 partition=1 offset=860 suppressed=false
time=2026-09-03T23:37:17.007Z level=INFO msg=redelivery key=pf-s313-graded:3454 partition=1 offset=861 suppressed=false
time=2026-09-03T23:37:17.024Z level=INFO msg=redelivery key=pf-s313-graded:3456 partition=1 offset=862 suppressed=false
time=2026-09-03T23:37:17.045Z level=INFO msg=redelivery key=pf-s313-graded:3459 partition=1 offset=863 suppressed=false
time=2026-09-03T23:37:17.065Z level=INFO msg=redelivery key=pf-s313-graded:3460 partition=1 offset=864 suppressed=false
time=2026-09-03T23:37:17.085Z level=INFO msg=redelivery key=pf-s313-graded:3462 partition=1 offset=865 suppressed=false
time=2026-09-03T23:37:17.105Z level=INFO msg=redelivery key=pf-s313-graded:3465 partition=1 offset=866 suppressed=false
time=2026-09-03T23:37:17.125Z level=INFO msg=redelivery key=pf-s313-graded:3467 partition=1 offset=867 suppressed=false
time=2026-09-03T23:37:17.145Z level=INFO msg=redelivery key=pf-s313-graded:3468 partition=1 offset=868 suppressed=false
time=2026-09-03T23:37:17.165Z level=INFO msg=redelivery key=pf-s313-graded:3470 partition=1 offset=869 suppressed=false
time=2026-09-03T23:37:17.185Z level=INFO msg=redelivery key=pf-s313-graded:3472 partition=1 offset=870 suppressed=false
time=2026-09-03T23:37:17.205Z level=INFO msg=redelivery key=pf-s313-graded:3473 partition=1 offset=871 suppressed=false
time=2026-09-03T23:37:17.225Z level=INFO msg=redelivery key=pf-s313-graded:3479 partition=1 offset=872 suppressed=false
time=2026-09-03T23:37:17.245Z level=INFO msg=redelivery key=pf-s313-graded:3480 partition=1 offset=873 suppressed=false
time=2026-09-03T23:37:17.264Z level=INFO msg=redelivery key=pf-s313-graded:3481 partition=1 offset=874 suppressed=false
time=2026-09-03T23:37:17.284Z level=INFO msg=redelivery key=pf-s313-graded:3485 partition=1 offset=875 suppressed=false
time=2026-09-03T23:37:17.305Z level=INFO msg=redelivery key=pf-s313-graded:3487 partition=1 offset=876 suppressed=false
time=2026-09-03T23:37:17.324Z level=INFO msg=redelivery key=pf-s313-graded:3488 partition=1 offset=877 suppressed=false
time=2026-09-03T23:37:17.344Z level=INFO msg=redelivery key=pf-s313-graded:3489 partition=1 offset=878 suppressed=false
time=2026-09-03T23:37:17.364Z level=INFO msg=redelivery key=pf-s313-graded:3493 partition=1 offset=879 suppressed=false
time=2026-09-03T23:37:17.385Z level=INFO msg=redelivery key=pf-s313-graded:3501 partition=1 offset=880 suppressed=false
time=2026-09-03T23:37:17.405Z level=INFO msg=redelivery key=pf-s313-graded:3504 partition=1 offset=881 suppressed=false
time=2026-09-03T23:37:17.424Z level=INFO msg=redelivery key=pf-s313-graded:3507 partition=1 offset=882 suppressed=false
time=2026-09-03T23:37:17.445Z level=INFO msg=redelivery key=pf-s313-graded:3508 partition=1 offset=883 suppressed=false
time=2026-09-03T23:37:17.464Z level=INFO msg=redelivery key=pf-s313-graded:3511 partition=1 offset=884 suppressed=false
time=2026-09-03T23:37:17.485Z level=INFO msg=redelivery key=pf-s313-graded:3514 partition=1 offset=885 suppressed=false
time=2026-09-03T23:37:17.505Z level=INFO msg=redelivery key=pf-s313-graded:3520 partition=1 offset=886 suppressed=false
time=2026-09-03T23:37:17.524Z level=INFO msg=redelivery key=pf-s313-graded:3521 partition=1 offset=887 suppressed=false
time=2026-09-03T23:37:17.545Z level=INFO msg=redelivery key=pf-s313-graded:3529 partition=1 offset=888 suppressed=false
time=2026-09-03T23:37:17.565Z level=INFO msg=redelivery key=pf-s313-graded:3531 partition=1 offset=889 suppressed=false
time=2026-09-03T23:37:17.584Z level=INFO msg=redelivery key=pf-s313-graded:3533 partition=1 offset=890 suppressed=false
time=2026-09-03T23:37:17.604Z level=INFO msg=redelivery key=pf-s313-graded:3534 partition=1 offset=891 suppressed=false
time=2026-09-03T23:37:17.624Z level=INFO msg=redelivery key=pf-s313-graded:3535 partition=1 offset=892 suppressed=false
time=2026-09-03T23:37:17.644Z level=INFO msg=redelivery key=pf-s313-graded:3538 partition=1 offset=893 suppressed=false
time=2026-09-03T23:37:17.665Z level=INFO msg=redelivery key=pf-s313-graded:3540 partition=1 offset=894 suppressed=false
time=2026-09-03T23:37:17.684Z level=INFO msg=redelivery key=pf-s313-graded:3544 partition=1 offset=895 suppressed=false
time=2026-09-03T23:37:17.705Z level=INFO msg=redelivery key=pf-s313-graded:3550 partition=1 offset=896 suppressed=false
time=2026-09-03T23:37:17.724Z level=INFO msg=redelivery key=pf-s313-graded:3553 partition=1 offset=897 suppressed=false
time=2026-09-03T23:37:17.744Z level=INFO msg=redelivery key=pf-s313-graded:3560 partition=1 offset=898 suppressed=false
time=2026-09-03T23:37:17.765Z level=INFO msg=redelivery key=pf-s313-graded:3564 partition=1 offset=899 suppressed=false
time=2026-09-03T23:37:17.784Z level=INFO msg=redelivery key=pf-s313-graded:3565 partition=1 offset=900 suppressed=false
time=2026-09-03T23:37:17.804Z level=INFO msg=redelivery key=pf-s313-graded:3566 partition=1 offset=901 suppressed=false
time=2026-09-03T23:37:17.824Z level=INFO msg=redelivery key=pf-s313-graded:3570 partition=1 offset=902 suppressed=false
time=2026-09-03T23:37:17.846Z level=INFO msg=redelivery key=pf-s313-graded:3575 partition=1 offset=903 suppressed=false
time=2026-09-03T23:37:17.869Z level=INFO msg=redelivery key=pf-s313-graded:3576 partition=1 offset=904 suppressed=false
time=2026-09-03T23:37:17.884Z level=INFO msg=redelivery key=pf-s313-graded:3577 partition=1 offset=905 suppressed=false
time=2026-09-03T23:37:17.905Z level=INFO msg=redelivery key=pf-s313-graded:3578 partition=1 offset=906 suppressed=false
time=2026-09-03T23:37:17.924Z level=INFO msg=redelivery key=pf-s313-graded:3587 partition=1 offset=907 suppressed=false
time=2026-09-03T23:37:17.945Z level=INFO msg=redelivery key=pf-s313-graded:3590 partition=1 offset=908 suppressed=false
time=2026-09-03T23:37:17.965Z level=INFO msg=redelivery key=pf-s313-graded:3591 partition=1 offset=909 suppressed=false
time=2026-09-03T23:37:17.985Z level=INFO msg=redelivery key=pf-s313-graded:3593 partition=1 offset=910 suppressed=false
time=2026-09-03T23:37:18.008Z level=INFO msg=redelivery key=pf-s313-graded:3598 partition=1 offset=911 suppressed=false
time=2026-09-03T23:37:18.025Z level=INFO msg=redelivery key=pf-s313-graded:3603 partition=1 offset=912 suppressed=false
time=2026-09-03T23:37:18.045Z level=INFO msg=redelivery key=pf-s313-graded:3604 partition=1 offset=913 suppressed=false
time=2026-09-03T23:37:18.065Z level=INFO msg=redelivery key=pf-s313-graded:3605 partition=1 offset=914 suppressed=false
time=2026-09-03T23:37:18.905Z level=INFO msg="fault fired" key=pf-s313-graded:3374 partition=0 offset=874 epoch=0
time=2026-09-03T23:37:18.906Z level=INFO msg="fault fired" key=pf-s313-graded:3923 partition=0 offset=1011 epoch=0
time=2026-09-03T23:37:18.906Z level=INFO msg="rewinding instead of committing" key=pf-s313-graded:3374 partition=0 offset=874 epoch=0
time=2026-09-03T23:37:25.968Z level=INFO msg=redelivery key=pf-s313-graded:3227 partition=2 offset=1579 suppressed=false
time=2026-09-03T23:37:25.988Z level=INFO msg=redelivery key=pf-s313-graded:3229 partition=2 offset=1580 suppressed=false
time=2026-09-03T23:37:26.008Z level=INFO msg=redelivery key=pf-s313-graded:3230 partition=2 offset=1581 suppressed=false
time=2026-09-03T23:37:26.029Z level=INFO msg=redelivery key=pf-s313-graded:3232 partition=2 offset=1582 suppressed=false
time=2026-09-03T23:37:26.048Z level=INFO msg=redelivery key=pf-s313-graded:3234 partition=2 offset=1583 suppressed=false
time=2026-09-03T23:37:26.068Z level=INFO msg=redelivery key=pf-s313-graded:3236 partition=2 offset=1584 suppressed=false
time=2026-09-03T23:37:26.089Z level=INFO msg=redelivery key=pf-s313-graded:3237 partition=2 offset=1585 suppressed=false
time=2026-09-03T23:37:26.108Z level=INFO msg=redelivery key=pf-s313-graded:3238 partition=2 offset=1586 suppressed=false
time=2026-09-03T23:37:26.129Z level=INFO msg=redelivery key=pf-s313-graded:3239 partition=2 offset=1587 suppressed=false
time=2026-09-03T23:37:26.149Z level=INFO msg=redelivery key=pf-s313-graded:3241 partition=2 offset=1588 suppressed=false
time=2026-09-03T23:37:26.168Z level=INFO msg=redelivery key=pf-s313-graded:3242 partition=2 offset=1589 suppressed=false
time=2026-09-03T23:37:26.189Z level=INFO msg=redelivery key=pf-s313-graded:3245 partition=2 offset=1590 suppressed=false
time=2026-09-03T23:37:26.208Z level=INFO msg=redelivery key=pf-s313-graded:3247 partition=2 offset=1591 suppressed=false
time=2026-09-03T23:37:26.229Z level=INFO msg=redelivery key=pf-s313-graded:3249 partition=2 offset=1592 suppressed=false
time=2026-09-03T23:37:26.249Z level=INFO msg=redelivery key=pf-s313-graded:3255 partition=2 offset=1593 suppressed=false
time=2026-09-03T23:37:26.268Z level=INFO msg=redelivery key=pf-s313-graded:3256 partition=2 offset=1594 suppressed=false
time=2026-09-03T23:37:26.289Z level=INFO msg=redelivery key=pf-s313-graded:3257 partition=2 offset=1595 suppressed=false
time=2026-09-03T23:37:26.308Z level=INFO msg=redelivery key=pf-s313-graded:3259 partition=2 offset=1596 suppressed=false
time=2026-09-03T23:37:26.328Z level=INFO msg=redelivery key=pf-s313-graded:3260 partition=2 offset=1597 suppressed=false
time=2026-09-03T23:37:26.348Z level=INFO msg=redelivery key=pf-s313-graded:3261 partition=2 offset=1598 suppressed=false
time=2026-09-03T23:37:26.369Z level=INFO msg=redelivery key=pf-s313-graded:3262 partition=2 offset=1599 suppressed=false
time=2026-09-03T23:37:26.388Z level=INFO msg=redelivery key=pf-s313-graded:3263 partition=2 offset=1600 suppressed=false
time=2026-09-03T23:37:26.408Z level=INFO msg=redelivery key=pf-s313-graded:3264 partition=2 offset=1601 suppressed=false
time=2026-09-03T23:37:26.428Z level=INFO msg=redelivery key=pf-s313-graded:3265 partition=2 offset=1602 suppressed=false
time=2026-09-03T23:37:26.449Z level=INFO msg=redelivery key=pf-s313-graded:3268 partition=2 offset=1603 suppressed=false
time=2026-09-03T23:37:26.468Z level=INFO msg=redelivery key=pf-s313-graded:3270 partition=2 offset=1604 suppressed=false
time=2026-09-03T23:37:26.489Z level=INFO msg=redelivery key=pf-s313-graded:3272 partition=2 offset=1605 suppressed=false
time=2026-09-03T23:37:26.508Z level=INFO msg=redelivery key=pf-s313-graded:3274 partition=2 offset=1606 suppressed=false
time=2026-09-03T23:37:26.529Z level=INFO msg=redelivery key=pf-s313-graded:3275 partition=2 offset=1607 suppressed=false
time=2026-09-03T23:37:26.548Z level=INFO msg=redelivery key=pf-s313-graded:3277 partition=2 offset=1608 suppressed=false
time=2026-09-03T23:37:26.568Z level=INFO msg=redelivery key=pf-s313-graded:3281 partition=2 offset=1609 suppressed=false
time=2026-09-03T23:37:26.589Z level=INFO msg=redelivery key=pf-s313-graded:3282 partition=2 offset=1610 suppressed=false
time=2026-09-03T23:37:26.608Z level=INFO msg=redelivery key=pf-s313-graded:3284 partition=2 offset=1611 suppressed=false
time=2026-09-03T23:37:26.629Z level=INFO msg=redelivery key=pf-s313-graded:3285 partition=2 offset=1612 suppressed=false
time=2026-09-03T23:37:26.648Z level=INFO msg=redelivery key=pf-s313-graded:3291 partition=2 offset=1613 suppressed=false
time=2026-09-03T23:37:26.668Z level=INFO msg=redelivery key=pf-s313-graded:3295 partition=2 offset=1614 suppressed=false
time=2026-09-03T23:37:26.689Z level=INFO msg=redelivery key=pf-s313-graded:3296 partition=2 offset=1615 suppressed=false
time=2026-09-03T23:37:26.708Z level=INFO msg=redelivery key=pf-s313-graded:3297 partition=2 offset=1616 suppressed=false
time=2026-09-03T23:37:26.731Z level=INFO msg=redelivery key=pf-s313-graded:3301 partition=2 offset=1617 suppressed=false
time=2026-09-03T23:37:26.748Z level=INFO msg=redelivery key=pf-s313-graded:3303 partition=2 offset=1618 suppressed=false
time=2026-09-03T23:37:26.769Z level=INFO msg=redelivery key=pf-s313-graded:3305 partition=2 offset=1619 suppressed=false
time=2026-09-03T23:37:26.789Z level=INFO msg=redelivery key=pf-s313-graded:3306 partition=2 offset=1620 suppressed=false
time=2026-09-03T23:37:26.808Z level=INFO msg=redelivery key=pf-s313-graded:3310 partition=2 offset=1621 suppressed=false
time=2026-09-03T23:37:26.828Z level=INFO msg=redelivery key=pf-s313-graded:3311 partition=2 offset=1622 suppressed=false
time=2026-09-03T23:37:26.849Z level=INFO msg=redelivery key=pf-s313-graded:3313 partition=2 offset=1623 suppressed=false
time=2026-09-03T23:37:26.868Z level=INFO msg=redelivery key=pf-s313-graded:3314 partition=2 offset=1624 suppressed=false
time=2026-09-03T23:37:26.889Z level=INFO msg=redelivery key=pf-s313-graded:3319 partition=2 offset=1625 suppressed=false
time=2026-09-03T23:37:26.908Z level=INFO msg=redelivery key=pf-s313-graded:3320 partition=2 offset=1626 suppressed=false
time=2026-09-03T23:37:26.929Z level=INFO msg=redelivery key=pf-s313-graded:3324 partition=2 offset=1627 suppressed=false
time=2026-09-03T23:37:26.948Z level=INFO msg=redelivery key=pf-s313-graded:3325 partition=2 offset=1628 suppressed=false
time=2026-09-03T23:37:26.968Z level=INFO msg=redelivery key=pf-s313-graded:3326 partition=2 offset=1629 suppressed=false
time=2026-09-03T23:37:26.989Z level=INFO msg=redelivery key=pf-s313-graded:3327 partition=2 offset=1630 suppressed=false
time=2026-09-03T23:37:27.008Z level=INFO msg=redelivery key=pf-s313-graded:3328 partition=2 offset=1631 suppressed=false
time=2026-09-03T23:37:27.028Z level=INFO msg=redelivery key=pf-s313-graded:3330 partition=2 offset=1632 suppressed=false
time=2026-09-03T23:37:27.049Z level=INFO msg=redelivery key=pf-s313-graded:3331 partition=2 offset=1633 suppressed=false
time=2026-09-03T23:37:27.068Z level=INFO msg=redelivery key=pf-s313-graded:3332 partition=2 offset=1634 suppressed=false
time=2026-09-03T23:37:27.089Z level=INFO msg=redelivery key=pf-s313-graded:3333 partition=2 offset=1635 suppressed=false
time=2026-09-03T23:37:27.108Z level=INFO msg=redelivery key=pf-s313-graded:3334 partition=2 offset=1636 suppressed=false
time=2026-09-03T23:37:27.129Z level=INFO msg=redelivery key=pf-s313-graded:3336 partition=2 offset=1637 suppressed=false
time=2026-09-03T23:37:27.148Z level=INFO msg=redelivery key=pf-s313-graded:3338 partition=2 offset=1638 suppressed=false
time=2026-09-03T23:37:27.168Z level=INFO msg=redelivery key=pf-s313-graded:3339 partition=2 offset=1639 suppressed=false
time=2026-09-03T23:37:27.189Z level=INFO msg=redelivery key=pf-s313-graded:3341 partition=2 offset=1640 suppressed=false
time=2026-09-03T23:37:27.208Z level=INFO msg=redelivery key=pf-s313-graded:3342 partition=2 offset=1641 suppressed=false
time=2026-09-03T23:37:27.229Z level=INFO msg=redelivery key=pf-s313-graded:3347 partition=2 offset=1642 suppressed=false
time=2026-09-03T23:37:27.248Z level=INFO msg=redelivery key=pf-s313-graded:3348 partition=2 offset=1643 suppressed=false
time=2026-09-03T23:37:27.269Z level=INFO msg=redelivery key=pf-s313-graded:3350 partition=2 offset=1644 suppressed=false
time=2026-09-03T23:37:27.288Z level=INFO msg=redelivery key=pf-s313-graded:3351 partition=2 offset=1645 suppressed=false
time=2026-09-03T23:37:27.308Z level=INFO msg=redelivery key=pf-s313-graded:3356 partition=2 offset=1646 suppressed=false
time=2026-09-03T23:37:27.329Z level=INFO msg=redelivery key=pf-s313-graded:3363 partition=2 offset=1647 suppressed=false
time=2026-09-03T23:37:27.348Z level=INFO msg=redelivery key=pf-s313-graded:3364 partition=2 offset=1648 suppressed=false
time=2026-09-03T23:37:27.369Z level=INFO msg=redelivery key=pf-s313-graded:3365 partition=2 offset=1649 suppressed=false
time=2026-09-03T23:37:27.388Z level=INFO msg=redelivery key=pf-s313-graded:3366 partition=2 offset=1650 suppressed=false
time=2026-09-03T23:37:27.409Z level=INFO msg=redelivery key=pf-s313-graded:3370 partition=2 offset=1651 suppressed=false
time=2026-09-03T23:37:27.428Z level=INFO msg=redelivery key=pf-s313-graded:3372 partition=2 offset=1652 suppressed=false
time=2026-09-03T23:37:27.448Z level=INFO msg=redelivery key=pf-s313-graded:3378 partition=2 offset=1653 suppressed=false
time=2026-09-03T23:37:27.469Z level=INFO msg=redelivery key=pf-s313-graded:3379 partition=2 offset=1654 suppressed=false
time=2026-09-03T23:37:27.488Z level=INFO msg=redelivery key=pf-s313-graded:3382 partition=2 offset=1655 suppressed=false
time=2026-09-03T23:37:27.509Z level=INFO msg=redelivery key=pf-s313-graded:3389 partition=2 offset=1656 suppressed=false
time=2026-09-03T23:37:27.528Z level=INFO msg=redelivery key=pf-s313-graded:3393 partition=2 offset=1657 suppressed=false
time=2026-09-03T23:37:27.549Z level=INFO msg=redelivery key=pf-s313-graded:3398 partition=2 offset=1658 suppressed=false
time=2026-09-03T23:37:27.568Z level=INFO msg=redelivery key=pf-s313-graded:3400 partition=2 offset=1659 suppressed=false
time=2026-09-03T23:37:27.589Z level=INFO msg=redelivery key=pf-s313-graded:3401 partition=2 offset=1660 suppressed=false
time=2026-09-03T23:37:27.608Z level=INFO msg=redelivery key=pf-s313-graded:3403 partition=2 offset=1661 suppressed=false
time=2026-09-03T23:37:27.628Z level=INFO msg=redelivery key=pf-s313-graded:3406 partition=2 offset=1662 suppressed=false
time=2026-09-03T23:37:27.649Z level=INFO msg=redelivery key=pf-s313-graded:3408 partition=2 offset=1663 suppressed=false
time=2026-09-03T23:37:27.668Z level=INFO msg=redelivery key=pf-s313-graded:3410 partition=2 offset=1664 suppressed=false
time=2026-09-03T23:37:27.689Z level=INFO msg=redelivery key=pf-s313-graded:3411 partition=2 offset=1665 suppressed=false
time=2026-09-03T23:37:27.708Z level=INFO msg=redelivery key=pf-s313-graded:3413 partition=2 offset=1666 suppressed=false
time=2026-09-03T23:37:27.728Z level=INFO msg=redelivery key=pf-s313-graded:3416 partition=2 offset=1667 suppressed=false
time=2026-09-03T23:37:27.749Z level=INFO msg=redelivery key=pf-s313-graded:3420 partition=2 offset=1668 suppressed=false
time=2026-09-03T23:37:27.768Z level=INFO msg=redelivery key=pf-s313-graded:3421 partition=2 offset=1669 suppressed=false
time=2026-09-03T23:37:27.789Z level=INFO msg=redelivery key=pf-s313-graded:3423 partition=2 offset=1670 suppressed=false
time=2026-09-03T23:37:27.808Z level=INFO msg=redelivery key=pf-s313-graded:3424 partition=2 offset=1671 suppressed=false
time=2026-09-03T23:37:27.828Z level=INFO msg=redelivery key=pf-s313-graded:3425 partition=2 offset=1672 suppressed=false
time=2026-09-03T23:37:27.848Z level=INFO msg=redelivery key=pf-s313-graded:3427 partition=2 offset=1673 suppressed=false
time=2026-09-03T23:37:27.869Z level=INFO msg=redelivery key=pf-s313-graded:3428 partition=2 offset=1674 suppressed=false
time=2026-09-03T23:37:27.889Z level=INFO msg=redelivery key=pf-s313-graded:3429 partition=2 offset=1675 suppressed=false
time=2026-09-03T23:37:27.908Z level=INFO msg=redelivery key=pf-s313-graded:3432 partition=2 offset=1676 suppressed=false
time=2026-09-03T23:37:27.929Z level=INFO msg=redelivery key=pf-s313-graded:3433 partition=2 offset=1677 suppressed=false
time=2026-09-03T23:37:27.948Z level=INFO msg=redelivery key=pf-s313-graded:3434 partition=2 offset=1678 suppressed=false
time=2026-09-03T23:37:27.969Z level=INFO msg=redelivery key=pf-s313-graded:3436 partition=2 offset=1679 suppressed=false
time=2026-09-03T23:37:27.988Z level=INFO msg=redelivery key=pf-s313-graded:3439 partition=2 offset=1680 suppressed=false
time=2026-09-03T23:37:28.009Z level=INFO msg=redelivery key=pf-s313-graded:3440 partition=2 offset=1681 suppressed=false
time=2026-09-03T23:37:28.028Z level=INFO msg=redelivery key=pf-s313-graded:3441 partition=2 offset=1682 suppressed=false
time=2026-09-03T23:37:28.049Z level=INFO msg=redelivery key=pf-s313-graded:3443 partition=2 offset=1683 suppressed=false
time=2026-09-03T23:37:28.068Z level=INFO msg=redelivery key=pf-s313-graded:3444 partition=2 offset=1684 suppressed=false
time=2026-09-03T23:37:28.088Z level=INFO msg=redelivery key=pf-s313-graded:3445 partition=2 offset=1685 suppressed=false
time=2026-09-03T23:37:28.109Z level=INFO msg=redelivery key=pf-s313-graded:3446 partition=2 offset=1686 suppressed=false
time=2026-09-03T23:37:28.129Z level=INFO msg=redelivery key=pf-s313-graded:3447 partition=2 offset=1687 suppressed=false
time=2026-09-03T23:37:28.148Z level=INFO msg=redelivery key=pf-s313-graded:3449 partition=2 offset=1688 suppressed=false
time=2026-09-03T23:37:28.169Z level=INFO msg=redelivery key=pf-s313-graded:3450 partition=2 offset=1689 suppressed=false
time=2026-09-03T23:37:28.188Z level=INFO msg=redelivery key=pf-s313-graded:3453 partition=2 offset=1690 suppressed=false
time=2026-09-03T23:37:28.208Z level=INFO msg=redelivery key=pf-s313-graded:3455 partition=2 offset=1691 suppressed=false
time=2026-09-03T23:37:28.229Z level=INFO msg=redelivery key=pf-s313-graded:3457 partition=2 offset=1692 suppressed=false
time=2026-09-03T23:37:28.248Z level=INFO msg=redelivery key=pf-s313-graded:3461 partition=2 offset=1693 suppressed=false
time=2026-09-03T23:37:28.268Z level=INFO msg=redelivery key=pf-s313-graded:3463 partition=2 offset=1694 suppressed=false
time=2026-09-03T23:37:28.288Z level=INFO msg=redelivery key=pf-s313-graded:3464 partition=2 offset=1695 suppressed=false
time=2026-09-03T23:37:28.309Z level=INFO msg=redelivery key=pf-s313-graded:3469 partition=2 offset=1696 suppressed=false
time=2026-09-03T23:37:28.328Z level=INFO msg=redelivery key=pf-s313-graded:3476 partition=2 offset=1697 suppressed=false
time=2026-09-03T23:37:28.349Z level=INFO msg=redelivery key=pf-s313-graded:3482 partition=2 offset=1698 suppressed=false
time=2026-09-03T23:37:28.368Z level=INFO msg=redelivery key=pf-s313-graded:3483 partition=2 offset=1699 suppressed=false
time=2026-09-03T23:37:28.388Z level=INFO msg=redelivery key=pf-s313-graded:3486 partition=2 offset=1700 suppressed=false
time=2026-09-03T23:37:28.409Z level=INFO msg=redelivery key=pf-s313-graded:3491 partition=2 offset=1701 suppressed=false
time=2026-09-03T23:37:28.428Z level=INFO msg=redelivery key=pf-s313-graded:3492 partition=2 offset=1702 suppressed=false
time=2026-09-03T23:37:28.448Z level=INFO msg=redelivery key=pf-s313-graded:3495 partition=2 offset=1703 suppressed=false
time=2026-09-03T23:37:28.469Z level=INFO msg=redelivery key=pf-s313-graded:3500 partition=2 offset=1704 suppressed=false
time=2026-09-03T23:37:28.488Z level=INFO msg=redelivery key=pf-s313-graded:3505 partition=2 offset=1705 suppressed=false
time=2026-09-03T23:37:28.508Z level=INFO msg=redelivery key=pf-s313-graded:3509 partition=2 offset=1706 suppressed=false
time=2026-09-03T23:37:28.529Z level=INFO msg=redelivery key=pf-s313-graded:3510 partition=2 offset=1707 suppressed=false
time=2026-09-03T23:37:28.548Z level=INFO msg=redelivery key=pf-s313-graded:3513 partition=2 offset=1708 suppressed=false
time=2026-09-03T23:37:28.569Z level=INFO msg=redelivery key=pf-s313-graded:3515 partition=2 offset=1709 suppressed=false
time=2026-09-03T23:37:28.588Z level=INFO msg=redelivery key=pf-s313-graded:3516 partition=2 offset=1710 suppressed=false
time=2026-09-03T23:37:28.608Z level=INFO msg=redelivery key=pf-s313-graded:3517 partition=2 offset=1711 suppressed=false
time=2026-09-03T23:37:28.628Z level=INFO msg=redelivery key=pf-s313-graded:3518 partition=2 offset=1712 suppressed=false
time=2026-09-03T23:37:28.648Z level=INFO msg=redelivery key=pf-s313-graded:3522 partition=2 offset=1713 suppressed=false
time=2026-09-03T23:37:28.669Z level=INFO msg=redelivery key=pf-s313-graded:3523 partition=2 offset=1714 suppressed=false
time=2026-09-03T23:37:28.688Z level=INFO msg=redelivery key=pf-s313-graded:3525 partition=2 offset=1715 suppressed=false
time=2026-09-03T23:37:28.709Z level=INFO msg=redelivery key=pf-s313-graded:3526 partition=2 offset=1716 suppressed=false
time=2026-09-03T23:37:28.728Z level=INFO msg=redelivery key=pf-s313-graded:3528 partition=2 offset=1717 suppressed=false
time=2026-09-03T23:37:28.749Z level=INFO msg=redelivery key=pf-s313-graded:3530 partition=2 offset=1718 suppressed=false
time=2026-09-03T23:37:28.768Z level=INFO msg=redelivery key=pf-s313-graded:3536 partition=2 offset=1719 suppressed=false
time=2026-09-03T23:37:28.789Z level=INFO msg=redelivery key=pf-s313-graded:3547 partition=2 offset=1720 suppressed=false
time=2026-09-03T23:37:28.808Z level=INFO msg=redelivery key=pf-s313-graded:3549 partition=2 offset=1721 suppressed=false
time=2026-09-03T23:37:28.828Z level=INFO msg=redelivery key=pf-s313-graded:3551 partition=2 offset=1722 suppressed=false
time=2026-09-03T23:37:28.849Z level=INFO msg=redelivery key=pf-s313-graded:3552 partition=2 offset=1723 suppressed=false
time=2026-09-03T23:37:28.869Z level=INFO msg=redelivery key=pf-s313-graded:3555 partition=2 offset=1724 suppressed=false
time=2026-09-03T23:37:28.888Z level=INFO msg=redelivery key=pf-s313-graded:3556 partition=2 offset=1725 suppressed=false
time=2026-09-03T23:37:28.908Z level=INFO msg=redelivery key=pf-s313-graded:3557 partition=2 offset=1726 suppressed=false
time=2026-09-03T23:37:28.929Z level=INFO msg=redelivery key=pf-s313-graded:3558 partition=2 offset=1727 suppressed=false
time=2026-09-03T23:37:28.929Z level=INFO msg="fault fired" key=pf-s313-graded:4185 partition=1 offset=1062 epoch=0
time=2026-09-03T23:37:28.929Z level=INFO msg="fault fired" key=pf-s313-graded:4752 partition=1 offset=1216 epoch=0
time=2026-09-03T23:37:28.929Z level=INFO msg="fault fired" key=pf-s313-graded:4803 partition=1 offset=1229 epoch=0
time=2026-09-03T23:37:28.929Z level=INFO msg="rewinding instead of committing" key=pf-s313-graded:4185 partition=1 offset=1062 epoch=0
time=2026-09-03T23:37:28.949Z level=INFO msg=redelivery key=pf-s313-graded:3559 partition=2 offset=1728 suppressed=false
time=2026-09-03T23:37:28.969Z level=INFO msg=redelivery key=pf-s313-graded:3562 partition=2 offset=1729 suppressed=false
time=2026-09-03T23:37:28.988Z level=INFO msg=redelivery key=pf-s313-graded:3569 partition=2 offset=1730 suppressed=false
time=2026-09-03T23:37:29.009Z level=INFO msg=redelivery key=pf-s313-graded:3571 partition=2 offset=1731 suppressed=false
time=2026-09-03T23:37:29.028Z level=INFO msg=redelivery key=pf-s313-graded:3572 partition=2 offset=1732 suppressed=false
time=2026-09-03T23:37:29.048Z level=INFO msg=redelivery key=pf-s313-graded:3573 partition=2 offset=1733 suppressed=false
time=2026-09-03T23:37:29.069Z level=INFO msg=redelivery key=pf-s313-graded:3574 partition=2 offset=1734 suppressed=false
time=2026-09-03T23:37:29.088Z level=INFO msg=redelivery key=pf-s313-graded:3579 partition=2 offset=1735 suppressed=false
time=2026-09-03T23:37:29.108Z level=INFO msg=redelivery key=pf-s313-graded:3580 partition=2 offset=1736 suppressed=false
time=2026-09-03T23:37:29.129Z level=INFO msg=redelivery key=pf-s313-graded:3582 partition=2 offset=1737 suppressed=false
time=2026-09-03T23:37:29.148Z level=INFO msg=redelivery key=pf-s313-graded:3583 partition=2 offset=1738 suppressed=false
time=2026-09-03T23:37:29.169Z level=INFO msg=redelivery key=pf-s313-graded:3584 partition=2 offset=1739 suppressed=false
time=2026-09-03T23:37:29.188Z level=INFO msg=redelivery key=pf-s313-graded:3585 partition=2 offset=1740 suppressed=false
time=2026-09-03T23:37:29.209Z level=INFO msg=redelivery key=pf-s313-graded:3586 partition=2 offset=1741 suppressed=false
time=2026-09-03T23:37:29.228Z level=INFO msg=redelivery key=pf-s313-graded:3588 partition=2 offset=1742 suppressed=false
time=2026-09-03T23:37:29.249Z level=INFO msg=redelivery key=pf-s313-graded:3589 partition=2 offset=1743 suppressed=false
time=2026-09-03T23:37:29.268Z level=INFO msg=redelivery key=pf-s313-graded:3592 partition=2 offset=1744 suppressed=false
time=2026-09-03T23:37:29.289Z level=INFO msg=redelivery key=pf-s313-graded:3594 partition=2 offset=1745 suppressed=false
time=2026-09-03T23:37:29.308Z level=INFO msg=redelivery key=pf-s313-graded:3595 partition=2 offset=1746 suppressed=false
time=2026-09-03T23:37:29.328Z level=INFO msg=redelivery key=pf-s313-graded:3599 partition=2 offset=1747 suppressed=false
time=2026-09-03T23:37:29.349Z level=INFO msg=redelivery key=pf-s313-graded:3601 partition=2 offset=1748 suppressed=false
time=2026-09-03T23:37:29.368Z level=INFO msg=redelivery key=pf-s313-graded:3606 partition=2 offset=1749 suppressed=false
time=2026-09-03T23:37:29.388Z level=INFO msg=redelivery key=pf-s313-graded:3608 partition=2 offset=1750 suppressed=false
time=2026-09-03T23:37:29.409Z level=INFO msg=redelivery key=pf-s313-graded:3609 partition=2 offset=1751 suppressed=false
time=2026-09-03T23:37:29.428Z level=INFO msg=redelivery key=pf-s313-graded:3610 partition=2 offset=1752 suppressed=false
time=2026-09-03T23:37:29.449Z level=INFO msg=redelivery key=pf-s313-graded:3611 partition=2 offset=1753 suppressed=false
time=2026-09-03T23:37:29.468Z level=INFO msg=redelivery key=pf-s313-graded:3612 partition=2 offset=1754 suppressed=false
time=2026-09-03T23:37:29.489Z level=INFO msg=redelivery key=pf-s313-graded:3613 partition=2 offset=1755 suppressed=false
time=2026-09-03T23:37:29.508Z level=INFO msg=redelivery key=pf-s313-graded:3614 partition=2 offset=1756 suppressed=false
time=2026-09-03T23:37:29.529Z level=INFO msg=redelivery key=pf-s313-graded:3615 partition=2 offset=1757 suppressed=false
time=2026-09-03T23:37:29.548Z level=INFO msg=redelivery key=pf-s313-graded:3618 partition=2 offset=1758 suppressed=false
time=2026-09-03T23:37:29.569Z level=INFO msg=redelivery key=pf-s313-graded:3620 partition=2 offset=1759 suppressed=false
time=2026-09-03T23:37:29.588Z level=INFO msg=redelivery key=pf-s313-graded:3621 partition=2 offset=1760 suppressed=false
time=2026-09-03T23:37:29.608Z level=INFO msg=redelivery key=pf-s313-graded:3622 partition=2 offset=1761 suppressed=false
time=2026-09-03T23:37:29.629Z level=INFO msg=redelivery key=pf-s313-graded:3623 partition=2 offset=1762 suppressed=false
time=2026-09-03T23:37:29.650Z level=INFO msg=redelivery key=pf-s313-graded:3626 partition=2 offset=1763 suppressed=false
time=2026-09-03T23:37:29.668Z level=INFO msg=redelivery key=pf-s313-graded:3627 partition=2 offset=1764 suppressed=false
time=2026-09-03T23:37:29.690Z level=INFO msg=redelivery key=pf-s313-graded:3629 partition=2 offset=1765 suppressed=false
time=2026-09-03T23:37:29.708Z level=INFO msg=redelivery key=pf-s313-graded:3630 partition=2 offset=1766 suppressed=false
time=2026-09-03T23:37:29.728Z level=INFO msg=redelivery key=pf-s313-graded:3631 partition=2 offset=1767 suppressed=false
time=2026-09-03T23:37:29.748Z level=INFO msg=redelivery key=pf-s313-graded:3632 partition=2 offset=1768 suppressed=false
time=2026-09-03T23:37:29.769Z level=INFO msg=redelivery key=pf-s313-graded:3633 partition=2 offset=1769 suppressed=false
time=2026-09-03T23:37:29.788Z level=INFO msg=redelivery key=pf-s313-graded:3634 partition=2 offset=1770 suppressed=false
time=2026-09-03T23:37:29.808Z level=INFO msg=redelivery key=pf-s313-graded:3636 partition=2 offset=1771 suppressed=false
time=2026-09-03T23:37:29.829Z level=INFO msg=redelivery key=pf-s313-graded:3637 partition=2 offset=1772 suppressed=false
time=2026-09-03T23:37:29.848Z level=INFO msg=redelivery key=pf-s313-graded:3638 partition=2 offset=1773 suppressed=false
time=2026-09-03T23:37:29.869Z level=INFO msg=redelivery key=pf-s313-graded:3639 partition=2 offset=1774 suppressed=false
time=2026-09-03T23:37:29.888Z level=INFO msg=redelivery key=pf-s313-graded:3640 partition=2 offset=1775 suppressed=false
time=2026-09-03T23:37:29.909Z level=INFO msg=redelivery key=pf-s313-graded:3642 partition=2 offset=1776 suppressed=false
time=2026-09-03T23:37:29.928Z level=INFO msg=redelivery key=pf-s313-graded:3643 partition=2 offset=1777 suppressed=false
time=2026-09-03T23:37:29.948Z level=INFO msg=redelivery key=pf-s313-graded:3651 partition=2 offset=1778 suppressed=false
time=2026-09-03T23:37:29.969Z level=INFO msg=redelivery key=pf-s313-graded:3652 partition=2 offset=1779 suppressed=false
time=2026-09-03T23:37:29.988Z level=INFO msg=redelivery key=pf-s313-graded:3653 partition=2 offset=1780 suppressed=false
time=2026-09-03T23:37:30.008Z level=INFO msg=redelivery key=pf-s313-graded:3654 partition=2 offset=1781 suppressed=false
time=2026-09-03T23:37:30.029Z level=INFO msg=redelivery key=pf-s313-graded:3657 partition=2 offset=1782 suppressed=false
time=2026-09-03T23:37:30.048Z level=INFO msg=redelivery key=pf-s313-graded:3658 partition=2 offset=1783 suppressed=false
time=2026-09-03T23:37:30.069Z level=INFO msg=redelivery key=pf-s313-graded:3659 partition=2 offset=1784 suppressed=false
time=2026-09-03T23:37:30.088Z level=INFO msg=redelivery key=pf-s313-graded:3661 partition=2 offset=1785 suppressed=false
time=2026-09-03T23:37:30.109Z level=INFO msg=redelivery key=pf-s313-graded:3662 partition=2 offset=1786 suppressed=false
time=2026-09-03T23:37:30.128Z level=INFO msg=redelivery key=pf-s313-graded:3663 partition=2 offset=1787 suppressed=false
time=2026-09-03T23:37:30.149Z level=INFO msg=redelivery key=pf-s313-graded:3669 partition=2 offset=1788 suppressed=false
time=2026-09-03T23:37:30.168Z level=INFO msg=redelivery key=pf-s313-graded:3671 partition=2 offset=1789 suppressed=false
time=2026-09-03T23:37:30.188Z level=INFO msg=redelivery key=pf-s313-graded:3672 partition=2 offset=1790 suppressed=false
time=2026-09-03T23:37:30.210Z level=INFO msg=redelivery key=pf-s313-graded:3674 partition=2 offset=1791 suppressed=false
time=2026-09-03T23:37:30.228Z level=INFO msg=redelivery key=pf-s313-graded:3675 partition=2 offset=1792 suppressed=false
time=2026-09-03T23:37:30.248Z level=INFO msg=redelivery key=pf-s313-graded:3676 partition=2 offset=1793 suppressed=false
time=2026-09-03T23:37:30.268Z level=INFO msg=redelivery key=pf-s313-graded:3677 partition=2 offset=1794 suppressed=false
time=2026-09-03T23:37:30.289Z level=INFO msg=redelivery key=pf-s313-graded:3678 partition=2 offset=1795 suppressed=false
time=2026-09-03T23:37:30.308Z level=INFO msg=redelivery key=pf-s313-graded:3679 partition=2 offset=1796 suppressed=false
time=2026-09-03T23:37:30.330Z level=INFO msg=redelivery key=pf-s313-graded:3680 partition=2 offset=1797 suppressed=false
time=2026-09-03T23:37:30.349Z level=INFO msg=redelivery key=pf-s313-graded:3681 partition=2 offset=1798 suppressed=false
time=2026-09-03T23:37:30.369Z level=INFO msg=redelivery key=pf-s313-graded:3683 partition=2 offset=1799 suppressed=false
time=2026-09-03T23:37:30.390Z level=INFO msg=redelivery key=pf-s313-graded:3685 partition=2 offset=1800 suppressed=false
time=2026-09-03T23:37:30.408Z level=INFO msg=redelivery key=pf-s313-graded:3686 partition=2 offset=1801 suppressed=false
time=2026-09-03T23:37:30.429Z level=INFO msg=redelivery key=pf-s313-graded:3688 partition=2 offset=1802 suppressed=false
time=2026-09-03T23:37:30.448Z level=INFO msg=redelivery key=pf-s313-graded:3690 partition=2 offset=1803 suppressed=false
time=2026-09-03T23:37:30.469Z level=INFO msg=redelivery key=pf-s313-graded:3692 partition=2 offset=1804 suppressed=false
time=2026-09-03T23:37:30.489Z level=INFO msg=redelivery key=pf-s313-graded:3694 partition=2 offset=1805 suppressed=false
time=2026-09-03T23:37:30.509Z level=INFO msg=redelivery key=pf-s313-graded:3695 partition=2 offset=1806 suppressed=false
time=2026-09-03T23:37:30.528Z level=INFO msg=redelivery key=pf-s313-graded:3697 partition=2 offset=1807 suppressed=false
time=2026-09-03T23:37:30.549Z level=INFO msg=redelivery key=pf-s313-graded:3699 partition=2 offset=1808 suppressed=false
time=2026-09-03T23:37:30.568Z level=INFO msg=redelivery key=pf-s313-graded:3700 partition=2 offset=1809 suppressed=false
time=2026-09-03T23:37:30.589Z level=INFO msg=redelivery key=pf-s313-graded:3702 partition=2 offset=1810 suppressed=false
time=2026-09-03T23:37:30.608Z level=INFO msg=redelivery key=pf-s313-graded:3706 partition=2 offset=1811 suppressed=false
time=2026-09-03T23:37:30.629Z level=INFO msg=redelivery key=pf-s313-graded:3708 partition=2 offset=1812 suppressed=false
time=2026-09-03T23:37:30.649Z level=INFO msg=redelivery key=pf-s313-graded:3710 partition=2 offset=1813 suppressed=false
time=2026-09-03T23:37:30.668Z level=INFO msg=redelivery key=pf-s313-graded:3714 partition=2 offset=1814 suppressed=false
time=2026-09-03T23:37:30.689Z level=INFO msg=redelivery key=pf-s313-graded:3717 partition=2 offset=1815 suppressed=false
time=2026-09-03T23:37:30.708Z level=INFO msg=redelivery key=pf-s313-graded:3721 partition=2 offset=1816 suppressed=false
time=2026-09-03T23:37:30.729Z level=INFO msg=redelivery key=pf-s313-graded:3722 partition=2 offset=1817 suppressed=false
time=2026-09-03T23:37:30.748Z level=INFO msg=redelivery key=pf-s313-graded:3724 partition=2 offset=1818 suppressed=false
time=2026-09-03T23:37:30.769Z level=INFO msg=redelivery key=pf-s313-graded:3727 partition=2 offset=1819 suppressed=false
time=2026-09-03T23:37:30.789Z level=INFO msg=redelivery key=pf-s313-graded:3729 partition=2 offset=1820 suppressed=false
time=2026-09-03T23:37:30.809Z level=INFO msg=redelivery key=pf-s313-graded:3730 partition=2 offset=1821 suppressed=false
time=2026-09-03T23:37:30.828Z level=INFO msg=redelivery key=pf-s313-graded:3731 partition=2 offset=1822 suppressed=false
time=2026-09-03T23:37:30.849Z level=INFO msg=redelivery key=pf-s313-graded:3733 partition=2 offset=1823 suppressed=false
time=2026-09-03T23:37:30.868Z level=INFO msg=redelivery key=pf-s313-graded:3734 partition=2 offset=1824 suppressed=false
time=2026-09-03T23:37:30.889Z level=INFO msg=redelivery key=pf-s313-graded:3738 partition=2 offset=1825 suppressed=false
time=2026-09-03T23:37:30.908Z level=INFO msg=redelivery key=pf-s313-graded:3739 partition=2 offset=1826 suppressed=false
time=2026-09-03T23:37:30.929Z level=INFO msg=redelivery key=pf-s313-graded:3740 partition=2 offset=1827 suppressed=false
time=2026-09-03T23:37:30.948Z level=INFO msg=redelivery key=pf-s313-graded:3742 partition=2 offset=1828 suppressed=false
time=2026-09-03T23:37:30.969Z level=INFO msg=redelivery key=pf-s313-graded:3743 partition=2 offset=1829 suppressed=false
time=2026-09-03T23:37:30.988Z level=INFO msg=redelivery key=pf-s313-graded:3746 partition=2 offset=1830 suppressed=false
time=2026-09-03T23:37:31.009Z level=INFO msg=redelivery key=pf-s313-graded:3749 partition=2 offset=1831 suppressed=false
time=2026-09-03T23:37:31.028Z level=INFO msg=redelivery key=pf-s313-graded:3750 partition=2 offset=1832 suppressed=false
time=2026-09-03T23:37:31.048Z level=INFO msg=redelivery key=pf-s313-graded:3751 partition=2 offset=1833 suppressed=false
time=2026-09-03T23:37:31.069Z level=INFO msg=redelivery key=pf-s313-graded:3752 partition=2 offset=1834 suppressed=false
time=2026-09-03T23:37:31.088Z level=INFO msg=redelivery key=pf-s313-graded:3755 partition=2 offset=1835 suppressed=false
time=2026-09-03T23:37:31.108Z level=INFO msg=redelivery key=pf-s313-graded:3757 partition=2 offset=1836 suppressed=false
time=2026-09-03T23:37:31.129Z level=INFO msg=redelivery key=pf-s313-graded:3758 partition=2 offset=1837 suppressed=false
time=2026-09-03T23:37:31.148Z level=INFO msg=redelivery key=pf-s313-graded:3759 partition=2 offset=1838 suppressed=false
time=2026-09-03T23:37:31.169Z level=INFO msg=redelivery key=pf-s313-graded:3765 partition=2 offset=1839 suppressed=false
time=2026-09-03T23:37:31.188Z level=INFO msg=redelivery key=pf-s313-graded:3766 partition=2 offset=1840 suppressed=false
time=2026-09-03T23:37:31.209Z level=INFO msg=redelivery key=pf-s313-graded:3770 partition=2 offset=1841 suppressed=false
time=2026-09-03T23:37:31.228Z level=INFO msg=redelivery key=pf-s313-graded:3771 partition=2 offset=1842 suppressed=false
time=2026-09-03T23:37:31.249Z level=INFO msg=redelivery key=pf-s313-graded:3773 partition=2 offset=1843 suppressed=false
time=2026-09-03T23:37:31.268Z level=INFO msg=redelivery key=pf-s313-graded:3774 partition=2 offset=1844 suppressed=false
time=2026-09-03T23:37:31.288Z level=INFO msg=redelivery key=pf-s313-graded:3776 partition=2 offset=1845 suppressed=false
time=2026-09-03T23:37:31.309Z level=INFO msg=redelivery key=pf-s313-graded:3778 partition=2 offset=1846 suppressed=false
time=2026-09-03T23:37:31.328Z level=INFO msg=redelivery key=pf-s313-graded:3782 partition=2 offset=1847 suppressed=false
time=2026-09-03T23:37:31.349Z level=INFO msg=redelivery key=pf-s313-graded:3785 partition=2 offset=1848 suppressed=false
time=2026-09-03T23:37:31.370Z level=INFO msg=redelivery key=pf-s313-graded:3786 partition=2 offset=1849 suppressed=false
time=2026-09-03T23:37:31.389Z level=INFO msg=redelivery key=pf-s313-graded:3791 partition=2 offset=1850 suppressed=false
time=2026-09-03T23:37:31.408Z level=INFO msg=redelivery key=pf-s313-graded:3793 partition=2 offset=1851 suppressed=false
time=2026-09-03T23:37:31.429Z level=INFO msg=redelivery key=pf-s313-graded:3796 partition=2 offset=1852 suppressed=false
time=2026-09-03T23:37:31.448Z level=INFO msg=redelivery key=pf-s313-graded:3797 partition=2 offset=1853 suppressed=false
time=2026-09-03T23:37:31.469Z level=INFO msg=redelivery key=pf-s313-graded:3799 partition=2 offset=1854 suppressed=false
time=2026-09-03T23:37:31.488Z level=INFO msg=redelivery key=pf-s313-graded:3800 partition=2 offset=1855 suppressed=false
time=2026-09-03T23:37:31.509Z level=INFO msg=redelivery key=pf-s313-graded:3801 partition=2 offset=1856 suppressed=false
time=2026-09-03T23:37:31.530Z level=INFO msg=redelivery key=pf-s313-graded:3808 partition=2 offset=1857 suppressed=false
time=2026-09-03T23:37:31.548Z level=INFO msg=redelivery key=pf-s313-graded:3809 partition=2 offset=1858 suppressed=false
time=2026-09-03T23:37:31.569Z level=INFO msg=redelivery key=pf-s313-graded:3810 partition=2 offset=1859 suppressed=false
time=2026-09-03T23:37:31.588Z level=INFO msg=redelivery key=pf-s313-graded:3811 partition=2 offset=1860 suppressed=false
time=2026-09-03T23:37:31.609Z level=INFO msg=redelivery key=pf-s313-graded:3812 partition=2 offset=1861 suppressed=false
time=2026-09-03T23:37:31.628Z level=INFO msg=redelivery key=pf-s313-graded:3814 partition=2 offset=1862 suppressed=false
time=2026-09-03T23:37:31.649Z level=INFO msg=redelivery key=pf-s313-graded:3818 partition=2 offset=1863 suppressed=false
time=2026-09-03T23:37:31.668Z level=INFO msg=redelivery key=pf-s313-graded:3819 partition=2 offset=1864 suppressed=false
time=2026-09-03T23:37:31.689Z level=INFO msg=redelivery key=pf-s313-graded:3820 partition=2 offset=1865 suppressed=false
time=2026-09-03T23:37:31.708Z level=INFO msg=redelivery key=pf-s313-graded:3821 partition=2 offset=1866 suppressed=false
time=2026-09-03T23:37:31.729Z level=INFO msg=redelivery key=pf-s313-graded:3824 partition=2 offset=1867 suppressed=false
time=2026-09-03T23:37:31.748Z level=INFO msg=redelivery key=pf-s313-graded:3826 partition=2 offset=1868 suppressed=false
time=2026-09-03T23:37:31.768Z level=INFO msg=redelivery key=pf-s313-graded:3827 partition=2 offset=1869 suppressed=false
time=2026-09-03T23:37:31.788Z level=INFO msg=redelivery key=pf-s313-graded:3828 partition=2 offset=1870 suppressed=false
time=2026-09-03T23:37:31.808Z level=INFO msg=redelivery key=pf-s313-graded:3829 partition=2 offset=1871 suppressed=false
time=2026-09-03T23:37:31.828Z level=INFO msg=redelivery key=pf-s313-graded:3830 partition=2 offset=1872 suppressed=false
time=2026-09-03T23:37:31.848Z level=INFO msg=redelivery key=pf-s313-graded:3831 partition=2 offset=1873 suppressed=false
time=2026-09-03T23:37:31.872Z level=INFO msg=redelivery key=pf-s313-graded:3832 partition=2 offset=1874 suppressed=false
time=2026-09-03T23:37:31.897Z level=INFO msg=redelivery key=pf-s313-graded:3833 partition=2 offset=1875 suppressed=false
time=2026-09-03T23:37:31.916Z level=INFO msg=redelivery key=pf-s313-graded:3834 partition=2 offset=1876 suppressed=false
time=2026-09-03T23:37:31.928Z level=INFO msg=redelivery key=pf-s313-graded:3835 partition=2 offset=1877 suppressed=false
time=2026-09-03T23:37:31.953Z level=INFO msg=redelivery key=pf-s313-graded:3837 partition=2 offset=1878 suppressed=false
time=2026-09-03T23:37:31.969Z level=INFO msg=redelivery key=pf-s313-graded:3839 partition=2 offset=1879 suppressed=false
time=2026-09-03T23:37:31.988Z level=INFO msg=redelivery key=pf-s313-graded:3842 partition=2 offset=1880 suppressed=false
time=2026-09-03T23:37:32.010Z level=INFO msg=redelivery key=pf-s313-graded:3843 partition=2 offset=1881 suppressed=false
time=2026-09-03T23:37:32.028Z level=INFO msg=redelivery key=pf-s313-graded:3844 partition=2 offset=1882 suppressed=false
time=2026-09-03T23:37:32.049Z level=INFO msg=redelivery key=pf-s313-graded:3846 partition=2 offset=1883 suppressed=false
time=2026-09-03T23:37:32.068Z level=INFO msg=redelivery key=pf-s313-graded:3847 partition=2 offset=1884 suppressed=false
time=2026-09-03T23:37:32.088Z level=INFO msg=redelivery key=pf-s313-graded:3849 partition=2 offset=1885 suppressed=false
time=2026-09-03T23:37:32.109Z level=INFO msg=redelivery key=pf-s313-graded:3850 partition=2 offset=1886 suppressed=false
time=2026-09-03T23:37:32.129Z level=INFO msg=redelivery key=pf-s313-graded:3851 partition=2 offset=1887 suppressed=false
time=2026-09-03T23:37:32.148Z level=INFO msg=redelivery key=pf-s313-graded:3856 partition=2 offset=1888 suppressed=false
time=2026-09-03T23:37:38.929Z level=INFO msg="fault fired" key=pf-s313-graded:3876 partition=2 offset=1899 epoch=0
time=2026-09-03T23:37:38.930Z level=INFO msg="fault fired" key=pf-s313-graded:4206 partition=2 offset=2062 epoch=0
time=2026-09-03T23:37:38.931Z level=INFO msg="fault fired" key=pf-s313-graded:4238 partition=2 offset=2073 epoch=0
time=2026-09-03T23:37:38.931Z level=INFO msg="fault fired" key=pf-s313-graded:4389 partition=2 offset=2149 epoch=0
time=2026-09-03T23:37:38.931Z level=INFO msg="rewinding instead of committing" key=pf-s313-graded:3876 partition=2 offset=1899 epoch=0
time=2026-09-03T23:37:38.949Z level=INFO msg=redelivery key=pf-s313-graded:3374 partition=0 offset=874 suppressed=false
time=2026-09-03T23:37:38.970Z level=INFO msg=redelivery key=pf-s313-graded:3376 partition=0 offset=875 suppressed=false
time=2026-09-03T23:37:38.989Z level=INFO msg=redelivery key=pf-s313-graded:3377 partition=0 offset=876 suppressed=false
time=2026-09-03T23:37:39.009Z level=INFO msg=redelivery key=pf-s313-graded:3383 partition=0 offset=877 suppressed=false
time=2026-09-03T23:37:39.028Z level=INFO msg=redelivery key=pf-s313-graded:3385 partition=0 offset=878 suppressed=false
time=2026-09-03T23:37:39.049Z level=INFO msg=redelivery key=pf-s313-graded:3386 partition=0 offset=879 suppressed=false
time=2026-09-03T23:37:39.068Z level=INFO msg=redelivery key=pf-s313-graded:3387 partition=0 offset=880 suppressed=false
time=2026-09-03T23:37:39.088Z level=INFO msg=redelivery key=pf-s313-graded:3388 partition=0 offset=881 suppressed=false
time=2026-09-03T23:37:39.109Z level=INFO msg=redelivery key=pf-s313-graded:3390 partition=0 offset=882 suppressed=false
time=2026-09-03T23:37:39.128Z level=INFO msg=redelivery key=pf-s313-graded:3391 partition=0 offset=883 suppressed=false
time=2026-09-03T23:37:39.149Z level=INFO msg=redelivery key=pf-s313-graded:3394 partition=0 offset=884 suppressed=false
time=2026-09-03T23:37:39.168Z level=INFO msg=redelivery key=pf-s313-graded:3395 partition=0 offset=885 suppressed=false
time=2026-09-03T23:37:39.188Z level=INFO msg=redelivery key=pf-s313-graded:3399 partition=0 offset=886 suppressed=false
time=2026-09-03T23:37:39.208Z level=INFO msg=redelivery key=pf-s313-graded:3404 partition=0 offset=887 suppressed=false
time=2026-09-03T23:37:39.229Z level=INFO msg=redelivery key=pf-s313-graded:3407 partition=0 offset=888 suppressed=false
time=2026-09-03T23:37:39.248Z level=INFO msg=redelivery key=pf-s313-graded:3409 partition=0 offset=889 suppressed=false
time=2026-09-03T23:37:39.268Z level=INFO msg=redelivery key=pf-s313-graded:3414 partition=0 offset=890 suppressed=false
time=2026-09-03T23:37:39.289Z level=INFO msg=redelivery key=pf-s313-graded:3415 partition=0 offset=891 suppressed=false
time=2026-09-03T23:37:39.308Z level=INFO msg=redelivery key=pf-s313-graded:3418 partition=0 offset=892 suppressed=false
time=2026-09-03T23:37:39.329Z level=INFO msg=redelivery key=pf-s313-graded:3426 partition=0 offset=893 suppressed=false
time=2026-09-03T23:37:39.348Z level=INFO msg=redelivery key=pf-s313-graded:3430 partition=0 offset=894 suppressed=false
time=2026-09-03T23:37:39.369Z level=INFO msg=redelivery key=pf-s313-graded:3431 partition=0 offset=895 suppressed=false
time=2026-09-03T23:37:39.388Z level=INFO msg=redelivery key=pf-s313-graded:3437 partition=0 offset=896 suppressed=false
time=2026-09-03T23:37:39.410Z level=INFO msg=redelivery key=pf-s313-graded:3438 partition=0 offset=897 suppressed=false
time=2026-09-03T23:37:39.428Z level=INFO msg=redelivery key=pf-s313-graded:3442 partition=0 offset=898 suppressed=false
time=2026-09-03T23:37:39.448Z level=INFO msg=redelivery key=pf-s313-graded:3451 partition=0 offset=899 suppressed=false
time=2026-09-03T23:37:39.469Z level=INFO msg=redelivery key=pf-s313-graded:3452 partition=0 offset=900 suppressed=false
time=2026-09-03T23:37:39.488Z level=INFO msg=redelivery key=pf-s313-graded:3458 partition=0 offset=901 suppressed=false
time=2026-09-03T23:37:39.509Z level=INFO msg=redelivery key=pf-s313-graded:3466 partition=0 offset=902 suppressed=false
time=2026-09-03T23:37:39.528Z level=INFO msg=redelivery key=pf-s313-graded:3471 partition=0 offset=903 suppressed=false
time=2026-09-03T23:37:39.549Z level=INFO msg=redelivery key=pf-s313-graded:3474 partition=0 offset=904 suppressed=false
time=2026-09-03T23:37:39.568Z level=INFO msg=redelivery key=pf-s313-graded:3475 partition=0 offset=905 suppressed=false
time=2026-09-03T23:37:39.589Z level=INFO msg=redelivery key=pf-s313-graded:3477 partition=0 offset=906 suppressed=false
time=2026-09-03T23:37:39.608Z level=INFO msg=redelivery key=pf-s313-graded:3478 partition=0 offset=907 suppressed=false
time=2026-09-03T23:37:39.629Z level=INFO msg=redelivery key=pf-s313-graded:3484 partition=0 offset=908 suppressed=false
time=2026-09-03T23:37:39.648Z level=INFO msg=redelivery key=pf-s313-graded:3490 partition=0 offset=909 suppressed=false
time=2026-09-03T23:37:39.668Z level=INFO msg=redelivery key=pf-s313-graded:3494 partition=0 offset=910 suppressed=false
time=2026-09-03T23:37:39.689Z level=INFO msg=redelivery key=pf-s313-graded:3496 partition=0 offset=911 suppressed=false
time=2026-09-03T23:37:39.708Z level=INFO msg=redelivery key=pf-s313-graded:3497 partition=0 offset=912 suppressed=false
time=2026-09-03T23:37:39.729Z level=INFO msg=redelivery key=pf-s313-graded:3498 partition=0 offset=913 suppressed=false
time=2026-09-03T23:37:39.748Z level=INFO msg=redelivery key=pf-s313-graded:3499 partition=0 offset=914 suppressed=false
time=2026-09-03T23:37:39.768Z level=INFO msg=redelivery key=pf-s313-graded:3502 partition=0 offset=915 suppressed=false
time=2026-09-03T23:37:39.789Z level=INFO msg=redelivery key=pf-s313-graded:3503 partition=0 offset=916 suppressed=false
time=2026-09-03T23:37:39.810Z level=INFO msg=redelivery key=pf-s313-graded:3506 partition=0 offset=917 suppressed=false
time=2026-09-03T23:37:39.829Z level=INFO msg=redelivery key=pf-s313-graded:3512 partition=0 offset=918 suppressed=false
time=2026-09-03T23:37:39.849Z level=INFO msg=redelivery key=pf-s313-graded:3519 partition=0 offset=919 suppressed=false
time=2026-09-03T23:37:39.868Z level=INFO msg=redelivery key=pf-s313-graded:3524 partition=0 offset=920 suppressed=false
time=2026-09-03T23:37:39.888Z level=INFO msg=redelivery key=pf-s313-graded:3527 partition=0 offset=921 suppressed=false
time=2026-09-03T23:37:39.908Z level=INFO msg=redelivery key=pf-s313-graded:3532 partition=0 offset=922 suppressed=false
time=2026-09-03T23:37:39.930Z level=INFO msg=redelivery key=pf-s313-graded:3537 partition=0 offset=923 suppressed=false
time=2026-09-03T23:37:39.948Z level=INFO msg=redelivery key=pf-s313-graded:3539 partition=0 offset=924 suppressed=false
time=2026-09-03T23:37:39.969Z level=INFO msg=redelivery key=pf-s313-graded:3541 partition=0 offset=925 suppressed=false
time=2026-09-03T23:37:39.989Z level=INFO msg=redelivery key=pf-s313-graded:3542 partition=0 offset=926 suppressed=false
time=2026-09-03T23:37:40.009Z level=INFO msg=redelivery key=pf-s313-graded:3543 partition=0 offset=927 suppressed=false
time=2026-09-03T23:37:40.029Z level=INFO msg=redelivery key=pf-s313-graded:3545 partition=0 offset=928 suppressed=false
time=2026-09-03T23:37:40.048Z level=INFO msg=redelivery key=pf-s313-graded:3546 partition=0 offset=929 suppressed=false
time=2026-09-03T23:37:40.069Z level=INFO msg=redelivery key=pf-s313-graded:3548 partition=0 offset=930 suppressed=false
time=2026-09-03T23:37:40.089Z level=INFO msg=redelivery key=pf-s313-graded:3554 partition=0 offset=931 suppressed=false
time=2026-09-03T23:37:40.108Z level=INFO msg=redelivery key=pf-s313-graded:3561 partition=0 offset=932 suppressed=false
time=2026-09-03T23:37:40.129Z level=INFO msg=redelivery key=pf-s313-graded:3563 partition=0 offset=933 suppressed=false
time=2026-09-03T23:37:40.148Z level=INFO msg=redelivery key=pf-s313-graded:3567 partition=0 offset=934 suppressed=false
time=2026-09-03T23:37:40.169Z level=INFO msg=redelivery key=pf-s313-graded:3568 partition=0 offset=935 suppressed=false
time=2026-09-03T23:37:40.189Z level=INFO msg=redelivery key=pf-s313-graded:3581 partition=0 offset=936 suppressed=false
time=2026-09-03T23:37:40.209Z level=INFO msg=redelivery key=pf-s313-graded:3596 partition=0 offset=937 suppressed=false
time=2026-09-03T23:37:40.229Z level=INFO msg=redelivery key=pf-s313-graded:3597 partition=0 offset=938 suppressed=false
time=2026-09-03T23:37:40.248Z level=INFO msg=redelivery key=pf-s313-graded:3600 partition=0 offset=939 suppressed=false
time=2026-09-03T23:37:40.269Z level=INFO msg=redelivery key=pf-s313-graded:3602 partition=0 offset=940 suppressed=false
time=2026-09-03T23:37:40.288Z level=INFO msg=redelivery key=pf-s313-graded:3607 partition=0 offset=941 suppressed=false
time=2026-09-03T23:37:40.309Z level=INFO msg=redelivery key=pf-s313-graded:3617 partition=0 offset=942 suppressed=false
time=2026-09-03T23:37:40.329Z level=INFO msg=redelivery key=pf-s313-graded:3619 partition=0 offset=943 suppressed=false
time=2026-09-03T23:37:40.348Z level=INFO msg=redelivery key=pf-s313-graded:3624 partition=0 offset=944 suppressed=false
time=2026-09-03T23:37:40.369Z level=INFO msg=redelivery key=pf-s313-graded:3625 partition=0 offset=945 suppressed=false
time=2026-09-03T23:37:40.388Z level=INFO msg=redelivery key=pf-s313-graded:3628 partition=0 offset=946 suppressed=false
time=2026-09-03T23:37:40.409Z level=INFO msg=redelivery key=pf-s313-graded:3635 partition=0 offset=947 suppressed=false
time=2026-09-03T23:37:40.429Z level=INFO msg=redelivery key=pf-s313-graded:3641 partition=0 offset=948 suppressed=false
time=2026-09-03T23:37:40.448Z level=INFO msg=redelivery key=pf-s313-graded:3644 partition=0 offset=949 suppressed=false
time=2026-09-03T23:37:40.469Z level=INFO msg=redelivery key=pf-s313-graded:3646 partition=0 offset=950 suppressed=false
time=2026-09-03T23:37:40.488Z level=INFO msg=redelivery key=pf-s313-graded:3647 partition=0 offset=951 suppressed=false
time=2026-09-03T23:37:40.510Z level=INFO msg=redelivery key=pf-s313-graded:3648 partition=0 offset=952 suppressed=false
time=2026-09-03T23:37:40.528Z level=INFO msg=redelivery key=pf-s313-graded:3650 partition=0 offset=953 suppressed=false
time=2026-09-03T23:37:40.549Z level=INFO msg=redelivery key=pf-s313-graded:3655 partition=0 offset=954 suppressed=false
time=2026-09-03T23:37:40.568Z level=INFO msg=redelivery key=pf-s313-graded:3664 partition=0 offset=955 suppressed=false
time=2026-09-03T23:37:40.590Z level=INFO msg=redelivery key=pf-s313-graded:3665 partition=0 offset=956 suppressed=false
time=2026-09-03T23:37:40.609Z level=INFO msg=redelivery key=pf-s313-graded:3668 partition=0 offset=957 suppressed=false
time=2026-09-03T23:37:40.628Z level=INFO msg=redelivery key=pf-s313-graded:3670 partition=0 offset=958 suppressed=false
time=2026-09-03T23:37:40.649Z level=INFO msg=redelivery key=pf-s313-graded:3684 partition=0 offset=959 suppressed=false
time=2026-09-03T23:37:40.669Z level=INFO msg=redelivery key=pf-s313-graded:3687 partition=0 offset=960 suppressed=false
time=2026-09-03T23:37:40.690Z level=INFO msg=redelivery key=pf-s313-graded:3691 partition=0 offset=961 suppressed=false
time=2026-09-03T23:37:40.709Z level=INFO msg=redelivery key=pf-s313-graded:3693 partition=0 offset=962 suppressed=false
time=2026-09-03T23:37:40.729Z level=INFO msg=redelivery key=pf-s313-graded:3703 partition=0 offset=963 suppressed=false
time=2026-09-03T23:37:40.750Z level=INFO msg=redelivery key=pf-s313-graded:3705 partition=0 offset=964 suppressed=false
time=2026-09-03T23:37:40.769Z level=INFO msg=redelivery key=pf-s313-graded:3707 partition=0 offset=965 suppressed=false
time=2026-09-03T23:37:40.790Z level=INFO msg=redelivery key=pf-s313-graded:3711 partition=0 offset=966 suppressed=false
time=2026-09-03T23:37:40.808Z level=INFO msg=redelivery key=pf-s313-graded:3713 partition=0 offset=967 suppressed=false
time=2026-09-03T23:37:40.829Z level=INFO msg=redelivery key=pf-s313-graded:3716 partition=0 offset=968 suppressed=false
time=2026-09-03T23:37:40.849Z level=INFO msg=redelivery key=pf-s313-graded:3718 partition=0 offset=969 suppressed=false
time=2026-09-03T23:37:40.869Z level=INFO msg=redelivery key=pf-s313-graded:3720 partition=0 offset=970 suppressed=false
time=2026-09-03T23:37:40.888Z level=INFO msg=redelivery key=pf-s313-graded:3725 partition=0 offset=971 suppressed=false
time=2026-09-03T23:37:40.909Z level=INFO msg=redelivery key=pf-s313-graded:3735 partition=0 offset=972 suppressed=false
time=2026-09-03T23:37:40.928Z level=INFO msg=redelivery key=pf-s313-graded:3736 partition=0 offset=973 suppressed=false
time=2026-09-03T23:37:40.949Z level=INFO msg=redelivery key=pf-s313-graded:3737 partition=0 offset=974 suppressed=false
time=2026-09-03T23:37:40.968Z level=INFO msg=redelivery key=pf-s313-graded:3741 partition=0 offset=975 suppressed=false
time=2026-09-03T23:37:40.989Z level=INFO msg=redelivery key=pf-s313-graded:3744 partition=0 offset=976 suppressed=false
time=2026-09-03T23:37:41.008Z level=INFO msg=redelivery key=pf-s313-graded:3745 partition=0 offset=977 suppressed=false
time=2026-09-03T23:37:41.029Z level=INFO msg=redelivery key=pf-s313-graded:3753 partition=0 offset=978 suppressed=false
time=2026-09-03T23:37:41.048Z level=INFO msg=redelivery key=pf-s313-graded:3754 partition=0 offset=979 suppressed=false
time=2026-09-03T23:37:41.069Z level=INFO msg=redelivery key=pf-s313-graded:3760 partition=0 offset=980 suppressed=false
time=2026-09-03T23:37:41.089Z level=INFO msg=redelivery key=pf-s313-graded:3761 partition=0 offset=981 suppressed=false
time=2026-09-03T23:37:41.108Z level=INFO msg=redelivery key=pf-s313-graded:3764 partition=0 offset=982 suppressed=false
time=2026-09-03T23:37:41.128Z level=INFO msg=redelivery key=pf-s313-graded:3767 partition=0 offset=983 suppressed=false
time=2026-09-03T23:37:41.149Z level=INFO msg=redelivery key=pf-s313-graded:3768 partition=0 offset=984 suppressed=false
time=2026-09-03T23:37:41.168Z level=INFO msg=redelivery key=pf-s313-graded:3769 partition=0 offset=985 suppressed=false
time=2026-09-03T23:37:41.189Z level=INFO msg=redelivery key=pf-s313-graded:3772 partition=0 offset=986 suppressed=false
time=2026-09-03T23:37:41.208Z level=INFO msg=redelivery key=pf-s313-graded:3780 partition=0 offset=987 suppressed=false
time=2026-09-03T23:37:41.229Z level=INFO msg=redelivery key=pf-s313-graded:3781 partition=0 offset=988 suppressed=false
time=2026-09-03T23:37:41.248Z level=INFO msg=redelivery key=pf-s313-graded:3783 partition=0 offset=989 suppressed=false
time=2026-09-03T23:37:41.269Z level=INFO msg=redelivery key=pf-s313-graded:3788 partition=0 offset=990 suppressed=false
time=2026-09-03T23:37:41.290Z level=INFO msg=redelivery key=pf-s313-graded:3794 partition=0 offset=991 suppressed=false
time=2026-09-03T23:37:41.308Z level=INFO msg=redelivery key=pf-s313-graded:3802 partition=0 offset=992 suppressed=false
time=2026-09-03T23:37:41.329Z level=INFO msg=redelivery key=pf-s313-graded:3804 partition=0 offset=993 suppressed=false
time=2026-09-03T23:37:41.348Z level=INFO msg=redelivery key=pf-s313-graded:3805 partition=0 offset=994 suppressed=false
time=2026-09-03T23:37:41.369Z level=INFO msg=redelivery key=pf-s313-graded:3816 partition=0 offset=995 suppressed=false
time=2026-09-03T23:37:41.388Z level=INFO msg=redelivery key=pf-s313-graded:3841 partition=0 offset=996 suppressed=false
time=2026-09-03T23:37:41.409Z level=INFO msg=redelivery key=pf-s313-graded:3852 partition=0 offset=997 suppressed=false
time=2026-09-03T23:37:41.429Z level=INFO msg=redelivery key=pf-s313-graded:3854 partition=0 offset=998 suppressed=false
time=2026-09-03T23:37:41.449Z level=INFO msg=redelivery key=pf-s313-graded:3883 partition=0 offset=999 suppressed=false
time=2026-09-03T23:37:41.469Z level=INFO msg=redelivery key=pf-s313-graded:3884 partition=0 offset=1000 suppressed=false
time=2026-09-03T23:37:41.488Z level=INFO msg=redelivery key=pf-s313-graded:3886 partition=0 offset=1001 suppressed=false
time=2026-09-03T23:37:41.509Z level=INFO msg=redelivery key=pf-s313-graded:3887 partition=0 offset=1002 suppressed=false
time=2026-09-03T23:37:41.529Z level=INFO msg=redelivery key=pf-s313-graded:3889 partition=0 offset=1003 suppressed=false
time=2026-09-03T23:37:41.549Z level=INFO msg=redelivery key=pf-s313-graded:3895 partition=0 offset=1004 suppressed=false
time=2026-09-03T23:37:41.568Z level=INFO msg=redelivery key=pf-s313-graded:3897 partition=0 offset=1005 suppressed=false
time=2026-09-03T23:37:41.589Z level=INFO msg=redelivery key=pf-s313-graded:3898 partition=0 offset=1006 suppressed=false
time=2026-09-03T23:37:41.608Z level=INFO msg=redelivery key=pf-s313-graded:3900 partition=0 offset=1007 suppressed=false
time=2026-09-03T23:37:41.629Z level=INFO msg=redelivery key=pf-s313-graded:3910 partition=0 offset=1008 suppressed=false
time=2026-09-03T23:37:41.648Z level=INFO msg=redelivery key=pf-s313-graded:3912 partition=0 offset=1009 suppressed=false
time=2026-09-03T23:37:41.669Z level=INFO msg=redelivery key=pf-s313-graded:3919 partition=0 offset=1010 suppressed=false
time=2026-09-03T23:37:41.688Z level=INFO msg=redelivery key=pf-s313-graded:3923 partition=0 offset=1011 suppressed=false
time=2026-09-03T23:37:41.708Z level=INFO msg=redelivery key=pf-s313-graded:3928 partition=0 offset=1012 suppressed=false
time=2026-09-03T23:37:41.732Z level=INFO msg=redelivery key=pf-s313-graded:3941 partition=0 offset=1013 suppressed=false
time=2026-09-03T23:37:41.748Z level=INFO msg=redelivery key=pf-s313-graded:3947 partition=0 offset=1014 suppressed=false
time=2026-09-03T23:37:41.769Z level=INFO msg=redelivery key=pf-s313-graded:3952 partition=0 offset=1015 suppressed=false
time=2026-09-03T23:37:41.788Z level=INFO msg=redelivery key=pf-s313-graded:3960 partition=0 offset=1016 suppressed=false
time=2026-09-03T23:37:41.808Z level=INFO msg=redelivery key=pf-s313-graded:3962 partition=0 offset=1017 suppressed=false
time=2026-09-03T23:37:41.828Z level=INFO msg=redelivery key=pf-s313-graded:3965 partition=0 offset=1018 suppressed=false
time=2026-09-03T23:37:41.850Z level=INFO msg=redelivery key=pf-s313-graded:3966 partition=0 offset=1019 suppressed=false
time=2026-09-03T23:37:41.868Z level=INFO msg=redelivery key=pf-s313-graded:3967 partition=0 offset=1020 suppressed=false
time=2026-09-03T23:37:41.888Z level=INFO msg=redelivery key=pf-s313-graded:3970 partition=0 offset=1021 suppressed=false
time=2026-09-03T23:37:41.909Z level=INFO msg=redelivery key=pf-s313-graded:3978 partition=0 offset=1022 suppressed=false
time=2026-09-03T23:37:41.929Z level=INFO msg=redelivery key=pf-s313-graded:3988 partition=0 offset=1023 suppressed=false
time=2026-09-03T23:37:41.950Z level=INFO msg=redelivery key=pf-s313-graded:3996 partition=0 offset=1024 suppressed=false
time=2026-09-03T23:37:41.969Z level=INFO msg=redelivery key=pf-s313-graded:3997 partition=0 offset=1025 suppressed=false
time=2026-09-03T23:37:41.988Z level=INFO msg=redelivery key=pf-s313-graded:4002 partition=0 offset=1026 suppressed=false
time=2026-09-03T23:37:42.009Z level=INFO msg=redelivery key=pf-s313-graded:4003 partition=0 offset=1027 suppressed=false
time=2026-09-03T23:37:42.029Z level=INFO msg=redelivery key=pf-s313-graded:4010 partition=0 offset=1028 suppressed=false
time=2026-09-03T23:37:42.048Z level=INFO msg=redelivery key=pf-s313-graded:4011 partition=0 offset=1029 suppressed=false
time=2026-09-03T23:37:42.069Z level=INFO msg=redelivery key=pf-s313-graded:4016 partition=0 offset=1030 suppressed=false
time=2026-09-03T23:37:42.089Z level=INFO msg=redelivery key=pf-s313-graded:4025 partition=0 offset=1031 suppressed=false
time=2026-09-03T23:37:42.108Z level=INFO msg=redelivery key=pf-s313-graded:4029 partition=0 offset=1032 suppressed=false
time=2026-09-03T23:37:42.128Z level=INFO msg=redelivery key=pf-s313-graded:4033 partition=0 offset=1033 suppressed=false
time=2026-09-03T23:37:42.149Z level=INFO msg=redelivery key=pf-s313-graded:4035 partition=0 offset=1034 suppressed=false
time=2026-09-03T23:37:42.169Z level=INFO msg=redelivery key=pf-s313-graded:4039 partition=0 offset=1035 suppressed=false
time=2026-09-03T23:37:42.190Z level=INFO msg=redelivery key=pf-s313-graded:4042 partition=0 offset=1036 suppressed=false
time=2026-09-03T23:37:42.208Z level=INFO msg=redelivery key=pf-s313-graded:4044 partition=0 offset=1037 suppressed=false
time=2026-09-03T23:37:42.229Z level=INFO msg=redelivery key=pf-s313-graded:4047 partition=0 offset=1038 suppressed=false
time=2026-09-03T23:37:42.251Z level=INFO msg=redelivery key=pf-s313-graded:4048 partition=0 offset=1039 suppressed=false
time=2026-09-03T23:37:42.269Z level=INFO msg=redelivery key=pf-s313-graded:4049 partition=0 offset=1040 suppressed=false
time=2026-09-03T23:37:42.290Z level=INFO msg=redelivery key=pf-s313-graded:4064 partition=0 offset=1041 suppressed=false
time=2026-09-03T23:37:42.308Z level=INFO msg=redelivery key=pf-s313-graded:4070 partition=0 offset=1042 suppressed=false
time=2026-09-03T23:37:42.329Z level=INFO msg=redelivery key=pf-s313-graded:4071 partition=0 offset=1043 suppressed=false
time=2026-09-03T23:37:42.348Z level=INFO msg=redelivery key=pf-s313-graded:4075 partition=0 offset=1044 suppressed=false
time=2026-09-03T23:37:42.369Z level=INFO msg=redelivery key=pf-s313-graded:4076 partition=0 offset=1045 suppressed=false
time=2026-09-03T23:37:42.391Z level=INFO msg=redelivery key=pf-s313-graded:4078 partition=0 offset=1046 suppressed=false
time=2026-09-03T23:37:42.411Z level=INFO msg=redelivery key=pf-s313-graded:4079 partition=0 offset=1047 suppressed=false
time=2026-09-03T23:37:42.429Z level=INFO msg=redelivery key=pf-s313-graded:4097 partition=0 offset=1048 suppressed=false
time=2026-09-03T23:37:42.449Z level=INFO msg=redelivery key=pf-s313-graded:4102 partition=0 offset=1049 suppressed=false
time=2026-09-03T23:37:42.469Z level=INFO msg=redelivery key=pf-s313-graded:4113 partition=0 offset=1050 suppressed=false
time=2026-09-03T23:37:42.489Z level=INFO msg=redelivery key=pf-s313-graded:4115 partition=0 offset=1051 suppressed=false
time=2026-09-03T23:37:42.508Z level=INFO msg=redelivery key=pf-s313-graded:4117 partition=0 offset=1052 suppressed=false
time=2026-09-03T23:37:42.529Z level=INFO msg=redelivery key=pf-s313-graded:4119 partition=0 offset=1053 suppressed=false
time=2026-09-03T23:37:42.549Z level=INFO msg=redelivery key=pf-s313-graded:4128 partition=0 offset=1054 suppressed=false
time=2026-09-03T23:37:42.568Z level=INFO msg=redelivery key=pf-s313-graded:4130 partition=0 offset=1055 suppressed=false
time=2026-09-03T23:37:42.589Z level=INFO msg=redelivery key=pf-s313-graded:4132 partition=0 offset=1056 suppressed=false
time=2026-09-03T23:37:42.608Z level=INFO msg=redelivery key=pf-s313-graded:4133 partition=0 offset=1057 suppressed=false
time=2026-09-03T23:37:42.628Z level=INFO msg=redelivery key=pf-s313-graded:4135 partition=0 offset=1058 suppressed=false
time=2026-09-03T23:37:42.650Z level=INFO msg=redelivery key=pf-s313-graded:4137 partition=0 offset=1059 suppressed=false
time=2026-09-03T23:37:42.669Z level=INFO msg=redelivery key=pf-s313-graded:4139 partition=0 offset=1060 suppressed=false
time=2026-09-03T23:37:42.689Z level=INFO msg=redelivery key=pf-s313-graded:4145 partition=0 offset=1061 suppressed=false
time=2026-09-03T23:37:42.709Z level=INFO msg=redelivery key=pf-s313-graded:4147 partition=0 offset=1062 suppressed=false
time=2026-09-03T23:37:42.729Z level=INFO msg=redelivery key=pf-s313-graded:4149 partition=0 offset=1063 suppressed=false
time=2026-09-03T23:37:42.749Z level=INFO msg=redelivery key=pf-s313-graded:4151 partition=0 offset=1064 suppressed=false
time=2026-09-03T23:37:42.768Z level=INFO msg=redelivery key=pf-s313-graded:4152 partition=0 offset=1065 suppressed=false
time=2026-09-03T23:37:42.789Z level=INFO msg=redelivery key=pf-s313-graded:4176 partition=0 offset=1066 suppressed=false
time=2026-09-03T23:37:42.810Z level=INFO msg=redelivery key=pf-s313-graded:4180 partition=0 offset=1067 suppressed=false
time=2026-09-03T23:37:42.828Z level=INFO msg=redelivery key=pf-s313-graded:4181 partition=0 offset=1068 suppressed=false
time=2026-09-03T23:37:42.849Z level=INFO msg=redelivery key=pf-s313-graded:4189 partition=0 offset=1069 suppressed=false
time=2026-09-03T23:37:42.869Z level=INFO msg=redelivery key=pf-s313-graded:4194 partition=0 offset=1070 suppressed=false
time=2026-09-03T23:37:42.888Z level=INFO msg=redelivery key=pf-s313-graded:4195 partition=0 offset=1071 suppressed=false
time=2026-09-03T23:37:42.908Z level=INFO msg=redelivery key=pf-s313-graded:4198 partition=0 offset=1072 suppressed=false
time=2026-09-03T23:37:42.928Z level=INFO msg=redelivery key=pf-s313-graded:4199 partition=0 offset=1073 suppressed=false
time=2026-09-03T23:37:42.949Z level=INFO msg=redelivery key=pf-s313-graded:4204 partition=0 offset=1074 suppressed=false
time=2026-09-03T23:37:42.969Z level=INFO msg=redelivery key=pf-s313-graded:4207 partition=0 offset=1075 suppressed=false
time=2026-09-03T23:37:42.988Z level=INFO msg=redelivery key=pf-s313-graded:4208 partition=0 offset=1076 suppressed=false
time=2026-09-03T23:37:43.008Z level=INFO msg=redelivery key=pf-s313-graded:4209 partition=0 offset=1077 suppressed=false
time=2026-09-03T23:37:43.038Z level=INFO msg=redelivery key=pf-s313-graded:4210 partition=0 offset=1078 suppressed=false
time=2026-09-03T23:37:43.050Z level=INFO msg=redelivery key=pf-s313-graded:4214 partition=0 offset=1079 suppressed=false
time=2026-09-03T23:37:43.068Z level=INFO msg=redelivery key=pf-s313-graded:4223 partition=0 offset=1080 suppressed=false
time=2026-09-03T23:37:43.088Z level=INFO msg=redelivery key=pf-s313-graded:4229 partition=0 offset=1081 suppressed=false
time=2026-09-03T23:37:43.108Z level=INFO msg=redelivery key=pf-s313-graded:4232 partition=0 offset=1082 suppressed=false
time=2026-09-03T23:37:43.130Z level=INFO msg=redelivery key=pf-s313-graded:4239 partition=0 offset=1083 suppressed=false
time=2026-09-03T23:37:43.149Z level=INFO msg=redelivery key=pf-s313-graded:4240 partition=0 offset=1084 suppressed=false
time=2026-09-03T23:37:43.168Z level=INFO msg=redelivery key=pf-s313-graded:4244 partition=0 offset=1085 suppressed=false
time=2026-09-03T23:37:43.189Z level=INFO msg=redelivery key=pf-s313-graded:4249 partition=0 offset=1086 suppressed=false
time=2026-09-03T23:37:43.208Z level=INFO msg=redelivery key=pf-s313-graded:4256 partition=0 offset=1087 suppressed=false
time=2026-09-03T23:37:43.228Z level=INFO msg=redelivery key=pf-s313-graded:4258 partition=0 offset=1088 suppressed=false
time=2026-09-03T23:37:43.249Z level=INFO msg=redelivery key=pf-s313-graded:4260 partition=0 offset=1089 suppressed=false
time=2026-09-03T23:37:43.268Z level=INFO msg=redelivery key=pf-s313-graded:4261 partition=0 offset=1090 suppressed=false
time=2026-09-03T23:37:43.289Z level=INFO msg=redelivery key=pf-s313-graded:4263 partition=0 offset=1091 suppressed=false
time=2026-09-03T23:37:43.309Z level=INFO msg=redelivery key=pf-s313-graded:4266 partition=0 offset=1092 suppressed=false
time=2026-09-03T23:37:43.328Z level=INFO msg=redelivery key=pf-s313-graded:4267 partition=0 offset=1093 suppressed=false
time=2026-09-03T23:37:43.349Z level=INFO msg=redelivery key=pf-s313-graded:4275 partition=0 offset=1094 suppressed=false
time=2026-09-03T23:37:43.369Z level=INFO msg=redelivery key=pf-s313-graded:4281 partition=0 offset=1095 suppressed=false
time=2026-09-03T23:37:43.388Z level=INFO msg=redelivery key=pf-s313-graded:4288 partition=0 offset=1096 suppressed=false
time=2026-09-03T23:37:43.409Z level=INFO msg=redelivery key=pf-s313-graded:4291 partition=0 offset=1097 suppressed=false
time=2026-09-03T23:37:43.429Z level=INFO msg=redelivery key=pf-s313-graded:4295 partition=0 offset=1098 suppressed=false
time=2026-09-03T23:37:43.448Z level=INFO msg=redelivery key=pf-s313-graded:4299 partition=0 offset=1099 suppressed=false
time=2026-09-03T23:37:43.469Z level=INFO msg=redelivery key=pf-s313-graded:4300 partition=0 offset=1100 suppressed=false
time=2026-09-03T23:37:43.490Z level=INFO msg=redelivery key=pf-s313-graded:4308 partition=0 offset=1101 suppressed=false
time=2026-09-03T23:37:43.508Z level=INFO msg=redelivery key=pf-s313-graded:4309 partition=0 offset=1102 suppressed=false
time=2026-09-03T23:37:43.529Z level=INFO msg=redelivery key=pf-s313-graded:4310 partition=0 offset=1103 suppressed=false
time=2026-09-03T23:37:43.548Z level=INFO msg=redelivery key=pf-s313-graded:4312 partition=0 offset=1104 suppressed=false
time=2026-09-03T23:37:43.568Z level=INFO msg=redelivery key=pf-s313-graded:4316 partition=0 offset=1105 suppressed=false
time=2026-09-03T23:37:43.589Z level=INFO msg=redelivery key=pf-s313-graded:4318 partition=0 offset=1106 suppressed=false
time=2026-09-03T23:37:43.608Z level=INFO msg=redelivery key=pf-s313-graded:4323 partition=0 offset=1107 suppressed=false
time=2026-09-03T23:37:43.628Z level=INFO msg=redelivery key=pf-s313-graded:4350 partition=0 offset=1108 suppressed=false
time=2026-09-03T23:37:43.648Z level=INFO msg=redelivery key=pf-s313-graded:4356 partition=0 offset=1109 suppressed=false
time=2026-09-03T23:37:43.669Z level=INFO msg=redelivery key=pf-s313-graded:4359 partition=0 offset=1110 suppressed=false
time=2026-09-03T23:37:43.689Z level=INFO msg=redelivery key=pf-s313-graded:4363 partition=0 offset=1111 suppressed=false
time=2026-09-03T23:37:43.709Z level=INFO msg=redelivery key=pf-s313-graded:4368 partition=0 offset=1112 suppressed=false
time=2026-09-03T23:37:43.729Z level=INFO msg=redelivery key=pf-s313-graded:4371 partition=0 offset=1113 suppressed=false
time=2026-09-03T23:37:43.748Z level=INFO msg=redelivery key=pf-s313-graded:4373 partition=0 offset=1114 suppressed=false
time=2026-09-03T23:37:43.769Z level=INFO msg=redelivery key=pf-s313-graded:4378 partition=0 offset=1115 suppressed=false
time=2026-09-03T23:37:43.788Z level=INFO msg=redelivery key=pf-s313-graded:4380 partition=0 offset=1116 suppressed=false
time=2026-09-03T23:37:43.809Z level=INFO msg=redelivery key=pf-s313-graded:4385 partition=0 offset=1117 suppressed=false
time=2026-09-03T23:37:43.829Z level=INFO msg=redelivery key=pf-s313-graded:4387 partition=0 offset=1118 suppressed=false
time=2026-09-03T23:37:43.848Z level=INFO msg=redelivery key=pf-s313-graded:4388 partition=0 offset=1119 suppressed=false
time=2026-09-03T23:37:43.869Z level=INFO msg=redelivery key=pf-s313-graded:4393 partition=0 offset=1120 suppressed=false
time=2026-09-03T23:37:43.888Z level=INFO msg=redelivery key=pf-s313-graded:4398 partition=0 offset=1121 suppressed=false
time=2026-09-03T23:37:43.908Z level=INFO msg=redelivery key=pf-s313-graded:4401 partition=0 offset=1122 suppressed=false
time=2026-09-03T23:37:43.929Z level=INFO msg=redelivery key=pf-s313-graded:4402 partition=0 offset=1123 suppressed=false
time=2026-09-03T23:37:43.948Z level=INFO msg=redelivery key=pf-s313-graded:4404 partition=0 offset=1124 suppressed=false
time=2026-09-03T23:37:43.969Z level=INFO msg=redelivery key=pf-s313-graded:4406 partition=0 offset=1125 suppressed=false
time=2026-09-03T23:37:43.988Z level=INFO msg=redelivery key=pf-s313-graded:4407 partition=0 offset=1126 suppressed=false
time=2026-09-03T23:37:44.009Z level=INFO msg=redelivery key=pf-s313-graded:4418 partition=0 offset=1127 suppressed=false
time=2026-09-03T23:37:44.029Z level=INFO msg=redelivery key=pf-s313-graded:4420 partition=0 offset=1128 suppressed=false
time=2026-09-03T23:37:44.048Z level=INFO msg=redelivery key=pf-s313-graded:4421 partition=0 offset=1129 suppressed=false
time=2026-09-03T23:37:44.069Z level=INFO msg=redelivery key=pf-s313-graded:4427 partition=0 offset=1130 suppressed=false
time=2026-09-03T23:37:44.092Z level=INFO msg=redelivery key=pf-s313-graded:4432 partition=0 offset=1131 suppressed=false
time=2026-09-03T23:37:44.108Z level=INFO msg=redelivery key=pf-s313-graded:4436 partition=0 offset=1132 suppressed=false
time=2026-09-03T23:37:44.129Z level=INFO msg=redelivery key=pf-s313-graded:4437 partition=0 offset=1133 suppressed=false
time=2026-09-03T23:37:44.149Z level=INFO msg=redelivery key=pf-s313-graded:4439 partition=0 offset=1134 suppressed=false
time=2026-09-03T23:37:44.168Z level=INFO msg=redelivery key=pf-s313-graded:4441 partition=0 offset=1135 suppressed=false
time=2026-09-03T23:37:44.189Z level=INFO msg=redelivery key=pf-s313-graded:4447 partition=0 offset=1136 suppressed=false
time=2026-09-03T23:37:44.209Z level=INFO msg=redelivery key=pf-s313-graded:4448 partition=0 offset=1137 suppressed=false
time=2026-09-03T23:37:44.228Z level=INFO msg=redelivery key=pf-s313-graded:4450 partition=0 offset=1138 suppressed=false
time=2026-09-03T23:37:44.248Z level=INFO msg=redelivery key=pf-s313-graded:4453 partition=0 offset=1139 suppressed=false
time=2026-09-03T23:37:44.268Z level=INFO msg=redelivery key=pf-s313-graded:4454 partition=0 offset=1140 suppressed=false
time=2026-09-03T23:37:44.289Z level=INFO msg=redelivery key=pf-s313-graded:4458 partition=0 offset=1141 suppressed=false
time=2026-09-03T23:37:44.308Z level=INFO msg=redelivery key=pf-s313-graded:4459 partition=0 offset=1142 suppressed=false
time=2026-09-03T23:37:44.328Z level=INFO msg=redelivery key=pf-s313-graded:4461 partition=0 offset=1143 suppressed=false
time=2026-09-03T23:37:44.348Z level=INFO msg=redelivery key=pf-s313-graded:4464 partition=0 offset=1144 suppressed=false
time=2026-09-03T23:37:44.369Z level=INFO msg=redelivery key=pf-s313-graded:4472 partition=0 offset=1145 suppressed=false
time=2026-09-03T23:37:44.388Z level=INFO msg=redelivery key=pf-s313-graded:4474 partition=0 offset=1146 suppressed=false
time=2026-09-03T23:37:44.409Z level=INFO msg=redelivery key=pf-s313-graded:4477 partition=0 offset=1147 suppressed=false
time=2026-09-03T23:37:44.428Z level=INFO msg=redelivery key=pf-s313-graded:4478 partition=0 offset=1148 suppressed=false
time=2026-09-03T23:37:44.448Z level=INFO msg=redelivery key=pf-s313-graded:4493 partition=0 offset=1149 suppressed=false
time=2026-09-03T23:37:44.469Z level=INFO msg=redelivery key=pf-s313-graded:4501 partition=0 offset=1150 suppressed=false
time=2026-09-03T23:37:44.488Z level=INFO msg=redelivery key=pf-s313-graded:4502 partition=0 offset=1151 suppressed=false
time=2026-09-03T23:37:44.508Z level=INFO msg=redelivery key=pf-s313-graded:4507 partition=0 offset=1152 suppressed=false
time=2026-09-03T23:37:44.528Z level=INFO msg=redelivery key=pf-s313-graded:4508 partition=0 offset=1153 suppressed=false
time=2026-09-03T23:37:44.548Z level=INFO msg=redelivery key=pf-s313-graded:4514 partition=0 offset=1154 suppressed=false
time=2026-09-03T23:37:44.569Z level=INFO msg=redelivery key=pf-s313-graded:4520 partition=0 offset=1155 suppressed=false
time=2026-09-03T23:37:44.588Z level=INFO msg=redelivery key=pf-s313-graded:4528 partition=0 offset=1156 suppressed=false
time=2026-09-03T23:37:44.609Z level=INFO msg=redelivery key=pf-s313-graded:4555 partition=0 offset=1157 suppressed=false
time=2026-09-03T23:37:44.628Z level=INFO msg=redelivery key=pf-s313-graded:4564 partition=0 offset=1158 suppressed=false
time=2026-09-03T23:37:44.649Z level=INFO msg=redelivery key=pf-s313-graded:4566 partition=0 offset=1159 suppressed=false
time=2026-09-03T23:37:44.668Z level=INFO msg=redelivery key=pf-s313-graded:4571 partition=0 offset=1160 suppressed=false
time=2026-09-03T23:37:44.688Z level=INFO msg=redelivery key=pf-s313-graded:4572 partition=0 offset=1161 suppressed=false
time=2026-09-03T23:37:44.709Z level=INFO msg=redelivery key=pf-s313-graded:4573 partition=0 offset=1162 suppressed=false
time=2026-09-03T23:37:44.728Z level=INFO msg=redelivery key=pf-s313-graded:4574 partition=0 offset=1163 suppressed=false
time=2026-09-03T23:37:44.749Z level=INFO msg=redelivery key=pf-s313-graded:4584 partition=0 offset=1164 suppressed=false
time=2026-09-03T23:37:44.768Z level=INFO msg=redelivery key=pf-s313-graded:4589 partition=0 offset=1165 suppressed=false
time=2026-09-03T23:37:44.788Z level=INFO msg=redelivery key=pf-s313-graded:4590 partition=0 offset=1166 suppressed=false
time=2026-09-03T23:37:44.809Z level=INFO msg=redelivery key=pf-s313-graded:4594 partition=0 offset=1167 suppressed=false
time=2026-09-03T23:37:44.828Z level=INFO msg=redelivery key=pf-s313-graded:4597 partition=0 offset=1168 suppressed=false
time=2026-09-03T23:37:44.848Z level=INFO msg=redelivery key=pf-s313-graded:4598 partition=0 offset=1169 suppressed=false
time=2026-09-03T23:37:44.869Z level=INFO msg=redelivery key=pf-s313-graded:4600 partition=0 offset=1170 suppressed=false
time=2026-09-03T23:37:44.888Z level=INFO msg=redelivery key=pf-s313-graded:4601 partition=0 offset=1171 suppressed=false
time=2026-09-03T23:37:44.909Z level=INFO msg=redelivery key=pf-s313-graded:4604 partition=0 offset=1172 suppressed=false
time=2026-09-03T23:37:52.649Z level=INFO msg=redelivery key=pf-s313-graded:4185 partition=1 offset=1062 suppressed=false
time=2026-09-03T23:37:52.668Z level=INFO msg=redelivery key=pf-s313-graded:4186 partition=1 offset=1063 suppressed=false
time=2026-09-03T23:37:52.688Z level=INFO msg=redelivery key=pf-s313-graded:4188 partition=1 offset=1064 suppressed=false
time=2026-09-03T23:37:52.708Z level=INFO msg=redelivery key=pf-s313-graded:4190 partition=1 offset=1065 suppressed=false
time=2026-09-03T23:37:52.728Z level=INFO msg=redelivery key=pf-s313-graded:4201 partition=1 offset=1066 suppressed=false
time=2026-09-03T23:37:52.749Z level=INFO msg=redelivery key=pf-s313-graded:4202 partition=1 offset=1067 suppressed=false
time=2026-09-03T23:37:52.768Z level=INFO msg=redelivery key=pf-s313-graded:4213 partition=1 offset=1068 suppressed=false
time=2026-09-03T23:37:52.789Z level=INFO msg=redelivery key=pf-s313-graded:4215 partition=1 offset=1069 suppressed=false
time=2026-09-03T23:37:52.808Z level=INFO msg=redelivery key=pf-s313-graded:4216 partition=1 offset=1070 suppressed=false
time=2026-09-03T23:37:52.829Z level=INFO msg=redelivery key=pf-s313-graded:4217 partition=1 offset=1071 suppressed=false
time=2026-09-03T23:37:52.848Z level=INFO msg=redelivery key=pf-s313-graded:4218 partition=1 offset=1072 suppressed=false
time=2026-09-03T23:37:52.868Z level=INFO msg=redelivery key=pf-s313-graded:4220 partition=1 offset=1073 suppressed=false
time=2026-09-03T23:37:52.889Z level=INFO msg=redelivery key=pf-s313-graded:4221 partition=1 offset=1074 suppressed=false
time=2026-09-03T23:37:52.909Z level=INFO msg=redelivery key=pf-s313-graded:4224 partition=1 offset=1075 suppressed=false
time=2026-09-03T23:37:52.928Z level=INFO msg=redelivery key=pf-s313-graded:4226 partition=1 offset=1076 suppressed=false
time=2026-09-03T23:37:52.949Z level=INFO msg=redelivery key=pf-s313-graded:4228 partition=1 offset=1077 suppressed=false
time=2026-09-03T23:37:52.968Z level=INFO msg=redelivery key=pf-s313-graded:4233 partition=1 offset=1078 suppressed=false
time=2026-09-03T23:37:52.989Z level=INFO msg=redelivery key=pf-s313-graded:4234 partition=1 offset=1079 suppressed=false
time=2026-09-03T23:37:53.008Z level=INFO msg=redelivery key=pf-s313-graded:4235 partition=1 offset=1080 suppressed=false
time=2026-09-03T23:37:53.029Z level=INFO msg=redelivery key=pf-s313-graded:4247 partition=1 offset=1081 suppressed=false
time=2026-09-03T23:37:53.048Z level=INFO msg=redelivery key=pf-s313-graded:4248 partition=1 offset=1082 suppressed=false
time=2026-09-03T23:37:53.069Z level=INFO msg=redelivery key=pf-s313-graded:4252 partition=1 offset=1083 suppressed=false
time=2026-09-03T23:37:53.088Z level=INFO msg=redelivery key=pf-s313-graded:4255 partition=1 offset=1084 suppressed=false
time=2026-09-03T23:37:53.108Z level=INFO msg=redelivery key=pf-s313-graded:4257 partition=1 offset=1085 suppressed=false
time=2026-09-03T23:37:53.129Z level=INFO msg=redelivery key=pf-s313-graded:4262 partition=1 offset=1086 suppressed=false
time=2026-09-03T23:37:53.148Z level=INFO msg=redelivery key=pf-s313-graded:4270 partition=1 offset=1087 suppressed=false
time=2026-09-03T23:37:53.168Z level=INFO msg=redelivery key=pf-s313-graded:4272 partition=1 offset=1088 suppressed=false
time=2026-09-03T23:37:53.189Z level=INFO msg=redelivery key=pf-s313-graded:4274 partition=1 offset=1089 suppressed=false
time=2026-09-03T23:37:53.208Z level=INFO msg=redelivery key=pf-s313-graded:4276 partition=1 offset=1090 suppressed=false
time=2026-09-03T23:37:53.229Z level=INFO msg=redelivery key=pf-s313-graded:4277 partition=1 offset=1091 suppressed=false
time=2026-09-03T23:37:53.248Z level=INFO msg=redelivery key=pf-s313-graded:4280 partition=1 offset=1092 suppressed=false
time=2026-09-03T23:37:53.269Z level=INFO msg=redelivery key=pf-s313-graded:4285 partition=1 offset=1093 suppressed=false
time=2026-09-03T23:37:53.288Z level=INFO msg=redelivery key=pf-s313-graded:4286 partition=1 offset=1094 suppressed=false
time=2026-09-03T23:37:53.308Z level=INFO msg=redelivery key=pf-s313-graded:4287 partition=1 offset=1095 suppressed=false
time=2026-09-03T23:37:53.329Z level=INFO msg=redelivery key=pf-s313-graded:4290 partition=1 offset=1096 suppressed=false
time=2026-09-03T23:37:53.348Z level=INFO msg=redelivery key=pf-s313-graded:4296 partition=1 offset=1097 suppressed=false
time=2026-09-03T23:37:53.369Z level=INFO msg=redelivery key=pf-s313-graded:4306 partition=1 offset=1098 suppressed=false
time=2026-09-03T23:37:53.388Z level=INFO msg=redelivery key=pf-s313-graded:4313 partition=1 offset=1099 suppressed=false
time=2026-09-03T23:37:53.409Z level=INFO msg=redelivery key=pf-s313-graded:4325 partition=1 offset=1100 suppressed=false
time=2026-09-03T23:37:53.428Z level=INFO msg=redelivery key=pf-s313-graded:4326 partition=1 offset=1101 suppressed=false
time=2026-09-03T23:37:53.449Z level=INFO msg=redelivery key=pf-s313-graded:4331 partition=1 offset=1102 suppressed=false
time=2026-09-03T23:37:53.468Z level=INFO msg=redelivery key=pf-s313-graded:4339 partition=1 offset=1103 suppressed=false
time=2026-09-03T23:37:53.488Z level=INFO msg=redelivery key=pf-s313-graded:4340 partition=1 offset=1104 suppressed=false
time=2026-09-03T23:37:53.508Z level=INFO msg=redelivery key=pf-s313-graded:4342 partition=1 offset=1105 suppressed=false
time=2026-09-03T23:37:53.528Z level=INFO msg=redelivery key=pf-s313-graded:4343 partition=1 offset=1106 suppressed=false
time=2026-09-03T23:37:53.549Z level=INFO msg=redelivery key=pf-s313-graded:4344 partition=1 offset=1107 suppressed=false
time=2026-09-03T23:37:53.568Z level=INFO msg=redelivery key=pf-s313-graded:4346 partition=1 offset=1108 suppressed=false
time=2026-09-03T23:37:53.589Z level=INFO msg=redelivery key=pf-s313-graded:4347 partition=1 offset=1109 suppressed=false
time=2026-09-03T23:37:53.608Z level=INFO msg=redelivery key=pf-s313-graded:4351 partition=1 offset=1110 suppressed=false
time=2026-09-03T23:37:53.629Z level=INFO msg=redelivery key=pf-s313-graded:4361 partition=1 offset=1111 suppressed=false
time=2026-09-03T23:37:53.648Z level=INFO msg=redelivery key=pf-s313-graded:4362 partition=1 offset=1112 suppressed=false
time=2026-09-03T23:37:53.668Z level=INFO msg=redelivery key=pf-s313-graded:4366 partition=1 offset=1113 suppressed=false
time=2026-09-03T23:37:53.689Z level=INFO msg=redelivery key=pf-s313-graded:4375 partition=1 offset=1114 suppressed=false
time=2026-09-03T23:37:53.708Z level=INFO msg=redelivery key=pf-s313-graded:4381 partition=1 offset=1115 suppressed=false
time=2026-09-03T23:37:53.729Z level=INFO msg=redelivery key=pf-s313-graded:4382 partition=1 offset=1116 suppressed=false
time=2026-09-03T23:37:53.748Z level=INFO msg=redelivery key=pf-s313-graded:4383 partition=1 offset=1117 suppressed=false
time=2026-09-03T23:37:53.769Z level=INFO msg=redelivery key=pf-s313-graded:4384 partition=1 offset=1118 suppressed=false
time=2026-09-03T23:37:53.788Z level=INFO msg=redelivery key=pf-s313-graded:4391 partition=1 offset=1119 suppressed=false
time=2026-09-03T23:37:53.808Z level=INFO msg=redelivery key=pf-s313-graded:4394 partition=1 offset=1120 suppressed=false
time=2026-09-03T23:37:53.829Z level=INFO msg=redelivery key=pf-s313-graded:4396 partition=1 offset=1121 suppressed=false
time=2026-09-03T23:37:53.848Z level=INFO msg=redelivery key=pf-s313-graded:4400 partition=1 offset=1122 suppressed=false
time=2026-09-03T23:37:53.869Z level=INFO msg=redelivery key=pf-s313-graded:4410 partition=1 offset=1123 suppressed=false
time=2026-09-03T23:37:53.889Z level=INFO msg=redelivery key=pf-s313-graded:4411 partition=1 offset=1124 suppressed=false
time=2026-09-03T23:37:53.908Z level=INFO msg=redelivery key=pf-s313-graded:4413 partition=1 offset=1125 suppressed=false
time=2026-09-03T23:37:53.929Z level=INFO msg=redelivery key=pf-s313-graded:4415 partition=1 offset=1126 suppressed=false
time=2026-09-03T23:37:53.948Z level=INFO msg=redelivery key=pf-s313-graded:4419 partition=1 offset=1127 suppressed=false
time=2026-09-03T23:37:53.968Z level=INFO msg=redelivery key=pf-s313-graded:4424 partition=1 offset=1128 suppressed=false
time=2026-09-03T23:37:53.989Z level=INFO msg=redelivery key=pf-s313-graded:4430 partition=1 offset=1129 suppressed=false
time=2026-09-03T23:37:54.008Z level=INFO msg=redelivery key=pf-s313-graded:4431 partition=1 offset=1130 suppressed=false
time=2026-09-03T23:37:54.029Z level=INFO msg=redelivery key=pf-s313-graded:4442 partition=1 offset=1131 suppressed=false
time=2026-09-03T23:37:54.049Z level=INFO msg=redelivery key=pf-s313-graded:4465 partition=1 offset=1132 suppressed=false
time=2026-09-03T23:37:54.068Z level=INFO msg=redelivery key=pf-s313-graded:4467 partition=1 offset=1133 suppressed=false
time=2026-09-03T23:37:54.089Z level=INFO msg=redelivery key=pf-s313-graded:4470 partition=1 offset=1134 suppressed=false
time=2026-09-03T23:37:54.108Z level=INFO msg=redelivery key=pf-s313-graded:4471 partition=1 offset=1135 suppressed=false
time=2026-09-03T23:37:54.129Z level=INFO msg=redelivery key=pf-s313-graded:4475 partition=1 offset=1136 suppressed=false
time=2026-09-03T23:37:54.148Z level=INFO msg=redelivery key=pf-s313-graded:4479 partition=1 offset=1137 suppressed=false
time=2026-09-03T23:37:54.168Z level=INFO msg=redelivery key=pf-s313-graded:4482 partition=1 offset=1138 suppressed=false
time=2026-09-03T23:37:54.189Z level=INFO msg=redelivery key=pf-s313-graded:4486 partition=1 offset=1139 suppressed=false
time=2026-09-03T23:37:54.208Z level=INFO msg=redelivery key=pf-s313-graded:4488 partition=1 offset=1140 suppressed=false
time=2026-09-03T23:37:54.229Z level=INFO msg=redelivery key=pf-s313-graded:4489 partition=1 offset=1141 suppressed=false
time=2026-09-03T23:37:54.248Z level=INFO msg=redelivery key=pf-s313-graded:4492 partition=1 offset=1142 suppressed=false
time=2026-09-03T23:37:54.268Z level=INFO msg=redelivery key=pf-s313-graded:4500 partition=1 offset=1143 suppressed=false
time=2026-09-03T23:37:54.289Z level=INFO msg=redelivery key=pf-s313-graded:4503 partition=1 offset=1144 suppressed=false
time=2026-09-03T23:37:54.310Z level=INFO msg=redelivery key=pf-s313-graded:4504 partition=1 offset=1145 suppressed=false
time=2026-09-03T23:37:54.337Z level=INFO msg=redelivery key=pf-s313-graded:4515 partition=1 offset=1146 suppressed=false
time=2026-09-03T23:37:54.349Z level=INFO msg=redelivery key=pf-s313-graded:4524 partition=1 offset=1147 suppressed=false
time=2026-09-03T23:37:54.368Z level=INFO msg=redelivery key=pf-s313-graded:4525 partition=1 offset=1148 suppressed=false
time=2026-09-03T23:37:54.389Z level=INFO msg=redelivery key=pf-s313-graded:4532 partition=1 offset=1149 suppressed=false
time=2026-09-03T23:37:54.409Z level=INFO msg=redelivery key=pf-s313-graded:4536 partition=1 offset=1150 suppressed=false
time=2026-09-03T23:37:54.428Z level=INFO msg=redelivery key=pf-s313-graded:4537 partition=1 offset=1151 suppressed=false
time=2026-09-03T23:37:54.448Z level=INFO msg=redelivery key=pf-s313-graded:4539 partition=1 offset=1152 suppressed=false
time=2026-09-03T23:37:54.468Z level=INFO msg=redelivery key=pf-s313-graded:4541 partition=1 offset=1153 suppressed=false
time=2026-09-03T23:37:54.489Z level=INFO msg=redelivery key=pf-s313-graded:4545 partition=1 offset=1154 suppressed=false
time=2026-09-03T23:37:54.508Z level=INFO msg=redelivery key=pf-s313-graded:4546 partition=1 offset=1155 suppressed=false
time=2026-09-03T23:37:54.529Z level=INFO msg=redelivery key=pf-s313-graded:4547 partition=1 offset=1156 suppressed=false
time=2026-09-03T23:37:54.548Z level=INFO msg=redelivery key=pf-s313-graded:4549 partition=1 offset=1157 suppressed=false
time=2026-09-03T23:37:54.569Z level=INFO msg=redelivery key=pf-s313-graded:4550 partition=1 offset=1158 suppressed=false
time=2026-09-03T23:37:54.588Z level=INFO msg=redelivery key=pf-s313-graded:4563 partition=1 offset=1159 suppressed=false
time=2026-09-03T23:37:54.609Z level=INFO msg=redelivery key=pf-s313-graded:4576 partition=1 offset=1160 suppressed=false
time=2026-09-03T23:37:54.628Z level=INFO msg=redelivery key=pf-s313-graded:4577 partition=1 offset=1161 suppressed=false
time=2026-09-03T23:37:54.649Z level=INFO msg=redelivery key=pf-s313-graded:4578 partition=1 offset=1162 suppressed=false
time=2026-09-03T23:37:54.669Z level=INFO msg=redelivery key=pf-s313-graded:4581 partition=1 offset=1163 suppressed=false
time=2026-09-03T23:37:54.689Z level=INFO msg=redelivery key=pf-s313-graded:4585 partition=1 offset=1164 suppressed=false
time=2026-09-03T23:37:54.708Z level=INFO msg=redelivery key=pf-s313-graded:4586 partition=1 offset=1165 suppressed=false
time=2026-09-03T23:37:54.728Z level=INFO msg=redelivery key=pf-s313-graded:4587 partition=1 offset=1166 suppressed=false
time=2026-09-03T23:37:54.749Z level=INFO msg=redelivery key=pf-s313-graded:4593 partition=1 offset=1167 suppressed=false
time=2026-09-03T23:37:54.768Z level=INFO msg=redelivery key=pf-s313-graded:4596 partition=1 offset=1168 suppressed=false
time=2026-09-03T23:37:54.789Z level=INFO msg=redelivery key=pf-s313-graded:4606 partition=1 offset=1169 suppressed=false
time=2026-09-03T23:37:54.808Z level=INFO msg=redelivery key=pf-s313-graded:4608 partition=1 offset=1170 suppressed=false
time=2026-09-03T23:37:54.829Z level=INFO msg=redelivery key=pf-s313-graded:4609 partition=1 offset=1171 suppressed=false
time=2026-09-03T23:37:54.848Z level=INFO msg=redelivery key=pf-s313-graded:4612 partition=1 offset=1172 suppressed=false
time=2026-09-03T23:37:54.868Z level=INFO msg=redelivery key=pf-s313-graded:4613 partition=1 offset=1173 suppressed=false
time=2026-09-03T23:37:54.889Z level=INFO msg=redelivery key=pf-s313-graded:4614 partition=1 offset=1174 suppressed=false
time=2026-09-03T23:37:54.909Z level=INFO msg=redelivery key=pf-s313-graded:4617 partition=1 offset=1175 suppressed=false
time=2026-09-03T23:37:54.929Z level=INFO msg=redelivery key=pf-s313-graded:4618 partition=1 offset=1176 suppressed=false
time=2026-09-03T23:37:54.948Z level=INFO msg=redelivery key=pf-s313-graded:4627 partition=1 offset=1177 suppressed=false
time=2026-09-03T23:37:54.969Z level=INFO msg=redelivery key=pf-s313-graded:4629 partition=1 offset=1178 suppressed=false
time=2026-09-03T23:37:54.988Z level=INFO msg=redelivery key=pf-s313-graded:4632 partition=1 offset=1179 suppressed=false
time=2026-09-03T23:37:55.009Z level=INFO msg=redelivery key=pf-s313-graded:4636 partition=1 offset=1180 suppressed=false
time=2026-09-03T23:37:55.028Z level=INFO msg=redelivery key=pf-s313-graded:4637 partition=1 offset=1181 suppressed=false
time=2026-09-03T23:37:55.049Z level=INFO msg=redelivery key=pf-s313-graded:4641 partition=1 offset=1182 suppressed=false
time=2026-09-03T23:37:55.068Z level=INFO msg=redelivery key=pf-s313-graded:4643 partition=1 offset=1183 suppressed=false
time=2026-09-03T23:37:55.088Z level=INFO msg=redelivery key=pf-s313-graded:4648 partition=1 offset=1184 suppressed=false
time=2026-09-03T23:37:55.109Z level=INFO msg=redelivery key=pf-s313-graded:4659 partition=1 offset=1185 suppressed=false
time=2026-09-03T23:37:55.128Z level=INFO msg=redelivery key=pf-s313-graded:4668 partition=1 offset=1186 suppressed=false
time=2026-09-03T23:37:55.149Z level=INFO msg=redelivery key=pf-s313-graded:4669 partition=1 offset=1187 suppressed=false
time=2026-09-03T23:37:55.168Z level=INFO msg=redelivery key=pf-s313-graded:4671 partition=1 offset=1188 suppressed=false
time=2026-09-03T23:37:55.189Z level=INFO msg=redelivery key=pf-s313-graded:4674 partition=1 offset=1189 suppressed=false
time=2026-09-03T23:37:55.208Z level=INFO msg=redelivery key=pf-s313-graded:4675 partition=1 offset=1190 suppressed=false
time=2026-09-03T23:37:55.229Z level=INFO msg=redelivery key=pf-s313-graded:4679 partition=1 offset=1191 suppressed=false
time=2026-09-03T23:37:55.248Z level=INFO msg=redelivery key=pf-s313-graded:4682 partition=1 offset=1192 suppressed=false
time=2026-09-03T23:37:55.268Z level=INFO msg=redelivery key=pf-s313-graded:4683 partition=1 offset=1193 suppressed=false
time=2026-09-03T23:37:55.289Z level=INFO msg=redelivery key=pf-s313-graded:4685 partition=1 offset=1194 suppressed=false
time=2026-09-03T23:37:55.308Z level=INFO msg=redelivery key=pf-s313-graded:4688 partition=1 offset=1195 suppressed=false
time=2026-09-03T23:37:55.329Z level=INFO msg=redelivery key=pf-s313-graded:4692 partition=1 offset=1196 suppressed=false
time=2026-09-03T23:37:55.348Z level=INFO msg=redelivery key=pf-s313-graded:4696 partition=1 offset=1197 suppressed=false
time=2026-09-03T23:37:55.368Z level=INFO msg=redelivery key=pf-s313-graded:4698 partition=1 offset=1198 suppressed=false
time=2026-09-03T23:37:55.389Z level=INFO msg=redelivery key=pf-s313-graded:4699 partition=1 offset=1199 suppressed=false
time=2026-09-03T23:37:55.408Z level=INFO msg=redelivery key=pf-s313-graded:4702 partition=1 offset=1200 suppressed=false
time=2026-09-03T23:37:55.429Z level=INFO msg=redelivery key=pf-s313-graded:4704 partition=1 offset=1201 suppressed=false
time=2026-09-03T23:37:55.448Z level=INFO msg=redelivery key=pf-s313-graded:4708 partition=1 offset=1202 suppressed=false
time=2026-09-03T23:37:55.469Z level=INFO msg=redelivery key=pf-s313-graded:4713 partition=1 offset=1203 suppressed=false
time=2026-09-03T23:37:55.488Z level=INFO msg=redelivery key=pf-s313-graded:4717 partition=1 offset=1204 suppressed=false
time=2026-09-03T23:37:55.509Z level=INFO msg=redelivery key=pf-s313-graded:4719 partition=1 offset=1205 suppressed=false
time=2026-09-03T23:37:55.528Z level=INFO msg=redelivery key=pf-s313-graded:4720 partition=1 offset=1206 suppressed=false
time=2026-09-03T23:37:55.548Z level=INFO msg=redelivery key=pf-s313-graded:4721 partition=1 offset=1207 suppressed=false
time=2026-09-03T23:37:55.569Z level=INFO msg=redelivery key=pf-s313-graded:4722 partition=1 offset=1208 suppressed=false
time=2026-09-03T23:37:55.588Z level=INFO msg=redelivery key=pf-s313-graded:4724 partition=1 offset=1209 suppressed=false
time=2026-09-03T23:37:55.609Z level=INFO msg=redelivery key=pf-s313-graded:4726 partition=1 offset=1210 suppressed=false
time=2026-09-03T23:37:55.628Z level=INFO msg=redelivery key=pf-s313-graded:4727 partition=1 offset=1211 suppressed=false
time=2026-09-03T23:37:55.649Z level=INFO msg=redelivery key=pf-s313-graded:4737 partition=1 offset=1212 suppressed=false
time=2026-09-03T23:37:55.668Z level=INFO msg=redelivery key=pf-s313-graded:4745 partition=1 offset=1213 suppressed=false
time=2026-09-03T23:37:55.688Z level=INFO msg=redelivery key=pf-s313-graded:4746 partition=1 offset=1214 suppressed=false
time=2026-09-03T23:37:55.709Z level=INFO msg=redelivery key=pf-s313-graded:4747 partition=1 offset=1215 suppressed=false
time=2026-09-03T23:37:55.728Z level=INFO msg=redelivery key=pf-s313-graded:4752 partition=1 offset=1216 suppressed=false
time=2026-09-03T23:37:55.748Z level=INFO msg=redelivery key=pf-s313-graded:4755 partition=1 offset=1217 suppressed=false
time=2026-09-03T23:37:55.769Z level=INFO msg=redelivery key=pf-s313-graded:4761 partition=1 offset=1218 suppressed=false
time=2026-09-03T23:37:55.788Z level=INFO msg=redelivery key=pf-s313-graded:4763 partition=1 offset=1219 suppressed=false
time=2026-09-03T23:37:55.809Z level=INFO msg=redelivery key=pf-s313-graded:4770 partition=1 offset=1220 suppressed=false
time=2026-09-03T23:37:55.828Z level=INFO msg=redelivery key=pf-s313-graded:4771 partition=1 offset=1221 suppressed=false
time=2026-09-03T23:37:55.848Z level=INFO msg=redelivery key=pf-s313-graded:4776 partition=1 offset=1222 suppressed=false
time=2026-09-03T23:37:55.869Z level=INFO msg=redelivery key=pf-s313-graded:4780 partition=1 offset=1223 suppressed=false
time=2026-09-03T23:37:55.888Z level=INFO msg=redelivery key=pf-s313-graded:4785 partition=1 offset=1224 suppressed=false
time=2026-09-03T23:37:55.909Z level=INFO msg=redelivery key=pf-s313-graded:4786 partition=1 offset=1225 suppressed=false
time=2026-09-03T23:37:55.928Z level=INFO msg=redelivery key=pf-s313-graded:4790 partition=1 offset=1226 suppressed=false
time=2026-09-03T23:37:55.948Z level=INFO msg=redelivery key=pf-s313-graded:4794 partition=1 offset=1227 suppressed=false
time=2026-09-03T23:37:55.969Z level=INFO msg=redelivery key=pf-s313-graded:4795 partition=1 offset=1228 suppressed=false
time=2026-09-03T23:37:55.988Z level=INFO msg=redelivery key=pf-s313-graded:4803 partition=1 offset=1229 suppressed=false
time=2026-09-03T23:37:56.009Z level=INFO msg=redelivery key=pf-s313-graded:4807 partition=1 offset=1230 suppressed=false
time=2026-09-03T23:37:56.028Z level=INFO msg=redelivery key=pf-s313-graded:4811 partition=1 offset=1231 suppressed=false
time=2026-09-03T23:37:56.048Z level=INFO msg=redelivery key=pf-s313-graded:4812 partition=1 offset=1232 suppressed=false
time=2026-09-03T23:37:56.069Z level=INFO msg=redelivery key=pf-s313-graded:4819 partition=1 offset=1233 suppressed=false
time=2026-09-03T23:37:56.088Z level=INFO msg=redelivery key=pf-s313-graded:4822 partition=1 offset=1234 suppressed=false
time=2026-09-03T23:37:56.109Z level=INFO msg=redelivery key=pf-s313-graded:4824 partition=1 offset=1235 suppressed=false
time=2026-09-03T23:37:56.128Z level=INFO msg=redelivery key=pf-s313-graded:4825 partition=1 offset=1236 suppressed=false
time=2026-09-03T23:37:56.149Z level=INFO msg=redelivery key=pf-s313-graded:4826 partition=1 offset=1237 suppressed=false
time=2026-09-03T23:37:56.168Z level=INFO msg=redelivery key=pf-s313-graded:4829 partition=1 offset=1238 suppressed=false
time=2026-09-03T23:37:56.188Z level=INFO msg=redelivery key=pf-s313-graded:4830 partition=1 offset=1239 suppressed=false
time=2026-09-03T23:37:56.209Z level=INFO msg=redelivery key=pf-s313-graded:4840 partition=1 offset=1240 suppressed=false
time=2026-09-03T23:37:56.228Z level=INFO msg=redelivery key=pf-s313-graded:4841 partition=1 offset=1241 suppressed=false
time=2026-09-03T23:37:56.249Z level=INFO msg=redelivery key=pf-s313-graded:4852 partition=1 offset=1242 suppressed=false
time=2026-09-03T23:37:56.268Z level=INFO msg=redelivery key=pf-s313-graded:4855 partition=1 offset=1243 suppressed=false
time=2026-09-03T23:37:56.289Z level=INFO msg=redelivery key=pf-s313-graded:4856 partition=1 offset=1244 suppressed=false
time=2026-09-03T23:37:56.308Z level=INFO msg=redelivery key=pf-s313-graded:4862 partition=1 offset=1245 suppressed=false
time=2026-09-03T23:37:56.329Z level=INFO msg=redelivery key=pf-s313-graded:4863 partition=1 offset=1246 suppressed=false
time=2026-09-03T23:37:56.348Z level=INFO msg=redelivery key=pf-s313-graded:4872 partition=1 offset=1247 suppressed=false
time=2026-09-03T23:37:56.369Z level=INFO msg=redelivery key=pf-s313-graded:4878 partition=1 offset=1248 suppressed=false
time=2026-09-03T23:37:56.388Z level=INFO msg=redelivery key=pf-s313-graded:4886 partition=1 offset=1249 suppressed=false
time=2026-09-03T23:37:56.408Z level=INFO msg=redelivery key=pf-s313-graded:4889 partition=1 offset=1250 suppressed=false
time=2026-09-03T23:37:56.429Z level=INFO msg=redelivery key=pf-s313-graded:4891 partition=1 offset=1251 suppressed=false
time=2026-09-03T23:37:56.448Z level=INFO msg=redelivery key=pf-s313-graded:4892 partition=1 offset=1252 suppressed=false
time=2026-09-03T23:37:56.469Z level=INFO msg=redelivery key=pf-s313-graded:4902 partition=1 offset=1253 suppressed=false
time=2026-09-03T23:37:56.488Z level=INFO msg=redelivery key=pf-s313-graded:4905 partition=1 offset=1254 suppressed=false
time=2026-09-03T23:37:56.508Z level=INFO msg=redelivery key=pf-s313-graded:4906 partition=1 offset=1255 suppressed=false
time=2026-09-03T23:37:56.529Z level=INFO msg=redelivery key=pf-s313-graded:4908 partition=1 offset=1256 suppressed=false
time=2026-09-03T23:37:56.549Z level=INFO msg=redelivery key=pf-s313-graded:4911 partition=1 offset=1257 suppressed=false
time=2026-09-03T23:37:56.568Z level=INFO msg=redelivery key=pf-s313-graded:4912 partition=1 offset=1258 suppressed=false
time=2026-09-03T23:37:56.588Z level=INFO msg=redelivery key=pf-s313-graded:4914 partition=1 offset=1259 suppressed=false
time=2026-09-03T23:37:56.609Z level=INFO msg=redelivery key=pf-s313-graded:4918 partition=1 offset=1260 suppressed=false
time=2026-09-03T23:37:56.628Z level=INFO msg=redelivery key=pf-s313-graded:4920 partition=1 offset=1261 suppressed=false
time=2026-09-03T23:37:56.648Z level=INFO msg=redelivery key=pf-s313-graded:4924 partition=1 offset=1262 suppressed=false
time=2026-09-03T23:37:56.669Z level=INFO msg=redelivery key=pf-s313-graded:4925 partition=1 offset=1263 suppressed=false
time=2026-09-03T23:37:56.688Z level=INFO msg=redelivery key=pf-s313-graded:4937 partition=1 offset=1264 suppressed=false
time=2026-09-03T23:37:56.709Z level=INFO msg=redelivery key=pf-s313-graded:4939 partition=1 offset=1265 suppressed=false
time=2026-09-03T23:37:56.728Z level=INFO msg=redelivery key=pf-s313-graded:4940 partition=1 offset=1266 suppressed=false
time=2026-09-03T23:37:56.749Z level=INFO msg=redelivery key=pf-s313-graded:4942 partition=1 offset=1267 suppressed=false
time=2026-09-03T23:37:56.768Z level=INFO msg=redelivery key=pf-s313-graded:4943 partition=1 offset=1268 suppressed=false
time=2026-09-03T23:37:56.788Z level=INFO msg=redelivery key=pf-s313-graded:4945 partition=1 offset=1269 suppressed=false
time=2026-09-03T23:37:56.808Z level=INFO msg=redelivery key=pf-s313-graded:4949 partition=1 offset=1270 suppressed=false
time=2026-09-03T23:37:56.828Z level=INFO msg=redelivery key=pf-s313-graded:4952 partition=1 offset=1271 suppressed=false
time=2026-09-03T23:37:56.849Z level=INFO msg=redelivery key=pf-s313-graded:4954 partition=1 offset=1272 suppressed=false
time=2026-09-03T23:37:56.868Z level=INFO msg=redelivery key=pf-s313-graded:4960 partition=1 offset=1273 suppressed=false
time=2026-09-03T23:37:56.888Z level=INFO msg=redelivery key=pf-s313-graded:4963 partition=1 offset=1274 suppressed=false
time=2026-09-03T23:37:56.908Z level=INFO msg=redelivery key=pf-s313-graded:4966 partition=1 offset=1275 suppressed=false
time=2026-09-03T23:37:56.929Z level=INFO msg=redelivery key=pf-s313-graded:4974 partition=1 offset=1276 suppressed=false
time=2026-09-03T23:37:56.948Z level=INFO msg=redelivery key=pf-s313-graded:4979 partition=1 offset=1277 suppressed=false
time=2026-09-03T23:37:56.969Z level=INFO msg=redelivery key=pf-s313-graded:4980 partition=1 offset=1278 suppressed=false
time=2026-09-03T23:37:56.988Z level=INFO msg=redelivery key=pf-s313-graded:4989 partition=1 offset=1279 suppressed=false
time=2026-09-03T23:37:57.009Z level=INFO msg=redelivery key=pf-s313-graded:4992 partition=1 offset=1280 suppressed=false
time=2026-09-03T23:37:57.028Z level=INFO msg=redelivery key=pf-s313-graded:4995 partition=1 offset=1281 suppressed=false
time=2026-09-03T23:37:57.049Z level=INFO msg=redelivery key=pf-s313-graded:4996 partition=1 offset=1282 suppressed=false
time=2026-09-03T23:37:57.068Z level=INFO msg=redelivery key=pf-s313-graded:4997 partition=1 offset=1283 suppressed=false
time=2026-09-03T23:37:57.089Z level=INFO msg=redelivery key=pf-s313-graded:5005 partition=1 offset=1284 suppressed=false
time=2026-09-03T23:37:57.108Z level=INFO msg=redelivery key=pf-s313-graded:5010 partition=1 offset=1285 suppressed=false
time=2026-09-03T23:37:57.128Z level=INFO msg=redelivery key=pf-s313-graded:5014 partition=1 offset=1286 suppressed=false
time=2026-09-03T23:37:57.149Z level=INFO msg=redelivery key=pf-s313-graded:5016 partition=1 offset=1287 suppressed=false
time=2026-09-03T23:37:57.168Z level=INFO msg=redelivery key=pf-s313-graded:5018 partition=1 offset=1288 suppressed=false
time=2026-09-03T23:37:57.189Z level=INFO msg=redelivery key=pf-s313-graded:5023 partition=1 offset=1289 suppressed=false
time=2026-09-03T23:37:57.208Z level=INFO msg=redelivery key=pf-s313-graded:5028 partition=1 offset=1290 suppressed=false
time=2026-09-03T23:37:57.228Z level=INFO msg=redelivery key=pf-s313-graded:5029 partition=1 offset=1291 suppressed=false
time=2026-09-03T23:37:57.249Z level=INFO msg=redelivery key=pf-s313-graded:5037 partition=1 offset=1292 suppressed=false
time=2026-09-03T23:37:57.268Z level=INFO msg=redelivery key=pf-s313-graded:5040 partition=1 offset=1293 suppressed=false
time=2026-09-03T23:37:57.289Z level=INFO msg=redelivery key=pf-s313-graded:5050 partition=1 offset=1294 suppressed=false
time=2026-09-03T23:37:57.308Z level=INFO msg=redelivery key=pf-s313-graded:5058 partition=1 offset=1295 suppressed=false
time=2026-09-03T23:37:57.328Z level=INFO msg=redelivery key=pf-s313-graded:5062 partition=1 offset=1296 suppressed=false
time=2026-09-03T23:37:57.348Z level=INFO msg=redelivery key=pf-s313-graded:5063 partition=1 offset=1297 suppressed=false
time=2026-09-03T23:37:57.369Z level=INFO msg=redelivery key=pf-s313-graded:5064 partition=1 offset=1298 suppressed=false
time=2026-09-03T23:37:57.388Z level=INFO msg=redelivery key=pf-s313-graded:5065 partition=1 offset=1299 suppressed=false
time=2026-09-03T23:37:57.409Z level=INFO msg=redelivery key=pf-s313-graded:5068 partition=1 offset=1300 suppressed=false
time=2026-09-03T23:37:57.428Z level=INFO msg=redelivery key=pf-s313-graded:5070 partition=1 offset=1301 suppressed=false
time=2026-09-03T23:37:57.449Z level=INFO msg=redelivery key=pf-s313-graded:5076 partition=1 offset=1302 suppressed=false
time=2026-09-03T23:37:57.468Z level=INFO msg=redelivery key=pf-s313-graded:5087 partition=1 offset=1303 suppressed=false
time=2026-09-03T23:37:57.489Z level=INFO msg=redelivery key=pf-s313-graded:5097 partition=1 offset=1304 suppressed=false
time=2026-09-03T23:37:57.508Z level=INFO msg=redelivery key=pf-s313-graded:5102 partition=1 offset=1305 suppressed=false
time=2026-09-03T23:37:57.529Z level=INFO msg=redelivery key=pf-s313-graded:5103 partition=1 offset=1306 suppressed=false
time=2026-09-03T23:37:57.548Z level=INFO msg=redelivery key=pf-s313-graded:5104 partition=1 offset=1307 suppressed=false
time=2026-09-03T23:37:58.928Z level=INFO msg="fault fired" key=pf-s313-graded:5442 partition=0 offset=1388 epoch=0
time=2026-09-03T23:37:58.928Z level=INFO msg="fault fired" key=pf-s313-graded:5821 partition=0 offset=1478 epoch=0
time=2026-09-03T23:37:58.928Z level=INFO msg="fault fired" key=pf-s313-graded:5993 partition=0 offset=1526 epoch=0
time=2026-09-03T23:37:58.929Z level=INFO msg="fault fired" key=pf-s313-graded:5120 partition=1 offset=1308 epoch=0
time=2026-09-03T23:37:58.929Z level=INFO msg="rewinding instead of committing" key=pf-s313-graded:5442 partition=0 offset=1388 epoch=0
time=2026-09-03T23:37:58.929Z level=INFO msg="rewinding instead of committing" key=pf-s313-graded:5120 partition=1 offset=1308 epoch=0
time=2026-09-03T23:37:58.948Z level=INFO msg=redelivery key=pf-s313-graded:5120 partition=1 offset=1308 suppressed=false
time=2026-09-03T23:37:58.969Z level=INFO msg=redelivery key=pf-s313-graded:5123 partition=1 offset=1309 suppressed=false
time=2026-09-03T23:37:58.989Z level=INFO msg=redelivery key=pf-s313-graded:5124 partition=1 offset=1310 suppressed=false
time=2026-09-03T23:37:59.009Z level=INFO msg=redelivery key=pf-s313-graded:5130 partition=1 offset=1311 suppressed=false
time=2026-09-03T23:37:59.029Z level=INFO msg=redelivery key=pf-s313-graded:5131 partition=1 offset=1312 suppressed=false
time=2026-09-03T23:37:59.048Z level=INFO msg=redelivery key=pf-s313-graded:5132 partition=1 offset=1313 suppressed=false
time=2026-09-03T23:37:59.069Z level=INFO msg=redelivery key=pf-s313-graded:5137 partition=1 offset=1314 suppressed=false
time=2026-09-03T23:37:59.088Z level=INFO msg=redelivery key=pf-s313-graded:5139 partition=1 offset=1315 suppressed=false
time=2026-09-03T23:37:59.108Z level=INFO msg=redelivery key=pf-s313-graded:5141 partition=1 offset=1316 suppressed=false
time=2026-09-03T23:37:59.128Z level=INFO msg=redelivery key=pf-s313-graded:5144 partition=1 offset=1317 suppressed=false
time=2026-09-03T23:37:59.148Z level=INFO msg=redelivery key=pf-s313-graded:5146 partition=1 offset=1318 suppressed=false
time=2026-09-03T23:37:59.169Z level=INFO msg=redelivery key=pf-s313-graded:5151 partition=1 offset=1319 suppressed=false
time=2026-09-03T23:37:59.188Z level=INFO msg=redelivery key=pf-s313-graded:5152 partition=1 offset=1320 suppressed=false
time=2026-09-03T23:37:59.208Z level=INFO msg=redelivery key=pf-s313-graded:5154 partition=1 offset=1321 suppressed=false
time=2026-09-03T23:37:59.229Z level=INFO msg=redelivery key=pf-s313-graded:5160 partition=1 offset=1322 suppressed=false
time=2026-09-03T23:37:59.249Z level=INFO msg=redelivery key=pf-s313-graded:5166 partition=1 offset=1323 suppressed=false
time=2026-09-03T23:37:59.269Z level=INFO msg=redelivery key=pf-s313-graded:5169 partition=1 offset=1324 suppressed=false
time=2026-09-03T23:37:59.288Z level=INFO msg=redelivery key=pf-s313-graded:5185 partition=1 offset=1325 suppressed=false
time=2026-09-03T23:37:59.309Z level=INFO msg=redelivery key=pf-s313-graded:5189 partition=1 offset=1326 suppressed=false
time=2026-09-03T23:37:59.328Z level=INFO msg=redelivery key=pf-s313-graded:5191 partition=1 offset=1327 suppressed=false
time=2026-09-03T23:37:59.349Z level=INFO msg=redelivery key=pf-s313-graded:5194 partition=1 offset=1328 suppressed=false
time=2026-09-03T23:37:59.368Z level=INFO msg=redelivery key=pf-s313-graded:5197 partition=1 offset=1329 suppressed=false
time=2026-09-03T23:37:59.388Z level=INFO msg=redelivery key=pf-s313-graded:5204 partition=1 offset=1330 suppressed=false
time=2026-09-03T23:37:59.409Z level=INFO msg=redelivery key=pf-s313-graded:5208 partition=1 offset=1331 suppressed=false
time=2026-09-03T23:37:59.428Z level=INFO msg=redelivery key=pf-s313-graded:5211 partition=1 offset=1332 suppressed=false
time=2026-09-03T23:37:59.449Z level=INFO msg=redelivery key=pf-s313-graded:5212 partition=1 offset=1333 suppressed=false
time=2026-09-03T23:37:59.468Z level=INFO msg=redelivery key=pf-s313-graded:5215 partition=1 offset=1334 suppressed=false
time=2026-09-03T23:37:59.488Z level=INFO msg=redelivery key=pf-s313-graded:5227 partition=1 offset=1335 suppressed=false
time=2026-09-03T23:37:59.509Z level=INFO msg=redelivery key=pf-s313-graded:5228 partition=1 offset=1336 suppressed=false
time=2026-09-03T23:37:59.529Z level=INFO msg=redelivery key=pf-s313-graded:5235 partition=1 offset=1337 suppressed=false
time=2026-09-03T23:37:59.549Z level=INFO msg=redelivery key=pf-s313-graded:5239 partition=1 offset=1338 suppressed=false
time=2026-09-03T23:37:59.568Z level=INFO msg=redelivery key=pf-s313-graded:5248 partition=1 offset=1339 suppressed=false
time=2026-09-03T23:37:59.589Z level=INFO msg=redelivery key=pf-s313-graded:5250 partition=1 offset=1340 suppressed=false
time=2026-09-03T23:37:59.608Z level=INFO msg=redelivery key=pf-s313-graded:5253 partition=1 offset=1341 suppressed=false
time=2026-09-03T23:37:59.629Z level=INFO msg=redelivery key=pf-s313-graded:5255 partition=1 offset=1342 suppressed=false
time=2026-09-03T23:37:59.648Z level=INFO msg=redelivery key=pf-s313-graded:5257 partition=1 offset=1343 suppressed=false
time=2026-09-03T23:37:59.669Z level=INFO msg=redelivery key=pf-s313-graded:5260 partition=1 offset=1344 suppressed=false
time=2026-09-03T23:37:59.689Z level=INFO msg=redelivery key=pf-s313-graded:5262 partition=1 offset=1345 suppressed=false
time=2026-09-03T23:37:59.708Z level=INFO msg=redelivery key=pf-s313-graded:5263 partition=1 offset=1346 suppressed=false
time=2026-09-03T23:37:59.728Z level=INFO msg=redelivery key=pf-s313-graded:5272 partition=1 offset=1347 suppressed=false
time=2026-09-03T23:37:59.749Z level=INFO msg=redelivery key=pf-s313-graded:5275 partition=1 offset=1348 suppressed=false
time=2026-09-03T23:37:59.768Z level=INFO msg=redelivery key=pf-s313-graded:5277 partition=1 offset=1349 suppressed=false
time=2026-09-03T23:37:59.789Z level=INFO msg=redelivery key=pf-s313-graded:5278 partition=1 offset=1350 suppressed=false
time=2026-09-03T23:37:59.808Z level=INFO msg=redelivery key=pf-s313-graded:5280 partition=1 offset=1351 suppressed=false
time=2026-09-03T23:37:59.829Z level=INFO msg=redelivery key=pf-s313-graded:5284 partition=1 offset=1352 suppressed=false
time=2026-09-03T23:37:59.848Z level=INFO msg=redelivery key=pf-s313-graded:5290 partition=1 offset=1353 suppressed=false
time=2026-09-03T23:37:59.868Z level=INFO msg=redelivery key=pf-s313-graded:5293 partition=1 offset=1354 suppressed=false
time=2026-09-03T23:37:59.888Z level=INFO msg=redelivery key=pf-s313-graded:5294 partition=1 offset=1355 suppressed=false
time=2026-09-03T23:37:59.908Z level=INFO msg=redelivery key=pf-s313-graded:5296 partition=1 offset=1356 suppressed=false
time=2026-09-03T23:37:59.929Z level=INFO msg=redelivery key=pf-s313-graded:5298 partition=1 offset=1357 suppressed=false
time=2026-09-03T23:37:59.948Z level=INFO msg=redelivery key=pf-s313-graded:5304 partition=1 offset=1358 suppressed=false
time=2026-09-03T23:37:59.969Z level=INFO msg=redelivery key=pf-s313-graded:5311 partition=1 offset=1359 suppressed=false
time=2026-09-03T23:37:59.989Z level=INFO msg=redelivery key=pf-s313-graded:5314 partition=1 offset=1360 suppressed=false
time=2026-09-03T23:38:00.008Z level=INFO msg=redelivery key=pf-s313-graded:5316 partition=1 offset=1361 suppressed=false
time=2026-09-03T23:38:00.028Z level=INFO msg=redelivery key=pf-s313-graded:5317 partition=1 offset=1362 suppressed=false
time=2026-09-03T23:38:00.049Z level=INFO msg=redelivery key=pf-s313-graded:5320 partition=1 offset=1363 suppressed=false
time=2026-09-03T23:38:00.068Z level=INFO msg=redelivery key=pf-s313-graded:5324 partition=1 offset=1364 suppressed=false
time=2026-09-03T23:38:00.089Z level=INFO msg=redelivery key=pf-s313-graded:5329 partition=1 offset=1365 suppressed=false
time=2026-09-03T23:38:00.108Z level=INFO msg=redelivery key=pf-s313-graded:5336 partition=1 offset=1366 suppressed=false
time=2026-09-03T23:38:00.129Z level=INFO msg=redelivery key=pf-s313-graded:5338 partition=1 offset=1367 suppressed=false
time=2026-09-03T23:38:00.148Z level=INFO msg=redelivery key=pf-s313-graded:5344 partition=1 offset=1368 suppressed=false
time=2026-09-03T23:38:00.169Z level=INFO msg=redelivery key=pf-s313-graded:5345 partition=1 offset=1369 suppressed=false
time=2026-09-03T23:38:00.188Z level=INFO msg=redelivery key=pf-s313-graded:5355 partition=1 offset=1370 suppressed=false
time=2026-09-03T23:38:00.208Z level=INFO msg=redelivery key=pf-s313-graded:5356 partition=1 offset=1371 suppressed=false
time=2026-09-03T23:38:00.228Z level=INFO msg=redelivery key=pf-s313-graded:5358 partition=1 offset=1372 suppressed=false
time=2026-09-03T23:38:00.249Z level=INFO msg=redelivery key=pf-s313-graded:5360 partition=1 offset=1373 suppressed=false
time=2026-09-03T23:38:00.269Z level=INFO msg=redelivery key=pf-s313-graded:5363 partition=1 offset=1374 suppressed=false
time=2026-09-03T23:38:00.288Z level=INFO msg=redelivery key=pf-s313-graded:5365 partition=1 offset=1375 suppressed=false
time=2026-09-03T23:38:00.309Z level=INFO msg=redelivery key=pf-s313-graded:5372 partition=1 offset=1376 suppressed=false
