time=2026-09-03T23:42:42.704Z level=INFO msg="waiting for the broker" brokers=[kafka:9092]
time=2026-09-03T23:42:42.706Z level=INFO msg="metrics listening" addr=:2112
time=2026-09-03T23:42:42.781Z level=INFO msg="delivery semantics configured" dedupe=true capacity=50000 ttl=10m0s header=kafka-lab-event-id fault_rate=0.01 fault_seed=pf-s313
time=2026-09-03T23:42:47.975Z level=INFO msg="fault fired" key=pf-s313-graded:251 partition=2 offset=131 epoch=0
time=2026-09-03T23:42:47.975Z level=INFO msg="rewinding instead of committing" key=pf-s313-graded:251 partition=2 offset=131 epoch=0
time=2026-09-03T23:42:48.019Z level=INFO msg=redelivery key=pf-s313-graded:251 partition=2 offset=131 suppressed=true
time=2026-09-03T23:42:49.619Z level=INFO msg="fault fired" key=pf-s313-graded:331 partition=2 offset=177 epoch=0
time=2026-09-03T23:42:49.619Z level=INFO msg="rewinding instead of committing" key=pf-s313-graded:331 partition=2 offset=177 epoch=0
time=2026-09-03T23:42:49.820Z level=INFO msg=redelivery key=pf-s313-graded:331 partition=2 offset=177 suppressed=true
time=2026-09-03T23:42:50.193Z level=INFO msg="fault fired" key=pf-s313-graded:350 partition=0 offset=81 epoch=0
time=2026-09-03T23:42:50.193Z level=INFO msg="rewinding instead of committing" key=pf-s313-graded:350 partition=0 offset=81 epoch=0
time=2026-09-03T23:42:50.411Z level=INFO msg=redelivery key=pf-s313-graded:350 partition=0 offset=81 suppressed=true
time=2026-09-03T23:42:50.434Z level=INFO msg=redelivery key=pf-s313-graded:353 partition=0 offset=82 suppressed=true
time=2026-09-03T23:42:50.451Z level=INFO msg=redelivery key=pf-s313-graded:355 partition=0 offset=83 suppressed=true
time=2026-09-03T23:42:52.716Z level=INFO msg="fault fired" key=pf-s313-graded:474 partition=1 offset=120 epoch=0
time=2026-09-03T23:42:52.717Z level=INFO msg="rewinding instead of committing" key=pf-s313-graded:474 partition=1 offset=120 epoch=0
time=2026-09-03T23:42:52.835Z level=INFO msg=redelivery key=pf-s313-graded:474 partition=1 offset=120 suppressed=true
time=2026-09-03T23:42:52.856Z level=INFO msg=redelivery key=pf-s313-graded:476 partition=1 offset=121 suppressed=true
time=2026-09-03T23:42:52.876Z level=INFO msg=redelivery key=pf-s313-graded:477 partition=1 offset=122 suppressed=true
time=2026-09-03T23:42:57.337Z level=INFO msg="fault fired" key=pf-s313-graded:695 partition=0 offset=167 epoch=0
time=2026-09-03T23:42:57.338Z level=INFO msg="rewinding instead of committing" key=pf-s313-graded:695 partition=0 offset=167 epoch=0
time=2026-09-03T23:42:57.657Z level=INFO msg=redelivery key=pf-s313-graded:695 partition=0 offset=167 suppressed=true
time=2026-09-03T23:42:57.677Z level=INFO msg=redelivery key=pf-s313-graded:698 partition=0 offset=168 suppressed=true
time=2026-09-03T23:42:57.696Z level=INFO msg=redelivery key=pf-s313-graded:703 partition=0 offset=169 suppressed=true
time=2026-09-03T23:42:57.718Z level=INFO msg=redelivery key=pf-s313-graded:705 partition=0 offset=170 suppressed=true
time=2026-09-03T23:42:57.737Z level=INFO msg=redelivery key=pf-s313-graded:707 partition=0 offset=171 suppressed=true
time=2026-09-03T23:42:57.757Z level=INFO msg=redelivery key=pf-s313-graded:708 partition=0 offset=172 suppressed=true
time=2026-09-03T23:42:57.877Z level=INFO msg="fault fired" key=pf-s313-graded:715 partition=0 offset=174 epoch=0
time=2026-09-03T23:42:57.877Z level=INFO msg="rewinding instead of committing" key=pf-s313-graded:715 partition=0 offset=174 epoch=0
time=2026-09-03T23:42:57.900Z level=INFO msg=redelivery key=pf-s313-graded:715 partition=0 offset=174 suppressed=true
time=2026-09-03T23:42:57.917Z level=INFO msg=redelivery key=pf-s313-graded:716 partition=0 offset=175 suppressed=true
time=2026-09-03T23:42:57.937Z level=INFO msg=redelivery key=pf-s313-graded:717 partition=0 offset=176 suppressed=true
time=2026-09-03T23:42:57.957Z level=INFO msg=redelivery key=pf-s313-graded:724 partition=0 offset=177 suppressed=true
time=2026-09-03T23:42:57.977Z level=INFO msg=redelivery key=pf-s313-graded:726 partition=0 offset=178 suppressed=true
time=2026-09-03T23:43:00.440Z level=INFO msg="fault fired" key=pf-s313-graded:832 partition=1 offset=215 epoch=0
time=2026-09-03T23:43:00.441Z level=INFO msg="rewinding instead of committing" key=pf-s313-graded:832 partition=1 offset=215 epoch=0
time=2026-09-03T23:43:00.919Z level=INFO msg=redelivery key=pf-s313-graded:832 partition=1 offset=215 suppressed=true
time=2026-09-03T23:43:00.939Z level=INFO msg=redelivery key=pf-s313-graded:833 partition=1 offset=216 suppressed=true
time=2026-09-03T23:43:00.958Z level=INFO msg=redelivery key=pf-s313-graded:834 partition=1 offset=217 suppressed=true
time=2026-09-03T23:43:00.979Z level=INFO msg=redelivery key=pf-s313-graded:844 partition=1 offset=218 suppressed=true
time=2026-09-03T23:43:01.000Z level=INFO msg=redelivery key=pf-s313-graded:847 partition=1 offset=219 suppressed=true
time=2026-09-03T23:43:01.019Z level=INFO msg=redelivery key=pf-s313-graded:848 partition=1 offset=220 suppressed=true
time=2026-09-03T23:43:01.039Z level=INFO msg=redelivery key=pf-s313-graded:852 partition=1 offset=221 suppressed=true
time=2026-09-03T23:43:01.059Z level=INFO msg=redelivery key=pf-s313-graded:853 partition=1 offset=222 suppressed=true
time=2026-09-03T23:43:02.092Z level=INFO msg="fault fired" key=pf-s313-graded:890 partition=2 offset=433 epoch=0
time=2026-09-03T23:43:02.092Z level=INFO msg="rewinding instead of committing" key=pf-s313-graded:890 partition=2 offset=433 epoch=0
time=2026-09-03T23:43:02.452Z level=INFO msg=redelivery key=pf-s313-graded:890 partition=2 offset=433 suppressed=true
time=2026-09-03T23:43:02.472Z level=INFO msg=redelivery key=pf-s313-graded:893 partition=2 offset=434 suppressed=true
time=2026-09-03T23:43:02.492Z level=INFO msg=redelivery key=pf-s313-graded:894 partition=2 offset=435 suppressed=true
time=2026-09-03T23:43:02.512Z level=INFO msg=redelivery key=pf-s313-graded:899 partition=2 offset=436 suppressed=true
time=2026-09-03T23:43:02.532Z level=INFO msg=redelivery key=pf-s313-graded:901 partition=2 offset=437 suppressed=true
time=2026-09-03T23:43:02.553Z level=INFO msg=redelivery key=pf-s313-graded:903 partition=2 offset=438 suppressed=true
time=2026-09-03T23:43:02.574Z level=INFO msg=redelivery key=pf-s313-graded:905 partition=2 offset=439 suppressed=true
time=2026-09-03T23:43:02.592Z level=INFO msg=redelivery key=pf-s313-graded:906 partition=2 offset=440 suppressed=true
time=2026-09-03T23:43:02.612Z level=INFO msg=redelivery key=pf-s313-graded:907 partition=2 offset=441 suppressed=true
time=2026-09-03T23:43:02.632Z level=INFO msg=redelivery key=pf-s313-graded:910 partition=2 offset=442 suppressed=true
time=2026-09-03T23:43:02.655Z level=INFO msg=redelivery key=pf-s313-graded:911 partition=2 offset=443 suppressed=true
time=2026-09-03T23:43:02.672Z level=INFO msg=redelivery key=pf-s313-graded:914 partition=2 offset=444 suppressed=true
time=2026-09-03T23:43:02.692Z level=INFO msg=redelivery key=pf-s313-graded:915 partition=2 offset=445 suppressed=true
time=2026-09-03T23:43:02.713Z level=INFO msg=redelivery key=pf-s313-graded:916 partition=2 offset=446 suppressed=true
time=2026-09-03T23:43:02.732Z level=INFO msg=redelivery key=pf-s313-graded:920 partition=2 offset=447 suppressed=true
time=2026-09-03T23:43:02.754Z level=INFO msg=redelivery key=pf-s313-graded:924 partition=2 offset=448 suppressed=true
time=2026-09-03T23:43:02.772Z level=INFO msg=redelivery key=pf-s313-graded:927 partition=2 offset=449 suppressed=true
time=2026-09-03T23:43:03.254Z level=INFO msg="fault fired" key=pf-s313-graded:942 partition=1 offset=247 epoch=0
time=2026-09-03T23:43:03.254Z level=INFO msg="fault fired" key=pf-s313-graded:963 partition=2 offset=470 epoch=0
time=2026-09-03T23:43:03.254Z level=INFO msg="rewinding instead of committing" key=pf-s313-graded:963 partition=2 offset=470 epoch=0
time=2026-09-03T23:43:03.254Z level=INFO msg="rewinding instead of committing" key=pf-s313-graded:942 partition=1 offset=247 epoch=0
time=2026-09-03T23:43:03.273Z level=INFO msg=redelivery key=pf-s313-graded:963 partition=2 offset=470 suppressed=true
time=2026-09-03T23:43:03.292Z level=INFO msg=redelivery key=pf-s313-graded:964 partition=2 offset=471 suppressed=true
time=2026-09-03T23:43:03.312Z level=INFO msg=redelivery key=pf-s313-graded:967 partition=2 offset=472 suppressed=true
time=2026-09-03T23:43:03.333Z level=INFO msg=redelivery key=pf-s313-graded:968 partition=2 offset=473 suppressed=true
time=2026-09-03T23:43:04.232Z level=INFO msg=redelivery key=pf-s313-graded:942 partition=1 offset=247 suppressed=true
time=2026-09-03T23:43:04.252Z level=INFO msg=redelivery key=pf-s313-graded:945 partition=1 offset=248 suppressed=true
time=2026-09-03T23:43:04.272Z level=INFO msg=redelivery key=pf-s313-graded:953 partition=1 offset=249 suppressed=true
time=2026-09-03T23:43:04.295Z level=INFO msg=redelivery key=pf-s313-graded:955 partition=1 offset=250 suppressed=true
time=2026-09-03T23:43:04.313Z level=INFO msg=redelivery key=pf-s313-graded:956 partition=1 offset=251 suppressed=true
time=2026-09-03T23:43:07.272Z level=INFO msg="fault fired" key=pf-s313-graded:1113 partition=0 offset=281 epoch=0
time=2026-09-03T23:43:07.272Z level=INFO msg="rewinding instead of committing" key=pf-s313-graded:1113 partition=0 offset=281 epoch=0
time=2026-09-03T23:43:07.933Z level=INFO msg=redelivery key=pf-s313-graded:1113 partition=0 offset=281 suppressed=true
time=2026-09-03T23:43:07.952Z level=INFO msg=redelivery key=pf-s313-graded:1116 partition=0 offset=282 suppressed=true
time=2026-09-03T23:43:07.972Z level=INFO msg=redelivery key=pf-s313-graded:1118 partition=0 offset=283 suppressed=true
time=2026-09-03T23:43:07.992Z level=INFO msg=redelivery key=pf-s313-graded:1123 partition=0 offset=284 suppressed=true
time=2026-09-03T23:43:08.012Z level=INFO msg=redelivery key=pf-s313-graded:1124 partition=0 offset=285 suppressed=true
time=2026-09-03T23:43:08.032Z level=INFO msg=redelivery key=pf-s313-graded:1126 partition=0 offset=286 suppressed=true
time=2026-09-03T23:43:08.052Z level=INFO msg=redelivery key=pf-s313-graded:1134 partition=0 offset=287 suppressed=true
time=2026-09-03T23:43:08.072Z level=INFO msg=redelivery key=pf-s313-graded:1135 partition=0 offset=288 suppressed=true
time=2026-09-03T23:43:08.093Z level=INFO msg=redelivery key=pf-s313-graded:1137 partition=0 offset=289 suppressed=true
time=2026-09-03T23:43:08.113Z level=INFO msg=redelivery key=pf-s313-graded:1147 partition=0 offset=290 suppressed=true
time=2026-09-03T23:43:08.137Z level=INFO msg=redelivery key=pf-s313-graded:1148 partition=0 offset=291 suppressed=true
time=2026-09-03T23:43:08.152Z level=INFO msg=redelivery key=pf-s313-graded:1150 partition=0 offset=292 suppressed=true
time=2026-09-03T23:43:08.172Z level=INFO msg=redelivery key=pf-s313-graded:1151 partition=0 offset=293 suppressed=true
time=2026-09-03T23:43:08.192Z level=INFO msg=redelivery key=pf-s313-graded:1157 partition=0 offset=294 suppressed=true
time=2026-09-03T23:43:08.212Z level=INFO msg=redelivery key=pf-s313-graded:1158 partition=0 offset=295 suppressed=true
time=2026-09-03T23:43:08.912Z level=INFO msg="fault fired" key=pf-s313-graded:1205 partition=1 offset=314 epoch=0
time=2026-09-03T23:43:08.912Z level=INFO msg="rewinding instead of committing" key=pf-s313-graded:1205 partition=1 offset=314 epoch=0
time=2026-09-03T23:43:08.933Z level=INFO msg=redelivery key=pf-s313-graded:1205 partition=1 offset=314 suppressed=true
time=2026-09-03T23:43:08.953Z level=INFO msg=redelivery key=pf-s313-graded:1208 partition=1 offset=315 suppressed=true
time=2026-09-03T23:43:08.974Z level=INFO msg=redelivery key=pf-s313-graded:1214 partition=1 offset=316 suppressed=true
time=2026-09-03T23:43:08.993Z level=INFO msg=redelivery key=pf-s313-graded:1221 partition=1 offset=317 suppressed=true
time=2026-09-03T23:43:09.017Z level=INFO msg=redelivery key=pf-s313-graded:1224 partition=1 offset=318 suppressed=true
time=2026-09-03T23:43:09.032Z level=INFO msg=redelivery key=pf-s313-graded:1225 partition=1 offset=319 suppressed=true
time=2026-09-03T23:43:09.052Z level=INFO msg=redelivery key=pf-s313-graded:1227 partition=1 offset=320 suppressed=true
time=2026-09-03T23:43:12.472Z level=INFO msg="fault fired" key=pf-s313-graded:1335 partition=1 offset=346 epoch=0
time=2026-09-03T23:43:12.472Z level=INFO msg="fault fired" key=pf-s313-graded:1383 partition=0 offset=357 epoch=0
time=2026-09-03T23:43:12.472Z level=INFO msg="rewinding instead of committing" key=pf-s313-graded:1335 partition=1 offset=346 epoch=0
time=2026-09-03T23:43:12.472Z level=INFO msg="rewinding instead of committing" key=pf-s313-graded:1383 partition=0 offset=357 epoch=0
time=2026-09-03T23:43:13.352Z level=INFO msg=redelivery key=pf-s313-graded:1383 partition=0 offset=357 suppressed=true
time=2026-09-03T23:43:13.375Z level=INFO msg=redelivery key=pf-s313-graded:1386 partition=0 offset=358 suppressed=true
time=2026-09-03T23:43:13.774Z level=INFO msg=redelivery key=pf-s313-graded:1335 partition=1 offset=346 suppressed=true
time=2026-09-03T23:43:13.794Z level=INFO msg=redelivery key=pf-s313-graded:1340 partition=1 offset=347 suppressed=true
time=2026-09-03T23:43:13.814Z level=INFO msg=redelivery key=pf-s313-graded:1342 partition=1 offset=348 suppressed=true
time=2026-09-03T23:43:13.832Z level=INFO msg=redelivery key=pf-s313-graded:1348 partition=1 offset=349 suppressed=true
time=2026-09-03T23:43:13.852Z level=INFO msg=redelivery key=pf-s313-graded:1350 partition=1 offset=350 suppressed=true
time=2026-09-03T23:43:13.875Z level=INFO msg=redelivery key=pf-s313-graded:1351 partition=1 offset=351 suppressed=true
time=2026-09-03T23:43:13.892Z level=INFO msg=redelivery key=pf-s313-graded:1357 partition=1 offset=352 suppressed=true
time=2026-09-03T23:43:13.912Z level=INFO msg=redelivery key=pf-s313-graded:1358 partition=1 offset=353 suppressed=true
time=2026-09-03T23:43:13.932Z level=INFO msg=redelivery key=pf-s313-graded:1363 partition=1 offset=354 suppressed=true
time=2026-09-03T23:43:13.952Z level=INFO msg=redelivery key=pf-s313-graded:1370 partition=1 offset=355 suppressed=true
time=2026-09-03T23:43:13.974Z level=INFO msg=redelivery key=pf-s313-graded:1372 partition=1 offset=356 suppressed=true
time=2026-09-03T23:43:13.994Z level=INFO msg=redelivery key=pf-s313-graded:1378 partition=1 offset=357 suppressed=true
time=2026-09-03T23:43:14.013Z level=INFO msg=redelivery key=pf-s313-graded:1384 partition=1 offset=358 suppressed=true
time=2026-09-03T23:43:14.036Z level=INFO msg=redelivery key=pf-s313-graded:1387 partition=1 offset=359 suppressed=true
time=2026-09-03T23:43:14.053Z level=INFO msg=redelivery key=pf-s313-graded:1391 partition=1 offset=360 suppressed=true
time=2026-09-03T23:43:14.074Z level=INFO msg=redelivery key=pf-s313-graded:1392 partition=1 offset=361 suppressed=true
time=2026-09-03T23:43:14.093Z level=INFO msg=redelivery key=pf-s313-graded:1395 partition=1 offset=362 suppressed=true
time=2026-09-03T23:43:14.113Z level=INFO msg=redelivery key=pf-s313-graded:1397 partition=1 offset=363 suppressed=true
time=2026-09-03T23:43:14.652Z level=INFO msg="fault fired" key=pf-s313-graded:1474 partition=2 offset=712 epoch=0
time=2026-09-03T23:43:14.655Z level=INFO msg="fault fired" key=pf-s313-graded:1412 partition=1 offset=366 epoch=0
time=2026-09-03T23:43:14.655Z level=INFO msg="rewinding instead of committing" key=pf-s313-graded:1474 partition=2 offset=712 epoch=0
time=2026-09-03T23:43:14.655Z level=INFO msg="rewinding instead of committing" key=pf-s313-graded:1412 partition=1 offset=366 epoch=0
time=2026-09-03T23:43:14.672Z level=INFO msg=redelivery key=pf-s313-graded:1412 partition=1 offset=366 suppressed=true
time=2026-09-03T23:43:14.694Z level=INFO msg=redelivery key=pf-s313-graded:1418 partition=1 offset=367 suppressed=true
time=2026-09-03T23:43:14.713Z level=INFO msg=redelivery key=pf-s313-graded:1422 partition=1 offset=368 suppressed=true
time=2026-09-03T23:43:14.733Z level=INFO msg=redelivery key=pf-s313-graded:1423 partition=1 offset=369 suppressed=true
time=2026-09-03T23:43:14.753Z level=INFO msg=redelivery key=pf-s313-graded:1424 partition=1 offset=370 suppressed=true
time=2026-09-03T23:43:14.772Z level=INFO msg=redelivery key=pf-s313-graded:1430 partition=1 offset=371 suppressed=true
time=2026-09-03T23:43:14.794Z level=INFO msg=redelivery key=pf-s313-graded:1431 partition=1 offset=372 suppressed=true
time=2026-09-03T23:43:14.812Z level=INFO msg=redelivery key=pf-s313-graded:1432 partition=1 offset=373 suppressed=true
time=2026-09-03T23:43:14.833Z level=INFO msg=redelivery key=pf-s313-graded:1434 partition=1 offset=374 suppressed=true
time=2026-09-03T23:43:14.852Z level=INFO msg=redelivery key=pf-s313-graded:1442 partition=1 offset=375 suppressed=true
time=2026-09-03T23:43:14.873Z level=INFO msg=redelivery key=pf-s313-graded:1446 partition=1 offset=376 suppressed=true
time=2026-09-03T23:43:14.892Z level=INFO msg=redelivery key=pf-s313-graded:1451 partition=1 offset=377 suppressed=true
time=2026-09-03T23:43:14.922Z level=INFO msg=redelivery key=pf-s313-graded:1452 partition=1 offset=378 suppressed=true
time=2026-09-03T23:43:14.934Z level=INFO msg=redelivery key=pf-s313-graded:1453 partition=1 offset=379 suppressed=true
time=2026-09-03T23:43:14.952Z level=INFO msg=redelivery key=pf-s313-graded:1459 partition=1 offset=380 suppressed=true
time=2026-09-03T23:43:14.973Z level=INFO msg=redelivery key=pf-s313-graded:1461 partition=1 offset=381 suppressed=true
time=2026-09-03T23:43:14.994Z level=INFO msg=redelivery key=pf-s313-graded:1462 partition=1 offset=382 suppressed=true
time=2026-09-03T23:43:15.012Z level=INFO msg=redelivery key=pf-s313-graded:1467 partition=1 offset=383 suppressed=true
time=2026-09-03T23:43:15.032Z level=INFO msg=redelivery key=pf-s313-graded:1468 partition=1 offset=384 suppressed=true
time=2026-09-03T23:43:15.052Z level=INFO msg=redelivery key=pf-s313-graded:1469 partition=1 offset=385 suppressed=true
time=2026-09-03T23:43:15.072Z level=INFO msg=redelivery key=pf-s313-graded:1478 partition=1 offset=386 suppressed=true
time=2026-09-03T23:43:15.093Z level=INFO msg=redelivery key=pf-s313-graded:1482 partition=1 offset=387 suppressed=true
time=2026-09-03T23:43:15.112Z level=INFO msg=redelivery key=pf-s313-graded:1483 partition=1 offset=388 suppressed=true
time=2026-09-03T23:43:15.133Z level=INFO msg=redelivery key=pf-s313-graded:1485 partition=1 offset=389 suppressed=true
time=2026-09-03T23:43:15.152Z level=INFO msg=redelivery key=pf-s313-graded:1486 partition=1 offset=390 suppressed=true
time=2026-09-03T23:43:15.593Z level=INFO msg=redelivery key=pf-s313-graded:1474 partition=2 offset=712 suppressed=true
time=2026-09-03T23:43:15.614Z level=INFO msg=redelivery key=pf-s313-graded:1476 partition=2 offset=713 suppressed=true
time=2026-09-03T23:43:15.632Z level=INFO msg=redelivery key=pf-s313-graded:1479 partition=2 offset=714 suppressed=true
time=2026-09-03T23:43:15.652Z level=INFO msg=redelivery key=pf-s313-graded:1480 partition=2 offset=715 suppressed=true
time=2026-09-03T23:43:15.674Z level=INFO msg=redelivery key=pf-s313-graded:1481 partition=2 offset=716 suppressed=true
time=2026-09-03T23:43:15.692Z level=INFO msg=redelivery key=pf-s313-graded:1484 partition=2 offset=717 suppressed=true
time=2026-09-03T23:43:17.452Z level=INFO msg="fault fired" key=pf-s313-graded:1570 partition=0 offset=404 epoch=0
time=2026-09-03T23:43:17.453Z level=INFO msg="rewinding instead of committing" key=pf-s313-graded:1570 partition=0 offset=404 epoch=0
time=2026-09-03T23:43:17.473Z level=INFO msg=redelivery key=pf-s313-graded:1570 partition=0 offset=404 suppressed=true
time=2026-09-03T23:43:17.492Z level=INFO msg=redelivery key=pf-s313-graded:1572 partition=0 offset=405 suppressed=true
time=2026-09-03T23:43:17.515Z level=INFO msg=redelivery key=pf-s313-graded:1573 partition=0 offset=406 suppressed=true
time=2026-09-03T23:43:17.532Z level=INFO msg=redelivery key=pf-s313-graded:1575 partition=0 offset=407 suppressed=true
time=2026-09-03T23:43:17.552Z level=INFO msg=redelivery key=pf-s313-graded:1577 partition=0 offset=408 suppressed=true
time=2026-09-03T23:43:17.573Z level=INFO msg=redelivery key=pf-s313-graded:1584 partition=0 offset=409 suppressed=true
time=2026-09-03T23:43:17.592Z level=INFO msg=redelivery key=pf-s313-graded:1585 partition=0 offset=410 suppressed=true
time=2026-09-03T23:43:17.612Z level=INFO msg=redelivery key=pf-s313-graded:1586 partition=0 offset=411 suppressed=true
time=2026-09-03T23:43:17.632Z level=INFO msg=redelivery key=pf-s313-graded:1595 partition=0 offset=412 suppressed=true
time=2026-09-03T23:43:20.432Z level=INFO msg="fault fired" key=pf-s313-graded:1606 partition=0 offset=416 epoch=0
time=2026-09-03T23:43:20.433Z level=INFO msg="fault fired" key=pf-s313-graded:1673 partition=2 offset=802 epoch=0
time=2026-09-03T23:43:20.433Z level=INFO msg="rewinding instead of committing" key=pf-s313-graded:1606 partition=0 offset=416 epoch=0
time=2026-09-03T23:43:20.433Z level=INFO msg="rewinding instead of committing" key=pf-s313-graded:1673 partition=2 offset=802 epoch=0
time=2026-09-03T23:43:20.452Z level=INFO msg=redelivery key=pf-s313-graded:1673 partition=2 offset=802 suppressed=true
time=2026-09-03T23:43:20.472Z level=INFO msg=redelivery key=pf-s313-graded:1674 partition=2 offset=803 suppressed=true
time=2026-09-03T23:43:20.492Z level=INFO msg=redelivery key=pf-s313-graded:1676 partition=2 offset=804 suppressed=true
time=2026-09-03T23:43:20.512Z level=INFO msg=redelivery key=pf-s313-graded:1677 partition=2 offset=805 suppressed=true
time=2026-09-03T23:43:20.532Z level=INFO msg=redelivery key=pf-s313-graded:1678 partition=2 offset=806 suppressed=true
time=2026-09-03T23:43:20.552Z level=INFO msg=redelivery key=pf-s313-graded:1679 partition=2 offset=807 suppressed=true
time=2026-09-03T23:43:20.572Z level=INFO msg=redelivery key=pf-s313-graded:1680 partition=2 offset=808 suppressed=true
time=2026-09-03T23:43:20.592Z level=INFO msg=redelivery key=pf-s313-graded:1681 partition=2 offset=809 suppressed=true
time=2026-09-03T23:43:20.612Z level=INFO msg=redelivery key=pf-s313-graded:1684 partition=2 offset=810 suppressed=true
time=2026-09-03T23:43:20.632Z level=INFO msg=redelivery key=pf-s313-graded:1685 partition=2 offset=811 suppressed=true
time=2026-09-03T23:43:20.652Z level=INFO msg=redelivery key=pf-s313-graded:1688 partition=2 offset=812 suppressed=true
time=2026-09-03T23:43:20.672Z level=INFO msg=redelivery key=pf-s313-graded:1691 partition=2 offset=813 suppressed=true
time=2026-09-03T23:43:20.692Z level=INFO msg=redelivery key=pf-s313-graded:1692 partition=2 offset=814 suppressed=true
time=2026-09-03T23:43:20.712Z level=INFO msg=redelivery key=pf-s313-graded:1694 partition=2 offset=815 suppressed=true
time=2026-09-03T23:43:20.733Z level=INFO msg=redelivery key=pf-s313-graded:1696 partition=2 offset=816 suppressed=true
time=2026-09-03T23:43:20.752Z level=INFO msg=redelivery key=pf-s313-graded:1697 partition=2 offset=817 suppressed=true
time=2026-09-03T23:43:20.772Z level=INFO msg=redelivery key=pf-s313-graded:1699 partition=2 offset=818 suppressed=true
time=2026-09-03T23:43:20.792Z level=INFO msg=redelivery key=pf-s313-graded:1700 partition=2 offset=819 suppressed=true
time=2026-09-03T23:43:20.812Z level=INFO msg=redelivery key=pf-s313-graded:1702 partition=2 offset=820 suppressed=true
time=2026-09-03T23:43:20.832Z level=INFO msg=redelivery key=pf-s313-graded:1705 partition=2 offset=821 suppressed=true
time=2026-09-03T23:43:20.852Z level=INFO msg=redelivery key=pf-s313-graded:1709 partition=2 offset=822 suppressed=true
time=2026-09-03T23:43:20.872Z level=INFO msg=redelivery key=pf-s313-graded:1710 partition=2 offset=823 suppressed=true
time=2026-09-03T23:43:20.892Z level=INFO msg=redelivery key=pf-s313-graded:1711 partition=2 offset=824 suppressed=true
time=2026-09-03T23:43:20.912Z level=INFO msg=redelivery key=pf-s313-graded:1713 partition=2 offset=825 suppressed=true
time=2026-09-03T23:43:20.932Z level=INFO msg=redelivery key=pf-s313-graded:1716 partition=2 offset=826 suppressed=true
time=2026-09-03T23:43:20.953Z level=INFO msg=redelivery key=pf-s313-graded:1718 partition=2 offset=827 suppressed=true
time=2026-09-03T23:43:20.972Z level=INFO msg=redelivery key=pf-s313-graded:1727 partition=2 offset=828 suppressed=true
time=2026-09-03T23:43:20.992Z level=INFO msg=redelivery key=pf-s313-graded:1728 partition=2 offset=829 suppressed=true
time=2026-09-03T23:43:21.012Z level=INFO msg=redelivery key=pf-s313-graded:1732 partition=2 offset=830 suppressed=true
time=2026-09-03T23:43:21.032Z level=INFO msg=redelivery key=pf-s313-graded:1734 partition=2 offset=831 suppressed=true
time=2026-09-03T23:43:22.572Z level=INFO msg=redelivery key=pf-s313-graded:1606 partition=0 offset=416 suppressed=true
time=2026-09-03T23:43:22.592Z level=INFO msg=redelivery key=pf-s313-graded:1613 partition=0 offset=417 suppressed=true
time=2026-09-03T23:43:22.612Z level=INFO msg=redelivery key=pf-s313-graded:1615 partition=0 offset=418 suppressed=true
time=2026-09-03T23:43:22.632Z level=INFO msg=redelivery key=pf-s313-graded:1624 partition=0 offset=419 suppressed=true
time=2026-09-03T23:43:22.652Z level=INFO msg=redelivery key=pf-s313-graded:1626 partition=0 offset=420 suppressed=true
time=2026-09-03T23:43:22.672Z level=INFO msg=redelivery key=pf-s313-graded:1627 partition=0 offset=421 suppressed=true
time=2026-09-03T23:43:22.692Z level=INFO msg=redelivery key=pf-s313-graded:1629 partition=0 offset=422 suppressed=true
time=2026-09-03T23:43:22.712Z level=INFO msg=redelivery key=pf-s313-graded:1636 partition=0 offset=423 suppressed=true
time=2026-09-03T23:43:22.732Z level=INFO msg=redelivery key=pf-s313-graded:1641 partition=0 offset=424 suppressed=true
time=2026-09-03T23:43:22.752Z level=INFO msg=redelivery key=pf-s313-graded:1643 partition=0 offset=425 suppressed=true
time=2026-09-03T23:43:22.773Z level=INFO msg=redelivery key=pf-s313-graded:1645 partition=0 offset=426 suppressed=true
time=2026-09-03T23:43:22.793Z level=INFO msg=redelivery key=pf-s313-graded:1646 partition=0 offset=427 suppressed=true
time=2026-09-03T23:43:22.812Z level=INFO msg=redelivery key=pf-s313-graded:1650 partition=0 offset=428 suppressed=true
time=2026-09-03T23:43:22.834Z level=INFO msg=redelivery key=pf-s313-graded:1657 partition=0 offset=429 suppressed=true
time=2026-09-03T23:43:22.855Z level=INFO msg=redelivery key=pf-s313-graded:1658 partition=0 offset=430 suppressed=true
time=2026-09-03T23:43:22.872Z level=INFO msg=redelivery key=pf-s313-graded:1659 partition=0 offset=431 suppressed=true
time=2026-09-03T23:43:22.892Z level=INFO msg=redelivery key=pf-s313-graded:1664 partition=0 offset=432 suppressed=true
time=2026-09-03T23:43:22.913Z level=INFO msg=redelivery key=pf-s313-graded:1671 partition=0 offset=433 suppressed=true
time=2026-09-03T23:43:22.932Z level=INFO msg=redelivery key=pf-s313-graded:1672 partition=0 offset=434 suppressed=true
time=2026-09-03T23:43:22.952Z level=INFO msg=redelivery key=pf-s313-graded:1682 partition=0 offset=435 suppressed=true
time=2026-09-03T23:43:22.973Z level=INFO msg=redelivery key=pf-s313-graded:1683 partition=0 offset=436 suppressed=true
time=2026-09-03T23:43:22.991Z level=INFO msg=redelivery key=pf-s313-graded:1686 partition=0 offset=437 suppressed=true
time=2026-09-03T23:43:23.012Z level=INFO msg=redelivery key=pf-s313-graded:1687 partition=0 offset=438 suppressed=true
time=2026-09-03T23:43:23.034Z level=INFO msg=redelivery key=pf-s313-graded:1698 partition=0 offset=439 suppressed=true
time=2026-09-03T23:43:23.053Z level=INFO msg=redelivery key=pf-s313-graded:1701 partition=0 offset=440 suppressed=true
time=2026-09-03T23:43:23.073Z level=INFO msg=redelivery key=pf-s313-graded:1704 partition=0 offset=441 suppressed=true
time=2026-09-03T23:43:23.093Z level=INFO msg=redelivery key=pf-s313-graded:1712 partition=0 offset=442 suppressed=true
time=2026-09-03T23:43:23.113Z level=INFO msg=redelivery key=pf-s313-graded:1714 partition=0 offset=443 suppressed=true
time=2026-09-03T23:43:23.132Z level=INFO msg=redelivery key=pf-s313-graded:1724 partition=0 offset=444 suppressed=true
time=2026-09-03T23:43:23.154Z level=INFO msg=redelivery key=pf-s313-graded:1729 partition=0 offset=445 suppressed=true
time=2026-09-03T23:43:23.173Z level=INFO msg=redelivery key=pf-s313-graded:1730 partition=0 offset=446 suppressed=true
time=2026-09-03T23:43:23.193Z level=INFO msg=redelivery key=pf-s313-graded:1735 partition=0 offset=447 suppressed=true
time=2026-09-03T23:43:24.653Z level=INFO msg="fault fired" key=pf-s313-graded:1751 partition=2 offset=839 epoch=0
time=2026-09-03T23:43:24.653Z level=INFO msg="fault fired" key=pf-s313-graded:1837 partition=0 offset=472 epoch=0
time=2026-09-03T23:43:24.653Z level=INFO msg="rewinding instead of committing" key=pf-s313-graded:1751 partition=2 offset=839 epoch=0
time=2026-09-03T23:43:24.653Z level=INFO msg="rewinding instead of committing" key=pf-s313-graded:1837 partition=0 offset=472 epoch=0
time=2026-09-03T23:43:25.713Z level=INFO msg=redelivery key=pf-s313-graded:1751 partition=2 offset=839 suppressed=true
time=2026-09-03T23:43:25.732Z level=INFO msg=redelivery key=pf-s313-graded:1754 partition=2 offset=840 suppressed=true
time=2026-09-03T23:43:25.753Z level=INFO msg=redelivery key=pf-s313-graded:1755 partition=2 offset=841 suppressed=true
time=2026-09-03T23:43:25.772Z level=INFO msg=redelivery key=pf-s313-graded:1758 partition=2 offset=842 suppressed=true
time=2026-09-03T23:43:25.792Z level=INFO msg=redelivery key=pf-s313-graded:1762 partition=2 offset=843 suppressed=true
time=2026-09-03T23:43:25.812Z level=INFO msg=redelivery key=pf-s313-graded:1763 partition=2 offset=844 suppressed=true
time=2026-09-03T23:43:25.832Z level=INFO msg=redelivery key=pf-s313-graded:1765 partition=2 offset=845 suppressed=true
time=2026-09-03T23:43:25.852Z level=INFO msg=redelivery key=pf-s313-graded:1767 partition=2 offset=846 suppressed=true
time=2026-09-03T23:43:25.872Z level=INFO msg=redelivery key=pf-s313-graded:1769 partition=2 offset=847 suppressed=true
time=2026-09-03T23:43:25.892Z level=INFO msg=redelivery key=pf-s313-graded:1771 partition=2 offset=848 suppressed=true
time=2026-09-03T23:43:25.912Z level=INFO msg=redelivery key=pf-s313-graded:1772 partition=2 offset=849 suppressed=true
time=2026-09-03T23:43:25.932Z level=INFO msg=redelivery key=pf-s313-graded:1773 partition=2 offset=850 suppressed=true
time=2026-09-03T23:43:25.952Z level=INFO msg=redelivery key=pf-s313-graded:1774 partition=2 offset=851 suppressed=true
time=2026-09-03T23:43:25.973Z level=INFO msg=redelivery key=pf-s313-graded:1775 partition=2 offset=852 suppressed=true
time=2026-09-03T23:43:25.992Z level=INFO msg=redelivery key=pf-s313-graded:1776 partition=2 offset=853 suppressed=true
time=2026-09-03T23:43:26.012Z level=INFO msg=redelivery key=pf-s313-graded:1779 partition=2 offset=854 suppressed=true
time=2026-09-03T23:43:26.034Z level=INFO msg=redelivery key=pf-s313-graded:1780 partition=2 offset=855 suppressed=true
time=2026-09-03T23:43:26.052Z level=INFO msg=redelivery key=pf-s313-graded:1783 partition=2 offset=856 suppressed=true
time=2026-09-03T23:43:26.073Z level=INFO msg=redelivery key=pf-s313-graded:1784 partition=2 offset=857 suppressed=true
time=2026-09-03T23:43:26.092Z level=INFO msg=redelivery key=pf-s313-graded:1789 partition=2 offset=858 suppressed=true
time=2026-09-03T23:43:26.112Z level=INFO msg=redelivery key=pf-s313-graded:1790 partition=2 offset=859 suppressed=true
time=2026-09-03T23:43:26.132Z level=INFO msg=redelivery key=pf-s313-graded:1791 partition=2 offset=860 suppressed=true
time=2026-09-03T23:43:26.152Z level=INFO msg=redelivery key=pf-s313-graded:1792 partition=2 offset=861 suppressed=true
time=2026-09-03T23:43:26.172Z level=INFO msg=redelivery key=pf-s313-graded:1793 partition=2 offset=862 suppressed=true
time=2026-09-03T23:43:26.192Z level=INFO msg=redelivery key=pf-s313-graded:1795 partition=2 offset=863 suppressed=true
time=2026-09-03T23:43:26.213Z level=INFO msg=redelivery key=pf-s313-graded:1798 partition=2 offset=864 suppressed=true
time=2026-09-03T23:43:26.232Z level=INFO msg=redelivery key=pf-s313-graded:1800 partition=2 offset=865 suppressed=true
time=2026-09-03T23:43:26.252Z level=INFO msg=redelivery key=pf-s313-graded:1802 partition=2 offset=866 suppressed=true
time=2026-09-03T23:43:26.272Z level=INFO msg=redelivery key=pf-s313-graded:1803 partition=2 offset=867 suppressed=true
time=2026-09-03T23:43:26.292Z level=INFO msg=redelivery key=pf-s313-graded:1808 partition=2 offset=868 suppressed=true
time=2026-09-03T23:43:26.312Z level=INFO msg=redelivery key=pf-s313-graded:1809 partition=2 offset=869 suppressed=true
time=2026-09-03T23:43:26.334Z level=INFO msg=redelivery key=pf-s313-graded:1811 partition=2 offset=870 suppressed=true
time=2026-09-03T23:43:26.353Z level=INFO msg=redelivery key=pf-s313-graded:1812 partition=2 offset=871 suppressed=true
time=2026-09-03T23:43:26.373Z level=INFO msg=redelivery key=pf-s313-graded:1813 partition=2 offset=872 suppressed=true
time=2026-09-03T23:43:26.393Z level=INFO msg=redelivery key=pf-s313-graded:1818 partition=2 offset=873 suppressed=true
time=2026-09-03T23:43:26.412Z level=INFO msg=redelivery key=pf-s313-graded:1820 partition=2 offset=874 suppressed=true
time=2026-09-03T23:43:26.432Z level=INFO msg=redelivery key=pf-s313-graded:1821 partition=2 offset=875 suppressed=true
time=2026-09-03T23:43:26.452Z level=INFO msg=redelivery key=pf-s313-graded:1829 partition=2 offset=876 suppressed=true
time=2026-09-03T23:43:26.472Z level=INFO msg=redelivery key=pf-s313-graded:1831 partition=2 offset=877 suppressed=true
time=2026-09-03T23:43:26.493Z level=INFO msg=redelivery key=pf-s313-graded:1833 partition=2 offset=878 suppressed=true
time=2026-09-03T23:43:26.514Z level=INFO msg=redelivery key=pf-s313-graded:1836 partition=2 offset=879 suppressed=true
time=2026-09-03T23:43:26.533Z level=INFO msg=redelivery key=pf-s313-graded:1838 partition=2 offset=880 suppressed=true
time=2026-09-03T23:43:26.552Z level=INFO msg=redelivery key=pf-s313-graded:1841 partition=2 offset=881 suppressed=true
time=2026-09-03T23:43:26.572Z level=INFO msg=redelivery key=pf-s313-graded:1844 partition=2 offset=882 suppressed=true
time=2026-09-03T23:43:26.593Z level=INFO msg=redelivery key=pf-s313-graded:1846 partition=2 offset=883 suppressed=true
time=2026-09-03T23:43:26.612Z level=INFO msg=redelivery key=pf-s313-graded:1848 partition=2 offset=884 suppressed=true
time=2026-09-03T23:43:26.633Z level=INFO msg=redelivery key=pf-s313-graded:1849 partition=2 offset=885 suppressed=true
time=2026-09-03T23:43:26.652Z level=INFO msg=redelivery key=pf-s313-graded:1855 partition=2 offset=886 suppressed=true
time=2026-09-03T23:43:26.673Z level=INFO msg=redelivery key=pf-s313-graded:1856 partition=2 offset=887 suppressed=true
time=2026-09-03T23:43:26.692Z level=INFO msg=redelivery key=pf-s313-graded:1857 partition=2 offset=888 suppressed=true
time=2026-09-03T23:43:26.712Z level=INFO msg=redelivery key=pf-s313-graded:1858 partition=2 offset=889 suppressed=true
time=2026-09-03T23:43:26.733Z level=INFO msg=redelivery key=pf-s313-graded:1860 partition=2 offset=890 suppressed=true
time=2026-09-03T23:43:26.753Z level=INFO msg=redelivery key=pf-s313-graded:1861 partition=2 offset=891 suppressed=true
time=2026-09-03T23:43:26.772Z level=INFO msg=redelivery key=pf-s313-graded:1863 partition=2 offset=892 suppressed=true
time=2026-09-03T23:43:26.792Z level=INFO msg=redelivery key=pf-s313-graded:1864 partition=2 offset=893 suppressed=true
time=2026-09-03T23:43:26.812Z level=INFO msg=redelivery key=pf-s313-graded:1865 partition=2 offset=894 suppressed=true
time=2026-09-03T23:43:26.832Z level=INFO msg=redelivery key=pf-s313-graded:1866 partition=2 offset=895 suppressed=true
time=2026-09-03T23:43:26.852Z level=INFO msg=redelivery key=pf-s313-graded:1867 partition=2 offset=896 suppressed=true
time=2026-09-03T23:43:26.872Z level=INFO msg=redelivery key=pf-s313-graded:1870 partition=2 offset=897 suppressed=true
time=2026-09-03T23:43:26.893Z level=INFO msg=redelivery key=pf-s313-graded:1871 partition=2 offset=898 suppressed=true
time=2026-09-03T23:43:26.912Z level=INFO msg=redelivery key=pf-s313-graded:1872 partition=2 offset=899 suppressed=true
time=2026-09-03T23:43:26.933Z level=INFO msg=redelivery key=pf-s313-graded:1873 partition=2 offset=900 suppressed=true
time=2026-09-03T23:43:26.954Z level=INFO msg=redelivery key=pf-s313-graded:1874 partition=2 offset=901 suppressed=true
time=2026-09-03T23:43:26.972Z level=INFO msg=redelivery key=pf-s313-graded:1875 partition=2 offset=902 suppressed=true
time=2026-09-03T23:43:26.992Z level=INFO msg=redelivery key=pf-s313-graded:1877 partition=2 offset=903 suppressed=true
time=2026-09-03T23:43:27.014Z level=INFO msg=redelivery key=pf-s313-graded:1880 partition=2 offset=904 suppressed=true
time=2026-09-03T23:43:27.033Z level=INFO msg=redelivery key=pf-s313-graded:1881 partition=2 offset=905 suppressed=true
time=2026-09-03T23:43:27.053Z level=INFO msg=redelivery key=pf-s313-graded:1882 partition=2 offset=906 suppressed=true
time=2026-09-03T23:43:27.072Z level=INFO msg=redelivery key=pf-s313-graded:1885 partition=2 offset=907 suppressed=true
time=2026-09-03T23:43:29.192Z level=INFO msg=redelivery key=pf-s313-graded:1837 partition=0 offset=472 suppressed=true
time=2026-09-03T23:43:29.212Z level=INFO msg=redelivery key=pf-s313-graded:1839 partition=0 offset=473 suppressed=true
time=2026-09-03T23:43:29.232Z level=INFO msg=redelivery key=pf-s313-graded:1840 partition=0 offset=474 suppressed=true
time=2026-09-03T23:43:29.254Z level=INFO msg=redelivery key=pf-s313-graded:1843 partition=0 offset=475 suppressed=true
time=2026-09-03T23:43:29.273Z level=INFO msg=redelivery key=pf-s313-graded:1850 partition=0 offset=476 suppressed=true
time=2026-09-03T23:43:29.292Z level=INFO msg=redelivery key=pf-s313-graded:1851 partition=0 offset=477 suppressed=true
time=2026-09-03T23:43:29.313Z level=INFO msg=redelivery key=pf-s313-graded:1854 partition=0 offset=478 suppressed=true
time=2026-09-03T23:43:29.333Z level=INFO msg=redelivery key=pf-s313-graded:1859 partition=0 offset=479 suppressed=true
time=2026-09-03T23:43:29.355Z level=INFO msg=redelivery key=pf-s313-graded:1862 partition=0 offset=480 suppressed=true
time=2026-09-03T23:43:29.373Z level=INFO msg=redelivery key=pf-s313-graded:1876 partition=0 offset=481 suppressed=true
time=2026-09-03T23:43:29.392Z level=INFO msg=redelivery key=pf-s313-graded:1878 partition=0 offset=482 suppressed=true
time=2026-09-03T23:43:29.413Z level=INFO msg=redelivery key=pf-s313-graded:1883 partition=0 offset=483 suppressed=true
time=2026-09-03T23:43:29.432Z level=INFO msg=redelivery key=pf-s313-graded:1884 partition=0 offset=484 suppressed=true
time=2026-09-03T23:43:30.513Z level=INFO msg="fault fired" key=pf-s313-graded:2006 partition=2 offset=967 epoch=0
time=2026-09-03T23:43:30.513Z level=INFO msg="fault fired" key=pf-s313-graded:2070 partition=2 offset=1001 epoch=0
time=2026-09-03T23:43:30.514Z level=INFO msg="rewinding instead of committing" key=pf-s313-graded:2006 partition=2 offset=967 epoch=0
time=2026-09-03T23:43:33.353Z level=INFO msg=redelivery key=pf-s313-graded:2006 partition=2 offset=967 suppressed=true
time=2026-09-03T23:43:33.373Z level=INFO msg=redelivery key=pf-s313-graded:2007 partition=2 offset=968 suppressed=true
time=2026-09-03T23:43:33.393Z level=INFO msg=redelivery key=pf-s313-graded:2008 partition=2 offset=969 suppressed=true
time=2026-09-03T23:43:33.412Z level=INFO msg=redelivery key=pf-s313-graded:2010 partition=2 offset=970 suppressed=true
time=2026-09-03T23:43:33.432Z level=INFO msg=redelivery key=pf-s313-graded:2012 partition=2 offset=971 suppressed=true
time=2026-09-03T23:43:33.452Z level=INFO msg=redelivery key=pf-s313-graded:2013 partition=2 offset=972 suppressed=true
time=2026-09-03T23:43:33.472Z level=INFO msg=redelivery key=pf-s313-graded:2015 partition=2 offset=973 suppressed=true
time=2026-09-03T23:43:33.495Z level=INFO msg=redelivery key=pf-s313-graded:2017 partition=2 offset=974 suppressed=true
time=2026-09-03T23:43:33.513Z level=INFO msg=redelivery key=pf-s313-graded:2020 partition=2 offset=975 suppressed=true
time=2026-09-03T23:43:33.532Z level=INFO msg=redelivery key=pf-s313-graded:2021 partition=2 offset=976 suppressed=true
time=2026-09-03T23:43:33.552Z level=INFO msg=redelivery key=pf-s313-graded:2023 partition=2 offset=977 suppressed=true
time=2026-09-03T23:43:33.572Z level=INFO msg=redelivery key=pf-s313-graded:2024 partition=2 offset=978 suppressed=true
time=2026-09-03T23:43:33.593Z level=INFO msg=redelivery key=pf-s313-graded:2026 partition=2 offset=979 suppressed=true
time=2026-09-03T23:43:33.612Z level=INFO msg=redelivery key=pf-s313-graded:2027 partition=2 offset=980 suppressed=true
time=2026-09-03T23:43:33.632Z level=INFO msg=redelivery key=pf-s313-graded:2033 partition=2 offset=981 suppressed=true
time=2026-09-03T23:43:33.652Z level=INFO msg=redelivery key=pf-s313-graded:2035 partition=2 offset=982 suppressed=true
time=2026-09-03T23:43:33.672Z level=INFO msg=redelivery key=pf-s313-graded:2036 partition=2 offset=983 suppressed=true
time=2026-09-03T23:43:33.692Z level=INFO msg=redelivery key=pf-s313-graded:2040 partition=2 offset=984 suppressed=true
time=2026-09-03T23:43:33.712Z level=INFO msg=redelivery key=pf-s313-graded:2041 partition=2 offset=985 suppressed=true
time=2026-09-03T23:43:33.735Z level=INFO msg=redelivery key=pf-s313-graded:2042 partition=2 offset=986 suppressed=true
time=2026-09-03T23:43:33.752Z level=INFO msg=redelivery key=pf-s313-graded:2043 partition=2 offset=987 suppressed=true
time=2026-09-03T23:43:33.772Z level=INFO msg=redelivery key=pf-s313-graded:2044 partition=2 offset=988 suppressed=true
time=2026-09-03T23:43:33.792Z level=INFO msg=redelivery key=pf-s313-graded:2048 partition=2 offset=989 suppressed=true
time=2026-09-03T23:43:33.813Z level=INFO msg=redelivery key=pf-s313-graded:2051 partition=2 offset=990 suppressed=true
time=2026-09-03T23:43:33.832Z level=INFO msg=redelivery key=pf-s313-graded:2054 partition=2 offset=991 suppressed=true
time=2026-09-03T23:43:33.853Z level=INFO msg=redelivery key=pf-s313-graded:2055 partition=2 offset=992 suppressed=true
time=2026-09-03T23:43:33.872Z level=INFO msg=redelivery key=pf-s313-graded:2058 partition=2 offset=993 suppressed=true
time=2026-09-03T23:43:33.892Z level=INFO msg=redelivery key=pf-s313-graded:2059 partition=2 offset=994 suppressed=true
time=2026-09-03T23:43:33.912Z level=INFO msg=redelivery key=pf-s313-graded:2060 partition=2 offset=995 suppressed=true
time=2026-09-03T23:43:33.934Z level=INFO msg=redelivery key=pf-s313-graded:2061 partition=2 offset=996 suppressed=true
time=2026-09-03T23:43:33.952Z level=INFO msg=redelivery key=pf-s313-graded:2062 partition=2 offset=997 suppressed=true
time=2026-09-03T23:43:33.972Z level=INFO msg=redelivery key=pf-s313-graded:2063 partition=2 offset=998 suppressed=true
time=2026-09-03T23:43:33.992Z level=INFO msg=redelivery key=pf-s313-graded:2068 partition=2 offset=999 suppressed=true
time=2026-09-03T23:43:34.013Z level=INFO msg=redelivery key=pf-s313-graded:2069 partition=2 offset=1000 suppressed=true
time=2026-09-03T23:43:34.033Z level=INFO msg=redelivery key=pf-s313-graded:2070 partition=2 offset=1001 suppressed=true
time=2026-09-03T23:43:34.054Z level=INFO msg=redelivery key=pf-s313-graded:2071 partition=2 offset=1002 suppressed=true
time=2026-09-03T23:43:34.074Z level=INFO msg=redelivery key=pf-s313-graded:2072 partition=2 offset=1003 suppressed=true
time=2026-09-03T23:43:34.093Z level=INFO msg=redelivery key=pf-s313-graded:2075 partition=2 offset=1004 suppressed=true
time=2026-09-03T23:43:34.113Z level=INFO msg=redelivery key=pf-s313-graded:2076 partition=2 offset=1005 suppressed=true
time=2026-09-03T23:43:34.132Z level=INFO msg=redelivery key=pf-s313-graded:2077 partition=2 offset=1006 suppressed=true
time=2026-09-03T23:43:34.153Z level=INFO msg=redelivery key=pf-s313-graded:2078 partition=2 offset=1007 suppressed=true
time=2026-09-03T23:43:34.173Z level=INFO msg=redelivery key=pf-s313-graded:2079 partition=2 offset=1008 suppressed=true
time=2026-09-03T23:43:34.193Z level=INFO msg=redelivery key=pf-s313-graded:2081 partition=2 offset=1009 suppressed=true
time=2026-09-03T23:43:34.213Z level=INFO msg=redelivery key=pf-s313-graded:2084 partition=2 offset=1010 suppressed=true
time=2026-09-03T23:43:34.232Z level=INFO msg=redelivery key=pf-s313-graded:2085 partition=2 offset=1011 suppressed=true
time=2026-09-03T23:43:34.255Z level=INFO msg=redelivery key=pf-s313-graded:2091 partition=2 offset=1012 suppressed=true
time=2026-09-03T23:43:37.298Z level=INFO msg="fault fired" key=pf-s313-graded:2272 partition=1 offset=580 epoch=0
time=2026-09-03T23:43:37.298Z level=INFO msg="fault fired" key=pf-s313-graded:2306 partition=2 offset=1127 epoch=0
time=2026-09-03T23:43:37.299Z level=INFO msg="rewinding instead of committing" key=pf-s313-graded:2272 partition=1 offset=580 epoch=0
time=2026-09-03T23:43:37.299Z level=INFO msg="rewinding instead of committing" key=pf-s313-graded:2306 partition=2 offset=1127 epoch=0
time=2026-09-03T23:43:37.373Z level=INFO msg=redelivery key=pf-s313-graded:2306 partition=2 offset=1127 suppressed=true
time=2026-09-03T23:43:37.391Z level=INFO msg=redelivery key=pf-s313-graded:2308 partition=2 offset=1128 suppressed=true
time=2026-09-03T23:43:37.410Z level=INFO msg=redelivery key=pf-s313-graded:2310 partition=2 offset=1129 suppressed=true
time=2026-09-03T23:43:37.430Z level=INFO msg=redelivery key=pf-s313-graded:2313 partition=2 offset=1130 suppressed=true
time=2026-09-03T23:43:37.450Z level=INFO msg=redelivery key=pf-s313-graded:2315 partition=2 offset=1131 suppressed=true
time=2026-09-03T23:43:37.471Z level=INFO msg=redelivery key=pf-s313-graded:2324 partition=2 offset=1132 suppressed=true
time=2026-09-03T23:43:37.492Z level=INFO msg=redelivery key=pf-s313-graded:2325 partition=2 offset=1133 suppressed=true
time=2026-09-03T23:43:37.510Z level=INFO msg=redelivery key=pf-s313-graded:2327 partition=2 offset=1134 suppressed=true
time=2026-09-03T23:43:37.530Z level=INFO msg=redelivery key=pf-s313-graded:2328 partition=2 offset=1135 suppressed=true
time=2026-09-03T23:43:37.551Z level=INFO msg=redelivery key=pf-s313-graded:2332 partition=2 offset=1136 suppressed=true
time=2026-09-03T23:43:37.570Z level=INFO msg=redelivery key=pf-s313-graded:2334 partition=2 offset=1137 suppressed=true
time=2026-09-03T23:43:37.590Z level=INFO msg=redelivery key=pf-s313-graded:2335 partition=2 offset=1138 suppressed=true
time=2026-09-03T23:43:37.611Z level=INFO msg=redelivery key=pf-s313-graded:2338 partition=2 offset=1139 suppressed=true
time=2026-09-03T23:43:37.630Z level=INFO msg=redelivery key=pf-s313-graded:2340 partition=2 offset=1140 suppressed=true
time=2026-09-03T23:43:37.651Z level=INFO msg=redelivery key=pf-s313-graded:2341 partition=2 offset=1141 suppressed=true
time=2026-09-03T23:43:37.671Z level=INFO msg=redelivery key=pf-s313-graded:2343 partition=2 offset=1142 suppressed=true
time=2026-09-03T23:43:37.692Z level=INFO msg=redelivery key=pf-s313-graded:2344 partition=2 offset=1143 suppressed=true
time=2026-09-03T23:43:37.712Z level=INFO msg=redelivery key=pf-s313-graded:2345 partition=2 offset=1144 suppressed=true
time=2026-09-03T23:43:37.731Z level=INFO msg=redelivery key=pf-s313-graded:2346 partition=2 offset=1145 suppressed=true
time=2026-09-03T23:43:37.750Z level=INFO msg=redelivery key=pf-s313-graded:2347 partition=2 offset=1146 suppressed=true
time=2026-09-03T23:43:37.773Z level=INFO msg=redelivery key=pf-s313-graded:2348 partition=2 offset=1147 suppressed=true
time=2026-09-03T23:43:37.791Z level=INFO msg=redelivery key=pf-s313-graded:2349 partition=2 offset=1148 suppressed=true
time=2026-09-03T23:43:37.811Z level=INFO msg=redelivery key=pf-s313-graded:2350 partition=2 offset=1149 suppressed=true
time=2026-09-03T23:43:37.831Z level=INFO msg=redelivery key=pf-s313-graded:2352 partition=2 offset=1150 suppressed=true
time=2026-09-03T23:43:37.851Z level=INFO msg=redelivery key=pf-s313-graded:2353 partition=2 offset=1151 suppressed=true
time=2026-09-03T23:43:37.871Z level=INFO msg=redelivery key=pf-s313-graded:2355 partition=2 offset=1152 suppressed=true
time=2026-09-03T23:43:37.892Z level=INFO msg=redelivery key=pf-s313-graded:2359 partition=2 offset=1153 suppressed=true
time=2026-09-03T23:43:37.910Z level=INFO msg=redelivery key=pf-s313-graded:2361 partition=2 offset=1154 suppressed=true
time=2026-09-03T23:43:37.930Z level=INFO msg=redelivery key=pf-s313-graded:2362 partition=2 offset=1155 suppressed=true
time=2026-09-03T23:43:37.951Z level=INFO msg=redelivery key=pf-s313-graded:2366 partition=2 offset=1156 suppressed=true
time=2026-09-03T23:43:37.971Z level=INFO msg=redelivery key=pf-s313-graded:2367 partition=2 offset=1157 suppressed=true
time=2026-09-03T23:43:37.992Z level=INFO msg=redelivery key=pf-s313-graded:2368 partition=2 offset=1158 suppressed=true
time=2026-09-03T23:43:38.013Z level=INFO msg=redelivery key=pf-s313-graded:2369 partition=2 offset=1159 suppressed=true
time=2026-09-03T23:43:38.032Z level=INFO msg=redelivery key=pf-s313-graded:2378 partition=2 offset=1160 suppressed=true
time=2026-09-03T23:43:38.052Z level=INFO msg=redelivery key=pf-s313-graded:2380 partition=2 offset=1161 suppressed=true
time=2026-09-03T23:43:38.071Z level=INFO msg=redelivery key=pf-s313-graded:2382 partition=2 offset=1162 suppressed=true
time=2026-09-03T23:43:38.094Z level=INFO msg=redelivery key=pf-s313-graded:2385 partition=2 offset=1163 suppressed=true
time=2026-09-03T23:43:38.110Z level=INFO msg=redelivery key=pf-s313-graded:2388 partition=2 offset=1164 suppressed=true
time=2026-09-03T23:43:43.290Z level=INFO msg=redelivery key=pf-s313-graded:2272 partition=1 offset=580 suppressed=true
time=2026-09-03T23:43:43.311Z level=INFO msg=redelivery key=pf-s313-graded:2281 partition=1 offset=581 suppressed=true
time=2026-09-03T23:43:43.331Z level=INFO msg=redelivery key=pf-s313-graded:2287 partition=1 offset=582 suppressed=true
time=2026-09-03T23:43:43.351Z level=INFO msg=redelivery key=pf-s313-graded:2289 partition=1 offset=583 suppressed=true
time=2026-09-03T23:43:43.371Z level=INFO msg=redelivery key=pf-s313-graded:2291 partition=1 offset=584 suppressed=true
time=2026-09-03T23:43:43.391Z level=INFO msg=redelivery key=pf-s313-graded:2296 partition=1 offset=585 suppressed=true
time=2026-09-03T23:43:43.410Z level=INFO msg=redelivery key=pf-s313-graded:2299 partition=1 offset=586 suppressed=true
time=2026-09-03T23:43:43.431Z level=INFO msg=redelivery key=pf-s313-graded:2300 partition=1 offset=587 suppressed=true
time=2026-09-03T23:43:43.451Z level=INFO msg=redelivery key=pf-s313-graded:2305 partition=1 offset=588 suppressed=true
time=2026-09-03T23:43:43.471Z level=INFO msg=redelivery key=pf-s313-graded:2312 partition=1 offset=589 suppressed=true
time=2026-09-03T23:43:43.491Z level=INFO msg=redelivery key=pf-s313-graded:2317 partition=1 offset=590 suppressed=true
time=2026-09-03T23:43:43.510Z level=INFO msg=redelivery key=pf-s313-graded:2321 partition=1 offset=591 suppressed=true
time=2026-09-03T23:43:43.530Z level=INFO msg=redelivery key=pf-s313-graded:2322 partition=1 offset=592 suppressed=true
time=2026-09-03T23:43:43.550Z level=INFO msg=redelivery key=pf-s313-graded:2323 partition=1 offset=593 suppressed=true
time=2026-09-03T23:43:43.571Z level=INFO msg=redelivery key=pf-s313-graded:2329 partition=1 offset=594 suppressed=true
time=2026-09-03T23:43:43.590Z level=INFO msg=redelivery key=pf-s313-graded:2330 partition=1 offset=595 suppressed=true
time=2026-09-03T23:43:43.610Z level=INFO msg=redelivery key=pf-s313-graded:2331 partition=1 offset=596 suppressed=true
time=2026-09-03T23:43:43.630Z level=INFO msg=redelivery key=pf-s313-graded:2336 partition=1 offset=597 suppressed=true
time=2026-09-03T23:43:43.650Z level=INFO msg=redelivery key=pf-s313-graded:2337 partition=1 offset=598 suppressed=true
time=2026-09-03T23:43:43.671Z level=INFO msg=redelivery key=pf-s313-graded:2357 partition=1 offset=599 suppressed=true
time=2026-09-03T23:43:43.690Z level=INFO msg=redelivery key=pf-s313-graded:2371 partition=1 offset=600 suppressed=true
time=2026-09-03T23:43:43.711Z level=INFO msg=redelivery key=pf-s313-graded:2375 partition=1 offset=601 suppressed=true
time=2026-09-03T23:43:43.731Z level=INFO msg=redelivery key=pf-s313-graded:2377 partition=1 offset=602 suppressed=true
time=2026-09-03T23:43:43.750Z level=INFO msg=redelivery key=pf-s313-graded:2379 partition=1 offset=603 suppressed=true
time=2026-09-03T23:43:43.771Z level=INFO msg=redelivery key=pf-s313-graded:2383 partition=1 offset=604 suppressed=true
time=2026-09-03T23:43:43.790Z level=INFO msg=redelivery key=pf-s313-graded:2387 partition=1 offset=605 suppressed=true
time=2026-09-03T23:43:43.811Z level=INFO msg=redelivery key=pf-s313-graded:2389 partition=1 offset=606 suppressed=true
time=2026-09-03T23:43:45.430Z level=INFO msg="fault fired" key=pf-s313-graded:2426 partition=2 offset=1182 epoch=0
time=2026-09-03T23:43:45.430Z level=INFO msg="fault fired" key=pf-s313-graded:2428 partition=2 offset=1184 epoch=0
time=2026-09-03T23:43:45.430Z level=INFO msg="fault fired" key=pf-s313-graded:2540 partition=2 offset=1246 epoch=0
time=2026-09-03T23:43:45.431Z level=INFO msg="fault fired" key=pf-s313-graded:2588 partition=2 offset=1266 epoch=0
time=2026-09-03T23:43:45.431Z level=INFO msg="fault fired" key=pf-s313-graded:2590 partition=1 offset=653 epoch=0
time=2026-09-03T23:43:45.431Z level=INFO msg="rewinding instead of committing" key=pf-s313-graded:2426 partition=2 offset=1182 epoch=0
time=2026-09-03T23:43:45.431Z level=INFO msg="rewinding instead of committing" key=pf-s313-graded:2590 partition=1 offset=653 epoch=0
time=2026-09-03T23:43:45.454Z level=INFO msg=redelivery key=pf-s313-graded:2590 partition=1 offset=653 suppressed=true
time=2026-09-03T23:43:45.475Z level=INFO msg=redelivery key=pf-s313-graded:2592 partition=1 offset=654 suppressed=true
time=2026-09-03T23:43:45.494Z level=INFO msg=redelivery key=pf-s313-graded:2595 partition=1 offset=655 suppressed=true
time=2026-09-03T23:43:45.514Z level=INFO msg=redelivery key=pf-s313-graded:2599 partition=1 offset=656 suppressed=true
time=2026-09-03T23:43:45.535Z level=INFO msg=redelivery key=pf-s313-graded:2603 partition=1 offset=657 suppressed=true
time=2026-09-03T23:43:45.555Z level=INFO msg=redelivery key=pf-s313-graded:2604 partition=1 offset=658 suppressed=true
time=2026-09-03T23:43:45.574Z level=INFO msg=redelivery key=pf-s313-graded:2605 partition=1 offset=659 suppressed=true
time=2026-09-03T23:43:45.594Z level=INFO msg=redelivery key=pf-s313-graded:2606 partition=1 offset=660 suppressed=true
time=2026-09-03T23:43:45.614Z level=INFO msg=redelivery key=pf-s313-graded:2616 partition=1 offset=661 suppressed=true
time=2026-09-03T23:43:45.634Z level=INFO msg=redelivery key=pf-s313-graded:2627 partition=1 offset=662 suppressed=true
time=2026-09-03T23:43:45.654Z level=INFO msg=redelivery key=pf-s313-graded:2632 partition=1 offset=663 suppressed=true
time=2026-09-03T23:43:45.675Z level=INFO msg=redelivery key=pf-s313-graded:2642 partition=1 offset=664 suppressed=true
time=2026-09-03T23:43:45.694Z level=INFO msg=redelivery key=pf-s313-graded:2646 partition=1 offset=665 suppressed=true
time=2026-09-03T23:43:45.714Z level=INFO msg=redelivery key=pf-s313-graded:2652 partition=1 offset=666 suppressed=true
time=2026-09-03T23:43:45.734Z level=INFO msg=redelivery key=pf-s313-graded:2659 partition=1 offset=667 suppressed=true
time=2026-09-03T23:43:45.754Z level=INFO msg=redelivery key=pf-s313-graded:2667 partition=1 offset=668 suppressed=true
time=2026-09-03T23:43:45.774Z level=INFO msg=redelivery key=pf-s313-graded:2669 partition=1 offset=669 suppressed=true
time=2026-09-03T23:43:45.794Z level=INFO msg=redelivery key=pf-s313-graded:2672 partition=1 offset=670 suppressed=true
time=2026-09-03T23:43:45.815Z level=INFO msg=redelivery key=pf-s313-graded:2681 partition=1 offset=671 suppressed=true
time=2026-09-03T23:43:45.839Z level=INFO msg=redelivery key=pf-s313-graded:2682 partition=1 offset=672 suppressed=true
time=2026-09-03T23:43:45.857Z level=INFO msg=redelivery key=pf-s313-graded:2684 partition=1 offset=673 suppressed=true
time=2026-09-03T23:43:45.881Z level=INFO msg=redelivery key=pf-s313-graded:2687 partition=1 offset=674 suppressed=true
time=2026-09-03T23:43:45.898Z level=INFO msg=redelivery key=pf-s313-graded:2692 partition=1 offset=675 suppressed=true
time=2026-09-03T23:43:45.923Z level=INFO msg=redelivery key=pf-s313-graded:2694 partition=1 offset=676 suppressed=true
time=2026-09-03T23:43:45.937Z level=INFO msg=redelivery key=pf-s313-graded:2699 partition=1 offset=677 suppressed=true
time=2026-09-03T23:43:45.954Z level=INFO msg=redelivery key=pf-s313-graded:2700 partition=1 offset=678 suppressed=true
time=2026-09-03T23:43:45.975Z level=INFO msg=redelivery key=pf-s313-graded:2705 partition=1 offset=679 suppressed=true
time=2026-09-03T23:43:45.996Z level=INFO msg=redelivery key=pf-s313-graded:2710 partition=1 offset=680 suppressed=true
time=2026-09-03T23:43:46.014Z level=INFO msg=redelivery key=pf-s313-graded:2713 partition=1 offset=681 suppressed=true
time=2026-09-03T23:43:46.034Z level=INFO msg=redelivery key=pf-s313-graded:2714 partition=1 offset=682 suppressed=true
time=2026-09-03T23:43:46.055Z level=INFO msg=redelivery key=pf-s313-graded:2715 partition=1 offset=683 suppressed=true
time=2026-09-03T23:43:46.074Z level=INFO msg=redelivery key=pf-s313-graded:2717 partition=1 offset=684 suppressed=true
time=2026-09-03T23:43:46.095Z level=INFO msg=redelivery key=pf-s313-graded:2721 partition=1 offset=685 suppressed=true
time=2026-09-03T23:43:46.114Z level=INFO msg=redelivery key=pf-s313-graded:2722 partition=1 offset=686 suppressed=true
time=2026-09-03T23:43:46.136Z level=INFO msg=redelivery key=pf-s313-graded:2723 partition=1 offset=687 suppressed=true
time=2026-09-03T23:43:48.062Z level=INFO msg=redelivery key=pf-s313-graded:2426 partition=2 offset=1182 suppressed=true
time=2026-09-03T23:43:48.081Z level=INFO msg=redelivery key=pf-s313-graded:2427 partition=2 offset=1183 suppressed=true
time=2026-09-03T23:43:48.101Z level=INFO msg=redelivery key=pf-s313-graded:2428 partition=2 offset=1184 suppressed=true
time=2026-09-03T23:43:48.121Z level=INFO msg=redelivery key=pf-s313-graded:2429 partition=2 offset=1185 suppressed=true
time=2026-09-03T23:43:48.144Z level=INFO msg=redelivery key=pf-s313-graded:2430 partition=2 offset=1186 suppressed=true
time=2026-09-03T23:43:48.163Z level=INFO msg=redelivery key=pf-s313-graded:2431 partition=2 offset=1187 suppressed=true
time=2026-09-03T23:43:48.182Z level=INFO msg=redelivery key=pf-s313-graded:2432 partition=2 offset=1188 suppressed=true
time=2026-09-03T23:43:48.201Z level=INFO msg=redelivery key=pf-s313-graded:2433 partition=2 offset=1189 suppressed=true
time=2026-09-03T23:43:48.221Z level=INFO msg=redelivery key=pf-s313-graded:2435 partition=2 offset=1190 suppressed=true
time=2026-09-03T23:43:48.242Z level=INFO msg=redelivery key=pf-s313-graded:2437 partition=2 offset=1191 suppressed=true
time=2026-09-03T23:43:48.261Z level=INFO msg=redelivery key=pf-s313-graded:2439 partition=2 offset=1192 suppressed=true
time=2026-09-03T23:43:48.281Z level=INFO msg=redelivery key=pf-s313-graded:2443 partition=2 offset=1193 suppressed=true
time=2026-09-03T23:43:48.301Z level=INFO msg=redelivery key=pf-s313-graded:2444 partition=2 offset=1194 suppressed=true
time=2026-09-03T23:43:48.321Z level=INFO msg=redelivery key=pf-s313-graded:2445 partition=2 offset=1195 suppressed=true
time=2026-09-03T23:43:48.340Z level=INFO msg=redelivery key=pf-s313-graded:2446 partition=2 offset=1196 suppressed=true
time=2026-09-03T23:43:48.361Z level=INFO msg=redelivery key=pf-s313-graded:2447 partition=2 offset=1197 suppressed=true
time=2026-09-03T23:43:48.383Z level=INFO msg=redelivery key=pf-s313-graded:2449 partition=2 offset=1198 suppressed=true
time=2026-09-03T23:43:48.401Z level=INFO msg=redelivery key=pf-s313-graded:2453 partition=2 offset=1199 suppressed=true
time=2026-09-03T23:43:48.421Z level=INFO msg=redelivery key=pf-s313-graded:2456 partition=2 offset=1200 suppressed=true
time=2026-09-03T23:43:48.440Z level=INFO msg=redelivery key=pf-s313-graded:2457 partition=2 offset=1201 suppressed=true
time=2026-09-03T23:43:48.462Z level=INFO msg=redelivery key=pf-s313-graded:2458 partition=2 offset=1202 suppressed=true
time=2026-09-03T23:43:48.481Z level=INFO msg=redelivery key=pf-s313-graded:2463 partition=2 offset=1203 suppressed=true
time=2026-09-03T23:43:48.501Z level=INFO msg=redelivery key=pf-s313-graded:2466 partition=2 offset=1204 suppressed=true
time=2026-09-03T23:43:48.521Z level=INFO msg=redelivery key=pf-s313-graded:2467 partition=2 offset=1205 suppressed=true
time=2026-09-03T23:43:48.541Z level=INFO msg=redelivery key=pf-s313-graded:2468 partition=2 offset=1206 suppressed=true
time=2026-09-03T23:43:48.561Z level=INFO msg=redelivery key=pf-s313-graded:2470 partition=2 offset=1207 suppressed=true
time=2026-09-03T23:43:48.581Z level=INFO msg=redelivery key=pf-s313-graded:2472 partition=2 offset=1208 suppressed=true
time=2026-09-03T23:43:48.601Z level=INFO msg=redelivery key=pf-s313-graded:2476 partition=2 offset=1209 suppressed=true
time=2026-09-03T23:43:48.621Z level=INFO msg=redelivery key=pf-s313-graded:2477 partition=2 offset=1210 suppressed=true
time=2026-09-03T23:43:48.641Z level=INFO msg=redelivery key=pf-s313-graded:2479 partition=2 offset=1211 suppressed=true
time=2026-09-03T23:43:48.662Z level=INFO msg=redelivery key=pf-s313-graded:2480 partition=2 offset=1212 suppressed=true
time=2026-09-03T23:43:48.681Z level=INFO msg=redelivery key=pf-s313-graded:2481 partition=2 offset=1213 suppressed=true
time=2026-09-03T23:43:48.701Z level=INFO msg=redelivery key=pf-s313-graded:2482 partition=2 offset=1214 suppressed=true
time=2026-09-03T23:43:48.721Z level=INFO msg=redelivery key=pf-s313-graded:2483 partition=2 offset=1215 suppressed=true
time=2026-09-03T23:43:48.741Z level=INFO msg=redelivery key=pf-s313-graded:2484 partition=2 offset=1216 suppressed=true
time=2026-09-03T23:43:48.761Z level=INFO msg=redelivery key=pf-s313-graded:2488 partition=2 offset=1217 suppressed=true
time=2026-09-03T23:43:48.781Z level=INFO msg=redelivery key=pf-s313-graded:2489 partition=2 offset=1218 suppressed=true
time=2026-09-03T23:43:48.801Z level=INFO msg=redelivery key=pf-s313-graded:2492 partition=2 offset=1219 suppressed=true
time=2026-09-03T23:43:48.821Z level=INFO msg=redelivery key=pf-s313-graded:2493 partition=2 offset=1220 suppressed=true
time=2026-09-03T23:43:48.841Z level=INFO msg=redelivery key=pf-s313-graded:2495 partition=2 offset=1221 suppressed=true
time=2026-09-03T23:43:48.861Z level=INFO msg=redelivery key=pf-s313-graded:2496 partition=2 offset=1222 suppressed=true
time=2026-09-03T23:43:48.881Z level=INFO msg=redelivery key=pf-s313-graded:2497 partition=2 offset=1223 suppressed=true
time=2026-09-03T23:43:48.901Z level=INFO msg=redelivery key=pf-s313-graded:2499 partition=2 offset=1224 suppressed=true
time=2026-09-03T23:43:48.921Z level=INFO msg=redelivery key=pf-s313-graded:2503 partition=2 offset=1225 suppressed=true
time=2026-09-03T23:43:48.941Z level=INFO msg=redelivery key=pf-s313-graded:2508 partition=2 offset=1226 suppressed=true
time=2026-09-03T23:43:48.961Z level=INFO msg=redelivery key=pf-s313-graded:2509 partition=2 offset=1227 suppressed=true
time=2026-09-03T23:43:48.980Z level=INFO msg=redelivery key=pf-s313-graded:2510 partition=2 offset=1228 suppressed=true
time=2026-09-03T23:43:49.001Z level=INFO msg=redelivery key=pf-s313-graded:2511 partition=2 offset=1229 suppressed=true
time=2026-09-03T23:43:49.021Z level=INFO msg=redelivery key=pf-s313-graded:2512 partition=2 offset=1230 suppressed=true
time=2026-09-03T23:43:49.041Z level=INFO msg=redelivery key=pf-s313-graded:2513 partition=2 offset=1231 suppressed=true
time=2026-09-03T23:43:49.060Z level=INFO msg=redelivery key=pf-s313-graded:2514 partition=2 offset=1232 suppressed=true
time=2026-09-03T23:43:49.081Z level=INFO msg=redelivery key=pf-s313-graded:2515 partition=2 offset=1233 suppressed=true
time=2026-09-03T23:43:49.101Z level=INFO msg=redelivery key=pf-s313-graded:2516 partition=2 offset=1234 suppressed=true
time=2026-09-03T23:43:49.121Z level=INFO msg=redelivery key=pf-s313-graded:2518 partition=2 offset=1235 suppressed=true
time=2026-09-03T23:43:49.141Z level=INFO msg=redelivery key=pf-s313-graded:2519 partition=2 offset=1236 suppressed=true
time=2026-09-03T23:43:49.161Z level=INFO msg=redelivery key=pf-s313-graded:2523 partition=2 offset=1237 suppressed=true
time=2026-09-03T23:43:49.181Z level=INFO msg=redelivery key=pf-s313-graded:2526 partition=2 offset=1238 suppressed=true
time=2026-09-03T23:43:49.201Z level=INFO msg=redelivery key=pf-s313-graded:2528 partition=2 offset=1239 suppressed=true
time=2026-09-03T23:43:49.221Z level=INFO msg=redelivery key=pf-s313-graded:2529 partition=2 offset=1240 suppressed=true
time=2026-09-03T23:43:49.241Z level=INFO msg=redelivery key=pf-s313-graded:2530 partition=2 offset=1241 suppressed=true
time=2026-09-03T23:43:49.261Z level=INFO msg=redelivery key=pf-s313-graded:2532 partition=2 offset=1242 suppressed=true
time=2026-09-03T23:43:49.281Z level=INFO msg=redelivery key=pf-s313-graded:2533 partition=2 offset=1243 suppressed=true
time=2026-09-03T23:43:49.301Z level=INFO msg=redelivery key=pf-s313-graded:2536 partition=2 offset=1244 suppressed=true
time=2026-09-03T23:43:49.321Z level=INFO msg=redelivery key=pf-s313-graded:2537 partition=2 offset=1245 suppressed=true
time=2026-09-03T23:43:49.341Z level=INFO msg=redelivery key=pf-s313-graded:2540 partition=2 offset=1246 suppressed=true
time=2026-09-03T23:43:49.360Z level=INFO msg=redelivery key=pf-s313-graded:2542 partition=2 offset=1247 suppressed=true
time=2026-09-03T23:43:49.381Z level=INFO msg=redelivery key=pf-s313-graded:2543 partition=2 offset=1248 suppressed=true
time=2026-09-03T23:43:49.401Z level=INFO msg=redelivery key=pf-s313-graded:2549 partition=2 offset=1249 suppressed=true
time=2026-09-03T23:43:49.423Z level=INFO msg=redelivery key=pf-s313-graded:2550 partition=2 offset=1250 suppressed=true
time=2026-09-03T23:43:49.441Z level=INFO msg=redelivery key=pf-s313-graded:2555 partition=2 offset=1251 suppressed=true
time=2026-09-03T23:43:49.462Z level=INFO msg=redelivery key=pf-s313-graded:2557 partition=2 offset=1252 suppressed=true
time=2026-09-03T23:43:49.481Z level=INFO msg=redelivery key=pf-s313-graded:2559 partition=2 offset=1253 suppressed=true
time=2026-09-03T23:43:49.501Z level=INFO msg=redelivery key=pf-s313-graded:2560 partition=2 offset=1254 suppressed=true
time=2026-09-03T23:43:49.521Z level=INFO msg=redelivery key=pf-s313-graded:2562 partition=2 offset=1255 suppressed=true
time=2026-09-03T23:43:49.541Z level=INFO msg=redelivery key=pf-s313-graded:2569 partition=2 offset=1256 suppressed=true
time=2026-09-03T23:43:49.561Z level=INFO msg=redelivery key=pf-s313-graded:2571 partition=2 offset=1257 suppressed=true
time=2026-09-03T23:43:49.581Z level=INFO msg=redelivery key=pf-s313-graded:2572 partition=2 offset=1258 suppressed=true
time=2026-09-03T23:43:49.601Z level=INFO msg=redelivery key=pf-s313-graded:2573 partition=2 offset=1259 suppressed=true
time=2026-09-03T23:43:49.621Z level=INFO msg=redelivery key=pf-s313-graded:2574 partition=2 offset=1260 suppressed=true
time=2026-09-03T23:43:49.641Z level=INFO msg=redelivery key=pf-s313-graded:2577 partition=2 offset=1261 suppressed=true
time=2026-09-03T23:43:49.661Z level=INFO msg=redelivery key=pf-s313-graded:2578 partition=2 offset=1262 suppressed=true
time=2026-09-03T23:43:49.681Z level=INFO msg=redelivery key=pf-s313-graded:2579 partition=2 offset=1263 suppressed=true
time=2026-09-03T23:43:49.701Z level=INFO msg=redelivery key=pf-s313-graded:2581 partition=2 offset=1264 suppressed=true
time=2026-09-03T23:43:49.721Z level=INFO msg=redelivery key=pf-s313-graded:2585 partition=2 offset=1265 suppressed=true
time=2026-09-03T23:43:49.741Z level=INFO msg=redelivery key=pf-s313-graded:2588 partition=2 offset=1266 suppressed=true
time=2026-09-03T23:43:49.762Z level=INFO msg=redelivery key=pf-s313-graded:2589 partition=2 offset=1267 suppressed=true
time=2026-09-03T23:43:49.782Z level=INFO msg=redelivery key=pf-s313-graded:2593 partition=2 offset=1268 suppressed=true
time=2026-09-03T23:43:49.801Z level=INFO msg=redelivery key=pf-s313-graded:2594 partition=2 offset=1269 suppressed=true
time=2026-09-03T23:43:49.820Z level=INFO msg=redelivery key=pf-s313-graded:2596 partition=2 offset=1270 suppressed=true
time=2026-09-03T23:43:49.841Z level=INFO msg=redelivery key=pf-s313-graded:2601 partition=2 offset=1271 suppressed=true
time=2026-09-03T23:43:49.861Z level=INFO msg=redelivery key=pf-s313-graded:2602 partition=2 offset=1272 suppressed=true
time=2026-09-03T23:43:49.881Z level=INFO msg=redelivery key=pf-s313-graded:2607 partition=2 offset=1273 suppressed=true
time=2026-09-03T23:43:49.901Z level=INFO msg=redelivery key=pf-s313-graded:2610 partition=2 offset=1274 suppressed=true
time=2026-09-03T23:43:49.922Z level=INFO msg=redelivery key=pf-s313-graded:2611 partition=2 offset=1275 suppressed=true
time=2026-09-03T23:43:49.941Z level=INFO msg=redelivery key=pf-s313-graded:2612 partition=2 offset=1276 suppressed=true
time=2026-09-03T23:43:49.961Z level=INFO msg=redelivery key=pf-s313-graded:2614 partition=2 offset=1277 suppressed=true
time=2026-09-03T23:43:49.981Z level=INFO msg=redelivery key=pf-s313-graded:2615 partition=2 offset=1278 suppressed=true
time=2026-09-03T23:43:50.001Z level=INFO msg=redelivery key=pf-s313-graded:2618 partition=2 offset=1279 suppressed=true
time=2026-09-03T23:43:50.021Z level=INFO msg=redelivery key=pf-s313-graded:2621 partition=2 offset=1280 suppressed=true
time=2026-09-03T23:43:50.041Z level=INFO msg=redelivery key=pf-s313-graded:2622 partition=2 offset=1281 suppressed=true
time=2026-09-03T23:43:50.060Z level=INFO msg=redelivery key=pf-s313-graded:2624 partition=2 offset=1282 suppressed=true
time=2026-09-03T23:43:50.081Z level=INFO msg=redelivery key=pf-s313-graded:2625 partition=2 offset=1283 suppressed=true
time=2026-09-03T23:43:50.101Z level=INFO msg=redelivery key=pf-s313-graded:2626 partition=2 offset=1284 suppressed=true
time=2026-09-03T23:43:50.122Z level=INFO msg=redelivery key=pf-s313-graded:2629 partition=2 offset=1285 suppressed=true
time=2026-09-03T23:43:50.141Z level=INFO msg=redelivery key=pf-s313-graded:2633 partition=2 offset=1286 suppressed=true
time=2026-09-03T23:43:50.161Z level=INFO msg=redelivery key=pf-s313-graded:2634 partition=2 offset=1287 suppressed=true
time=2026-09-03T23:43:50.181Z level=INFO msg=redelivery key=pf-s313-graded:2635 partition=2 offset=1288 suppressed=true
time=2026-09-03T23:43:50.201Z level=INFO msg=redelivery key=pf-s313-graded:2636 partition=2 offset=1289 suppressed=true
time=2026-09-03T23:43:50.221Z level=INFO msg=redelivery key=pf-s313-graded:2638 partition=2 offset=1290 suppressed=true
time=2026-09-03T23:43:50.241Z level=INFO msg=redelivery key=pf-s313-graded:2639 partition=2 offset=1291 suppressed=true
time=2026-09-03T23:43:50.261Z level=INFO msg=redelivery key=pf-s313-graded:2640 partition=2 offset=1292 suppressed=true
time=2026-09-03T23:43:50.281Z level=INFO msg=redelivery key=pf-s313-graded:2649 partition=2 offset=1293 suppressed=true
time=2026-09-03T23:43:50.301Z level=INFO msg=redelivery key=pf-s313-graded:2650 partition=2 offset=1294 suppressed=true
time=2026-09-03T23:43:50.321Z level=INFO msg=redelivery key=pf-s313-graded:2651 partition=2 offset=1295 suppressed=true
time=2026-09-03T23:43:50.341Z level=INFO msg=redelivery key=pf-s313-graded:2653 partition=2 offset=1296 suppressed=true
time=2026-09-03T23:43:50.362Z level=INFO msg=redelivery key=pf-s313-graded:2655 partition=2 offset=1297 suppressed=true
time=2026-09-03T23:43:50.381Z level=INFO msg=redelivery key=pf-s313-graded:2656 partition=2 offset=1298 suppressed=true
time=2026-09-03T23:43:50.401Z level=INFO msg=redelivery key=pf-s313-graded:2658 partition=2 offset=1299 suppressed=true
time=2026-09-03T23:43:50.421Z level=INFO msg=redelivery key=pf-s313-graded:2660 partition=2 offset=1300 suppressed=true
time=2026-09-03T23:43:50.441Z level=INFO msg=redelivery key=pf-s313-graded:2661 partition=2 offset=1301 suppressed=true
time=2026-09-03T23:43:50.460Z level=INFO msg=redelivery key=pf-s313-graded:2662 partition=2 offset=1302 suppressed=true
time=2026-09-03T23:43:50.481Z level=INFO msg=redelivery key=pf-s313-graded:2664 partition=2 offset=1303 suppressed=true
time=2026-09-03T23:43:50.501Z level=INFO msg=redelivery key=pf-s313-graded:2665 partition=2 offset=1304 suppressed=true
time=2026-09-03T23:43:50.521Z level=INFO msg=redelivery key=pf-s313-graded:2666 partition=2 offset=1305 suppressed=true
time=2026-09-03T23:43:50.541Z level=INFO msg=redelivery key=pf-s313-graded:2668 partition=2 offset=1306 suppressed=true
time=2026-09-03T23:43:50.561Z level=INFO msg=redelivery key=pf-s313-graded:2670 partition=2 offset=1307 suppressed=true
time=2026-09-03T23:43:50.581Z level=INFO msg=redelivery key=pf-s313-graded:2671 partition=2 offset=1308 suppressed=true
time=2026-09-03T23:43:50.600Z level=INFO msg=redelivery key=pf-s313-graded:2673 partition=2 offset=1309 suppressed=true
time=2026-09-03T23:43:50.621Z level=INFO msg=redelivery key=pf-s313-graded:2675 partition=2 offset=1310 suppressed=true
time=2026-09-03T23:43:50.641Z level=INFO msg=redelivery key=pf-s313-graded:2676 partition=2 offset=1311 suppressed=true
time=2026-09-03T23:43:50.661Z level=INFO msg=redelivery key=pf-s313-graded:2679 partition=2 offset=1312 suppressed=true
time=2026-09-03T23:43:50.680Z level=INFO msg=redelivery key=pf-s313-graded:2680 partition=2 offset=1313 suppressed=true
time=2026-09-03T23:43:50.701Z level=INFO msg=redelivery key=pf-s313-graded:2683 partition=2 offset=1314 suppressed=true
time=2026-09-03T23:43:50.721Z level=INFO msg=redelivery key=pf-s313-graded:2685 partition=2 offset=1315 suppressed=true
time=2026-09-03T23:43:50.741Z level=INFO msg=redelivery key=pf-s313-graded:2688 partition=2 offset=1316 suppressed=true
time=2026-09-03T23:43:50.761Z level=INFO msg=redelivery key=pf-s313-graded:2689 partition=2 offset=1317 suppressed=true
time=2026-09-03T23:43:50.781Z level=INFO msg=redelivery key=pf-s313-graded:2690 partition=2 offset=1318 suppressed=true
time=2026-09-03T23:43:50.804Z level=INFO msg=redelivery key=pf-s313-graded:2696 partition=2 offset=1319 suppressed=true
time=2026-09-03T23:43:50.822Z level=INFO msg=redelivery key=pf-s313-graded:2698 partition=2 offset=1320 suppressed=true
time=2026-09-03T23:43:50.841Z level=INFO msg=redelivery key=pf-s313-graded:2702 partition=2 offset=1321 suppressed=true
time=2026-09-03T23:43:50.861Z level=INFO msg=redelivery key=pf-s313-graded:2706 partition=2 offset=1322 suppressed=true
time=2026-09-03T23:43:50.881Z level=INFO msg=redelivery key=pf-s313-graded:2707 partition=2 offset=1323 suppressed=true
time=2026-09-03T23:43:50.901Z level=INFO msg=redelivery key=pf-s313-graded:2708 partition=2 offset=1324 suppressed=true
time=2026-09-03T23:43:50.921Z level=INFO msg=redelivery key=pf-s313-graded:2709 partition=2 offset=1325 suppressed=true
time=2026-09-03T23:43:50.941Z level=INFO msg=redelivery key=pf-s313-graded:2711 partition=2 offset=1326 suppressed=true
time=2026-09-03T23:43:50.961Z level=INFO msg=redelivery key=pf-s313-graded:2712 partition=2 offset=1327 suppressed=true
time=2026-09-03T23:43:50.981Z level=INFO msg=redelivery key=pf-s313-graded:2716 partition=2 offset=1328 suppressed=true
time=2026-09-03T23:43:51.001Z level=INFO msg=redelivery key=pf-s313-graded:2718 partition=2 offset=1329 suppressed=true
time=2026-09-03T23:43:51.024Z level=INFO msg=redelivery key=pf-s313-graded:2719 partition=2 offset=1330 suppressed=true
time=2026-09-03T23:43:51.041Z level=INFO msg=redelivery key=pf-s313-graded:2724 partition=2 offset=1331 suppressed=true
time=2026-09-03T23:43:51.060Z level=INFO msg=redelivery key=pf-s313-graded:2725 partition=2 offset=1332 suppressed=true
time=2026-09-03T23:43:51.081Z level=INFO msg=redelivery key=pf-s313-graded:2728 partition=2 offset=1333 suppressed=true
time=2026-09-03T23:43:55.441Z level=INFO msg="fault fired" key=pf-s313-graded:3083 partition=1 offset=771 epoch=0
time=2026-09-03T23:43:55.441Z level=INFO msg="fault fired" key=pf-s313-graded:2851 partition=2 offset=1389 epoch=0
time=2026-09-03T23:43:55.441Z level=INFO msg="fault fired" key=pf-s313-graded:2909 partition=2 offset=1425 epoch=0
time=2026-09-03T23:43:55.441Z level=INFO msg="fault fired" key=pf-s313-graded:2972 partition=2 offset=1460 epoch=0
time=2026-09-03T23:43:55.441Z level=INFO msg="fault fired" key=pf-s313-graded:2989 partition=2 offset=1468 epoch=0
time=2026-09-03T23:43:55.441Z level=INFO msg="fault fired" key=pf-s313-graded:3066 partition=2 offset=1496 epoch=0
time=2026-09-03T23:43:55.441Z level=INFO msg="fault fired" key=pf-s313-graded:3088 partition=2 offset=1510 epoch=0
time=2026-09-03T23:43:55.441Z level=INFO msg="rewinding instead of committing" key=pf-s313-graded:3083 partition=1 offset=771 epoch=0
time=2026-09-03T23:43:55.441Z level=INFO msg="rewinding instead of committing" key=pf-s313-graded:2851 partition=2 offset=1389 epoch=0
time=2026-09-03T23:43:55.462Z level=INFO msg=redelivery key=pf-s313-graded:2851 partition=2 offset=1389 suppressed=true
time=2026-09-03T23:43:55.481Z level=INFO msg=redelivery key=pf-s313-graded:2853 partition=2 offset=1390 suppressed=true
time=2026-09-03T23:43:55.501Z level=INFO msg=redelivery key=pf-s313-graded:2855 partition=2 offset=1391 suppressed=true
time=2026-09-03T23:43:55.521Z level=INFO msg=redelivery key=pf-s313-graded:2857 partition=2 offset=1392 suppressed=true
time=2026-09-03T23:43:55.541Z level=INFO msg=redelivery key=pf-s313-graded:2859 partition=2 offset=1393 suppressed=true
time=2026-09-03T23:43:55.564Z level=INFO msg=redelivery key=pf-s313-graded:2864 partition=2 offset=1394 suppressed=true
time=2026-09-03T23:43:55.580Z level=INFO msg=redelivery key=pf-s313-graded:2865 partition=2 offset=1395 suppressed=true
time=2026-09-03T23:43:55.601Z level=INFO msg=redelivery key=pf-s313-graded:2867 partition=2 offset=1396 suppressed=true
time=2026-09-03T23:43:55.622Z level=INFO msg=redelivery key=pf-s313-graded:2868 partition=2 offset=1397 suppressed=true
time=2026-09-03T23:43:55.648Z level=INFO msg=redelivery key=pf-s313-graded:2869 partition=2 offset=1398 suppressed=true
time=2026-09-03T23:43:55.663Z level=INFO msg=redelivery key=pf-s313-graded:2870 partition=2 offset=1399 suppressed=true
time=2026-09-03T23:43:55.681Z level=INFO msg=redelivery key=pf-s313-graded:2871 partition=2 offset=1400 suppressed=true
time=2026-09-03T23:43:55.702Z level=INFO msg=redelivery key=pf-s313-graded:2873 partition=2 offset=1401 suppressed=true
time=2026-09-03T23:43:55.721Z level=INFO msg=redelivery key=pf-s313-graded:2876 partition=2 offset=1402 suppressed=true
time=2026-09-03T23:43:55.740Z level=INFO msg=redelivery key=pf-s313-graded:2877 partition=2 offset=1403 suppressed=true
time=2026-09-03T23:43:55.761Z level=INFO msg=redelivery key=pf-s313-graded:2878 partition=2 offset=1404 suppressed=true
time=2026-09-03T23:43:55.781Z level=INFO msg=redelivery key=pf-s313-graded:2881 partition=2 offset=1405 suppressed=true
time=2026-09-03T23:43:55.801Z level=INFO msg=redelivery key=pf-s313-graded:2883 partition=2 offset=1406 suppressed=true
time=2026-09-03T23:43:55.821Z level=INFO msg=redelivery key=pf-s313-graded:2884 partition=2 offset=1407 suppressed=true
time=2026-09-03T23:43:55.841Z level=INFO msg=redelivery key=pf-s313-graded:2885 partition=2 offset=1408 suppressed=true
time=2026-09-03T23:43:55.861Z level=INFO msg=redelivery key=pf-s313-graded:2887 partition=2 offset=1409 suppressed=true
time=2026-09-03T23:43:55.880Z level=INFO msg=redelivery key=pf-s313-graded:2888 partition=2 offset=1410 suppressed=true
time=2026-09-03T23:43:55.901Z level=INFO msg=redelivery key=pf-s313-graded:2890 partition=2 offset=1411 suppressed=true
time=2026-09-03T23:43:55.920Z level=INFO msg=redelivery key=pf-s313-graded:2892 partition=2 offset=1412 suppressed=true
time=2026-09-03T23:43:55.941Z level=INFO msg=redelivery key=pf-s313-graded:2893 partition=2 offset=1413 suppressed=true
time=2026-09-03T23:43:55.961Z level=INFO msg=redelivery key=pf-s313-graded:2894 partition=2 offset=1414 suppressed=true
time=2026-09-03T23:43:55.982Z level=INFO msg=redelivery key=pf-s313-graded:2895 partition=2 offset=1415 suppressed=true
time=2026-09-03T23:43:56.001Z level=INFO msg=redelivery key=pf-s313-graded:2896 partition=2 offset=1416 suppressed=true
time=2026-09-03T23:43:56.022Z level=INFO msg=redelivery key=pf-s313-graded:2897 partition=2 offset=1417 suppressed=true
time=2026-09-03T23:43:56.041Z level=INFO msg=redelivery key=pf-s313-graded:2900 partition=2 offset=1418 suppressed=true
time=2026-09-03T23:43:56.063Z level=INFO msg=redelivery key=pf-s313-graded:2901 partition=2 offset=1419 suppressed=true
time=2026-09-03T23:43:56.081Z level=INFO msg=redelivery key=pf-s313-graded:2903 partition=2 offset=1420 suppressed=true
time=2026-09-03T23:43:56.101Z level=INFO msg=redelivery key=pf-s313-graded:2905 partition=2 offset=1421 suppressed=true
time=2026-09-03T23:43:56.122Z level=INFO msg=redelivery key=pf-s313-graded:2906 partition=2 offset=1422 suppressed=true
time=2026-09-03T23:43:56.141Z level=INFO msg=redelivery key=pf-s313-graded:2907 partition=2 offset=1423 suppressed=true
time=2026-09-03T23:43:56.161Z level=INFO msg=redelivery key=pf-s313-graded:2908 partition=2 offset=1424 suppressed=true
time=2026-09-03T23:43:56.181Z level=INFO msg=redelivery key=pf-s313-graded:2909 partition=2 offset=1425 suppressed=true
time=2026-09-03T23:43:56.200Z level=INFO msg=redelivery key=pf-s313-graded:2910 partition=2 offset=1426 suppressed=true
time=2026-09-03T23:43:56.221Z level=INFO msg=redelivery key=pf-s313-graded:2913 partition=2 offset=1427 suppressed=true
time=2026-09-03T23:43:56.241Z level=INFO msg=redelivery key=pf-s313-graded:2914 partition=2 offset=1428 suppressed=true
time=2026-09-03T23:43:56.261Z level=INFO msg=redelivery key=pf-s313-graded:2915 partition=2 offset=1429 suppressed=true
time=2026-09-03T23:43:56.281Z level=INFO msg=redelivery key=pf-s313-graded:2916 partition=2 offset=1430 suppressed=true
time=2026-09-03T23:43:56.301Z level=INFO msg=redelivery key=pf-s313-graded:2917 partition=2 offset=1431 suppressed=true
time=2026-09-03T23:43:56.321Z level=INFO msg=redelivery key=pf-s313-graded:2923 partition=2 offset=1432 suppressed=true
time=2026-09-03T23:43:56.341Z level=INFO msg=redelivery key=pf-s313-graded:2924 partition=2 offset=1433 suppressed=true
time=2026-09-03T23:43:56.361Z level=INFO msg=redelivery key=pf-s313-graded:2925 partition=2 offset=1434 suppressed=true
time=2026-09-03T23:43:56.381Z level=INFO msg=redelivery key=pf-s313-graded:2926 partition=2 offset=1435 suppressed=true
time=2026-09-03T23:43:56.401Z level=INFO msg=redelivery key=pf-s313-graded:2931 partition=2 offset=1436 suppressed=true
time=2026-09-03T23:43:56.420Z level=INFO msg=redelivery key=pf-s313-graded:2933 partition=2 offset=1437 suppressed=true
time=2026-09-03T23:43:56.441Z level=INFO msg=redelivery key=pf-s313-graded:2935 partition=2 offset=1438 suppressed=true
time=2026-09-03T23:43:56.461Z level=INFO msg=redelivery key=pf-s313-graded:2938 partition=2 offset=1439 suppressed=true
time=2026-09-03T23:43:56.481Z level=INFO msg=redelivery key=pf-s313-graded:2940 partition=2 offset=1440 suppressed=true
time=2026-09-03T23:43:56.501Z level=INFO msg=redelivery key=pf-s313-graded:2941 partition=2 offset=1441 suppressed=true
time=2026-09-03T23:43:56.521Z level=INFO msg=redelivery key=pf-s313-graded:2943 partition=2 offset=1442 suppressed=true
time=2026-09-03T23:43:56.541Z level=INFO msg=redelivery key=pf-s313-graded:2944 partition=2 offset=1443 suppressed=true
time=2026-09-03T23:43:56.561Z level=INFO msg=redelivery key=pf-s313-graded:2945 partition=2 offset=1444 suppressed=true
time=2026-09-03T23:43:56.581Z level=INFO msg=redelivery key=pf-s313-graded:2946 partition=2 offset=1445 suppressed=true
time=2026-09-03T23:43:56.600Z level=INFO msg=redelivery key=pf-s313-graded:2948 partition=2 offset=1446 suppressed=true
time=2026-09-03T23:43:56.621Z level=INFO msg=redelivery key=pf-s313-graded:2949 partition=2 offset=1447 suppressed=true
time=2026-09-03T23:43:56.641Z level=INFO msg=redelivery key=pf-s313-graded:2950 partition=2 offset=1448 suppressed=true
time=2026-09-03T23:43:56.661Z level=INFO msg=redelivery key=pf-s313-graded:2952 partition=2 offset=1449 suppressed=true
time=2026-09-03T23:43:56.681Z level=INFO msg=redelivery key=pf-s313-graded:2953 partition=2 offset=1450 suppressed=true
time=2026-09-03T23:43:56.700Z level=INFO msg=redelivery key=pf-s313-graded:2954 partition=2 offset=1451 suppressed=true
time=2026-09-03T23:43:56.721Z level=INFO msg=redelivery key=pf-s313-graded:2955 partition=2 offset=1452 suppressed=true
time=2026-09-03T23:43:56.741Z level=INFO msg=redelivery key=pf-s313-graded:2956 partition=2 offset=1453 suppressed=true
time=2026-09-03T23:43:56.761Z level=INFO msg=redelivery key=pf-s313-graded:2958 partition=2 offset=1454 suppressed=true
time=2026-09-03T23:43:56.781Z level=INFO msg=redelivery key=pf-s313-graded:2960 partition=2 offset=1455 suppressed=true
time=2026-09-03T23:43:56.801Z level=INFO msg=redelivery key=pf-s313-graded:2961 partition=2 offset=1456 suppressed=true
time=2026-09-03T23:43:56.822Z level=INFO msg=redelivery key=pf-s313-graded:2962 partition=2 offset=1457 suppressed=true
time=2026-09-03T23:43:56.841Z level=INFO msg=redelivery key=pf-s313-graded:2968 partition=2 offset=1458 suppressed=true
time=2026-09-03T23:43:56.860Z level=INFO msg=redelivery key=pf-s313-graded:2971 partition=2 offset=1459 suppressed=true
time=2026-09-03T23:43:56.881Z level=INFO msg=redelivery key=pf-s313-graded:2972 partition=2 offset=1460 suppressed=true
time=2026-09-03T23:43:56.901Z level=INFO msg=redelivery key=pf-s313-graded:2974 partition=2 offset=1461 suppressed=true
time=2026-09-03T23:43:56.921Z level=INFO msg=redelivery key=pf-s313-graded:2976 partition=2 offset=1462 suppressed=true
time=2026-09-03T23:43:56.941Z level=INFO msg=redelivery key=pf-s313-graded:2980 partition=2 offset=1463 suppressed=true
time=2026-09-03T23:43:56.961Z level=INFO msg=redelivery key=pf-s313-graded:2981 partition=2 offset=1464 suppressed=true
time=2026-09-03T23:43:56.981Z level=INFO msg=redelivery key=pf-s313-graded:2982 partition=2 offset=1465 suppressed=true
time=2026-09-03T23:43:57.001Z level=INFO msg=redelivery key=pf-s313-graded:2985 partition=2 offset=1466 suppressed=true
time=2026-09-03T23:43:57.021Z level=INFO msg=redelivery key=pf-s313-graded:2988 partition=2 offset=1467 suppressed=true
time=2026-09-03T23:43:57.041Z level=INFO msg=redelivery key=pf-s313-graded:2989 partition=2 offset=1468 suppressed=true
time=2026-09-03T23:43:57.060Z level=INFO msg=redelivery key=pf-s313-graded:2990 partition=2 offset=1469 suppressed=true
time=2026-09-03T23:43:57.081Z level=INFO msg=redelivery key=pf-s313-graded:2992 partition=2 offset=1470 suppressed=true
time=2026-09-03T23:43:57.102Z level=INFO msg=redelivery key=pf-s313-graded:2998 partition=2 offset=1471 suppressed=true
time=2026-09-03T23:43:57.120Z level=INFO msg=redelivery key=pf-s313-graded:3002 partition=2 offset=1472 suppressed=true
time=2026-09-03T23:43:57.141Z level=INFO msg=redelivery key=pf-s313-graded:3003 partition=2 offset=1473 suppressed=true
time=2026-09-03T23:43:57.161Z level=INFO msg=redelivery key=pf-s313-graded:3004 partition=2 offset=1474 suppressed=true
time=2026-09-03T23:43:57.181Z level=INFO msg=redelivery key=pf-s313-graded:3005 partition=2 offset=1475 suppressed=true
time=2026-09-03T23:43:57.201Z level=INFO msg=redelivery key=pf-s313-graded:3012 partition=2 offset=1476 suppressed=true
time=2026-09-03T23:43:57.221Z level=INFO msg=redelivery key=pf-s313-graded:3013 partition=2 offset=1477 suppressed=true
time=2026-09-03T23:43:57.245Z level=INFO msg=redelivery key=pf-s313-graded:3016 partition=2 offset=1478 suppressed=true
time=2026-09-03T23:43:57.261Z level=INFO msg=redelivery key=pf-s313-graded:3020 partition=2 offset=1479 suppressed=true
time=2026-09-03T23:43:57.281Z level=INFO msg=redelivery key=pf-s313-graded:3022 partition=2 offset=1480 suppressed=true
time=2026-09-03T23:43:57.301Z level=INFO msg=redelivery key=pf-s313-graded:3024 partition=2 offset=1481 suppressed=true
time=2026-09-03T23:43:57.322Z level=INFO msg=redelivery key=pf-s313-graded:3026 partition=2 offset=1482 suppressed=true
time=2026-09-03T23:43:57.340Z level=INFO msg=redelivery key=pf-s313-graded:3028 partition=2 offset=1483 suppressed=true
time=2026-09-03T23:43:57.361Z level=INFO msg=redelivery key=pf-s313-graded:3031 partition=2 offset=1484 suppressed=true
time=2026-09-03T23:43:57.381Z level=INFO msg=redelivery key=pf-s313-graded:3039 partition=2 offset=1485 suppressed=true
time=2026-09-03T23:43:57.401Z level=INFO msg=redelivery key=pf-s313-graded:3041 partition=2 offset=1486 suppressed=true
time=2026-09-03T23:43:57.421Z level=INFO msg=redelivery key=pf-s313-graded:3042 partition=2 offset=1487 suppressed=true
time=2026-09-03T23:43:57.441Z level=INFO msg=redelivery key=pf-s313-graded:3046 partition=2 offset=1488 suppressed=true
time=2026-09-03T23:43:57.461Z level=INFO msg=redelivery key=pf-s313-graded:3050 partition=2 offset=1489 suppressed=true
time=2026-09-03T23:43:57.481Z level=INFO msg=redelivery key=pf-s313-graded:3051 partition=2 offset=1490 suppressed=true
time=2026-09-03T23:43:57.501Z level=INFO msg=redelivery key=pf-s313-graded:3053 partition=2 offset=1491 suppressed=true
time=2026-09-03T23:43:57.521Z level=INFO msg=redelivery key=pf-s313-graded:3059 partition=2 offset=1492 suppressed=true
time=2026-09-03T23:43:57.541Z level=INFO msg=redelivery key=pf-s313-graded:3062 partition=2 offset=1493 suppressed=true
time=2026-09-03T23:43:57.561Z level=INFO msg=redelivery key=pf-s313-graded:3063 partition=2 offset=1494 suppressed=true
time=2026-09-03T23:43:57.581Z level=INFO msg=redelivery key=pf-s313-graded:3065 partition=2 offset=1495 suppressed=true
time=2026-09-03T23:43:57.602Z level=INFO msg=redelivery key=pf-s313-graded:3066 partition=2 offset=1496 suppressed=true
time=2026-09-03T23:43:57.621Z level=INFO msg=redelivery key=pf-s313-graded:3067 partition=2 offset=1497 suppressed=true
time=2026-09-03T23:43:57.641Z level=INFO msg=redelivery key=pf-s313-graded:3069 partition=2 offset=1498 suppressed=true
time=2026-09-03T23:43:57.661Z level=INFO msg=redelivery key=pf-s313-graded:3070 partition=2 offset=1499 suppressed=true
time=2026-09-03T23:43:57.681Z level=INFO msg=redelivery key=pf-s313-graded:3071 partition=2 offset=1500 suppressed=true
time=2026-09-03T23:43:57.702Z level=INFO msg=redelivery key=pf-s313-graded:3073 partition=2 offset=1501 suppressed=true
time=2026-09-03T23:43:57.721Z level=INFO msg=redelivery key=pf-s313-graded:3074 partition=2 offset=1502 suppressed=true
time=2026-09-03T23:43:57.741Z level=INFO msg=redelivery key=pf-s313-graded:3075 partition=2 offset=1503 suppressed=true
time=2026-09-03T23:43:57.763Z level=INFO msg=redelivery key=pf-s313-graded:3076 partition=2 offset=1504 suppressed=true
time=2026-09-03T23:43:57.782Z level=INFO msg=redelivery key=pf-s313-graded:3077 partition=2 offset=1505 suppressed=true
time=2026-09-03T23:43:57.801Z level=INFO msg=redelivery key=pf-s313-graded:3079 partition=2 offset=1506 suppressed=true
time=2026-09-03T23:43:57.820Z level=INFO msg=redelivery key=pf-s313-graded:3080 partition=2 offset=1507 suppressed=true
time=2026-09-03T23:43:57.841Z level=INFO msg=redelivery key=pf-s313-graded:3085 partition=2 offset=1508 suppressed=true
time=2026-09-03T23:43:57.861Z level=INFO msg=redelivery key=pf-s313-graded:3087 partition=2 offset=1509 suppressed=true
time=2026-09-03T23:43:57.881Z level=INFO msg=redelivery key=pf-s313-graded:3088 partition=2 offset=1510 suppressed=true
time=2026-09-03T23:43:57.902Z level=INFO msg=redelivery key=pf-s313-graded:3091 partition=2 offset=1511 suppressed=true
time=2026-09-03T23:43:57.921Z level=INFO msg=redelivery key=pf-s313-graded:3092 partition=2 offset=1512 suppressed=true
time=2026-09-03T23:43:57.941Z level=INFO msg=redelivery key=pf-s313-graded:3093 partition=2 offset=1513 suppressed=true
time=2026-09-03T23:43:57.961Z level=INFO msg=redelivery key=pf-s313-graded:3094 partition=2 offset=1514 suppressed=true
time=2026-09-03T23:43:57.981Z level=INFO msg=redelivery key=pf-s313-graded:3098 partition=2 offset=1515 suppressed=true
time=2026-09-03T23:43:58.001Z level=INFO msg=redelivery key=pf-s313-graded:3100 partition=2 offset=1516 suppressed=true
time=2026-09-03T23:43:58.021Z level=INFO msg=redelivery key=pf-s313-graded:3104 partition=2 offset=1517 suppressed=true
time=2026-09-03T23:43:58.041Z level=INFO msg=redelivery key=pf-s313-graded:3106 partition=2 offset=1518 suppressed=true
time=2026-09-03T23:43:58.061Z level=INFO msg=redelivery key=pf-s313-graded:3108 partition=2 offset=1519 suppressed=true
time=2026-09-03T23:43:58.081Z level=INFO msg=redelivery key=pf-s313-graded:3111 partition=2 offset=1520 suppressed=true
time=2026-09-03T23:43:58.101Z level=INFO msg=redelivery key=pf-s313-graded:3112 partition=2 offset=1521 suppressed=true
time=2026-09-03T23:43:58.121Z level=INFO msg=redelivery key=pf-s313-graded:3115 partition=2 offset=1522 suppressed=true
time=2026-09-03T23:43:58.141Z level=INFO msg=redelivery key=pf-s313-graded:3116 partition=2 offset=1523 suppressed=true
time=2026-09-03T23:43:58.161Z level=INFO msg=redelivery key=pf-s313-graded:3117 partition=2 offset=1524 suppressed=true
time=2026-09-03T23:43:58.181Z level=INFO msg=redelivery key=pf-s313-graded:3119 partition=2 offset=1525 suppressed=true
time=2026-09-03T23:43:58.201Z level=INFO msg=redelivery key=pf-s313-graded:3121 partition=2 offset=1526 suppressed=true
time=2026-09-03T23:43:58.222Z level=INFO msg=redelivery key=pf-s313-graded:3123 partition=2 offset=1527 suppressed=true
time=2026-09-03T23:43:58.241Z level=INFO msg=redelivery key=pf-s313-graded:3125 partition=2 offset=1528 suppressed=true
time=2026-09-03T23:43:58.261Z level=INFO msg=redelivery key=pf-s313-graded:3126 partition=2 offset=1529 suppressed=true
time=2026-09-03T23:43:58.283Z level=INFO msg=redelivery key=pf-s313-graded:3131 partition=2 offset=1530 suppressed=true
time=2026-09-03T23:43:58.301Z level=INFO msg=redelivery key=pf-s313-graded:3132 partition=2 offset=1531 suppressed=true
time=2026-09-03T23:43:58.321Z level=INFO msg=redelivery key=pf-s313-graded:3134 partition=2 offset=1532 suppressed=true
time=2026-09-03T23:44:05.442Z level=INFO msg="fault fired" key=pf-s313-graded:3227 partition=2 offset=1579 epoch=0
time=2026-09-03T23:44:05.442Z level=INFO msg="fault fired" key=pf-s313-graded:3232 partition=2 offset=1582 epoch=0
time=2026-09-03T23:44:05.442Z level=INFO msg="fault fired" key=pf-s313-graded:3297 partition=2 offset=1616 epoch=0
time=2026-09-03T23:44:05.442Z level=INFO msg="fault fired" key=pf-s313-graded:3584 partition=2 offset=1739 epoch=0
time=2026-09-03T23:44:05.442Z level=INFO msg="rewinding instead of committing" key=pf-s313-graded:3227 partition=2 offset=1579 epoch=0
time=2026-09-03T23:44:09.781Z level=INFO msg=redelivery key=pf-s313-graded:3083 partition=1 offset=771 suppressed=true
time=2026-09-03T23:44:09.801Z level=INFO msg=redelivery key=pf-s313-graded:3089 partition=1 offset=772 suppressed=true
time=2026-09-03T23:44:09.821Z level=INFO msg=redelivery key=pf-s313-graded:3095 partition=1 offset=773 suppressed=true
time=2026-09-03T23:44:09.841Z level=INFO msg=redelivery key=pf-s313-graded:3099 partition=1 offset=774 suppressed=true
time=2026-09-03T23:44:09.861Z level=INFO msg=redelivery key=pf-s313-graded:3105 partition=1 offset=775 suppressed=true
time=2026-09-03T23:44:09.881Z level=INFO msg=redelivery key=pf-s313-graded:3107 partition=1 offset=776 suppressed=true
time=2026-09-03T23:44:09.901Z level=INFO msg=redelivery key=pf-s313-graded:3110 partition=1 offset=777 suppressed=true
time=2026-09-03T23:44:09.921Z level=INFO msg=redelivery key=pf-s313-graded:3113 partition=1 offset=778 suppressed=true
time=2026-09-03T23:44:09.941Z level=INFO msg=redelivery key=pf-s313-graded:3114 partition=1 offset=779 suppressed=true
time=2026-09-03T23:44:09.962Z level=INFO msg=redelivery key=pf-s313-graded:3124 partition=1 offset=780 suppressed=true
time=2026-09-03T23:44:09.982Z level=INFO msg=redelivery key=pf-s313-graded:3127 partition=1 offset=781 suppressed=true
time=2026-09-03T23:44:10.002Z level=INFO msg=redelivery key=pf-s313-graded:3135 partition=1 offset=782 suppressed=true
time=2026-09-03T23:44:15.281Z level=INFO msg=redelivery key=pf-s313-graded:3227 partition=2 offset=1579 suppressed=true
time=2026-09-03T23:44:15.300Z level=INFO msg=redelivery key=pf-s313-graded:3229 partition=2 offset=1580 suppressed=true
time=2026-09-03T23:44:15.321Z level=INFO msg=redelivery key=pf-s313-graded:3230 partition=2 offset=1581 suppressed=true
time=2026-09-03T23:44:15.341Z level=INFO msg=redelivery key=pf-s313-graded:3232 partition=2 offset=1582 suppressed=true
time=2026-09-03T23:44:15.361Z level=INFO msg=redelivery key=pf-s313-graded:3234 partition=2 offset=1583 suppressed=true
time=2026-09-03T23:44:15.380Z level=INFO msg=redelivery key=pf-s313-graded:3236 partition=2 offset=1584 suppressed=true
time=2026-09-03T23:44:15.401Z level=INFO msg=redelivery key=pf-s313-graded:3237 partition=2 offset=1585 suppressed=true
time=2026-09-03T23:44:15.421Z level=INFO msg=redelivery key=pf-s313-graded:3238 partition=2 offset=1586 suppressed=true
time=2026-09-03T23:44:15.441Z level=INFO msg=redelivery key=pf-s313-graded:3239 partition=2 offset=1587 suppressed=true
time=2026-09-03T23:44:15.441Z level=INFO msg="fault fired" key=pf-s313-graded:3374 partition=0 offset=874 epoch=0
time=2026-09-03T23:44:15.441Z level=INFO msg="fault fired" key=pf-s313-graded:3923 partition=0 offset=1011 epoch=0
time=2026-09-03T23:44:15.441Z level=INFO msg="fault fired" key=pf-s313-graded:3278 partition=1 offset=818 epoch=0
time=2026-09-03T23:44:15.441Z level=INFO msg="rewinding instead of committing" key=pf-s313-graded:3374 partition=0 offset=874 epoch=0
time=2026-09-03T23:44:15.441Z level=INFO msg="rewinding instead of committing" key=pf-s313-graded:3278 partition=1 offset=818 epoch=0
time=2026-09-03T23:44:15.461Z level=INFO msg=redelivery key=pf-s313-graded:3278 partition=1 offset=818 suppressed=true
time=2026-09-03T23:44:15.481Z level=INFO msg=redelivery key=pf-s313-graded:3280 partition=1 offset=819 suppressed=true
time=2026-09-03T23:44:15.501Z level=INFO msg=redelivery key=pf-s313-graded:3286 partition=1 offset=820 suppressed=true
time=2026-09-03T23:44:15.520Z level=INFO msg=redelivery key=pf-s313-graded:3287 partition=1 offset=821 suppressed=true
time=2026-09-03T23:44:15.541Z level=INFO msg=redelivery key=pf-s313-graded:3293 partition=1 offset=822 suppressed=true
time=2026-09-03T23:44:15.561Z level=INFO msg=redelivery key=pf-s313-graded:3294 partition=1 offset=823 suppressed=true
time=2026-09-03T23:44:15.581Z level=INFO msg=redelivery key=pf-s313-graded:3298 partition=1 offset=824 suppressed=true
time=2026-09-03T23:44:15.601Z level=INFO msg=redelivery key=pf-s313-graded:3300 partition=1 offset=825 suppressed=true
time=2026-09-03T23:44:15.621Z level=INFO msg=redelivery key=pf-s313-graded:3302 partition=1 offset=826 suppressed=true
time=2026-09-03T23:44:15.641Z level=INFO msg=redelivery key=pf-s313-graded:3308 partition=1 offset=827 suppressed=true
time=2026-09-03T23:44:15.661Z level=INFO msg=redelivery key=pf-s313-graded:3309 partition=1 offset=828 suppressed=true
time=2026-09-03T23:44:15.681Z level=INFO msg=redelivery key=pf-s313-graded:3312 partition=1 offset=829 suppressed=true
time=2026-09-03T23:44:15.701Z level=INFO msg=redelivery key=pf-s313-graded:3315 partition=1 offset=830 suppressed=true
time=2026-09-03T23:44:15.720Z level=INFO msg=redelivery key=pf-s313-graded:3316 partition=1 offset=831 suppressed=true
time=2026-09-03T23:44:15.741Z level=INFO msg=redelivery key=pf-s313-graded:3318 partition=1 offset=832 suppressed=true
time=2026-09-03T23:44:15.761Z level=INFO msg=redelivery key=pf-s313-graded:3322 partition=1 offset=833 suppressed=true
time=2026-09-03T23:44:15.780Z level=INFO msg=redelivery key=pf-s313-graded:3335 partition=1 offset=834 suppressed=true
time=2026-09-03T23:44:15.801Z level=INFO msg=redelivery key=pf-s313-graded:3344 partition=1 offset=835 suppressed=true
time=2026-09-03T23:44:15.821Z level=INFO msg=redelivery key=pf-s313-graded:3345 partition=1 offset=836 suppressed=true
time=2026-09-03T23:44:15.841Z level=INFO msg=redelivery key=pf-s313-graded:3349 partition=1 offset=837 suppressed=true
time=2026-09-03T23:44:15.860Z level=INFO msg=redelivery key=pf-s313-graded:3352 partition=1 offset=838 suppressed=true
time=2026-09-03T23:44:15.881Z level=INFO msg=redelivery key=pf-s313-graded:3353 partition=1 offset=839 suppressed=true
time=2026-09-03T23:44:15.901Z level=INFO msg=redelivery key=pf-s313-graded:3355 partition=1 offset=840 suppressed=true
time=2026-09-03T23:44:15.921Z level=INFO msg=redelivery key=pf-s313-graded:3360 partition=1 offset=841 suppressed=true
time=2026-09-03T23:44:15.941Z level=INFO msg=redelivery key=pf-s313-graded:3361 partition=1 offset=842 suppressed=true
time=2026-09-03T23:44:15.960Z level=INFO msg=redelivery key=pf-s313-graded:3362 partition=1 offset=843 suppressed=true
time=2026-09-03T23:44:15.981Z level=INFO msg=redelivery key=pf-s313-graded:3367 partition=1 offset=844 suppressed=true
time=2026-09-03T23:44:16.001Z level=INFO msg=redelivery key=pf-s313-graded:3371 partition=1 offset=845 suppressed=true
time=2026-09-03T23:44:16.021Z level=INFO msg=redelivery key=pf-s313-graded:3375 partition=1 offset=846 suppressed=true
time=2026-09-03T23:44:16.041Z level=INFO msg=redelivery key=pf-s313-graded:3380 partition=1 offset=847 suppressed=true
time=2026-09-03T23:44:16.061Z level=INFO msg=redelivery key=pf-s313-graded:3381 partition=1 offset=848 suppressed=true
time=2026-09-03T23:44:16.081Z level=INFO msg=redelivery key=pf-s313-graded:3384 partition=1 offset=849 suppressed=true
time=2026-09-03T23:44:16.102Z level=INFO msg=redelivery key=pf-s313-graded:3392 partition=1 offset=850 suppressed=true
time=2026-09-03T23:44:16.121Z level=INFO msg=redelivery key=pf-s313-graded:3396 partition=1 offset=851 suppressed=true
time=2026-09-03T23:44:16.141Z level=INFO msg=redelivery key=pf-s313-graded:3397 partition=1 offset=852 suppressed=true
time=2026-09-03T23:44:16.160Z level=INFO msg=redelivery key=pf-s313-graded:3402 partition=1 offset=853 suppressed=true
time=2026-09-03T23:44:16.181Z level=INFO msg=redelivery key=pf-s313-graded:3405 partition=1 offset=854 suppressed=true
time=2026-09-03T23:44:16.201Z level=INFO msg=redelivery key=pf-s313-graded:3412 partition=1 offset=855 suppressed=true
time=2026-09-03T23:44:16.221Z level=INFO msg=redelivery key=pf-s313-graded:3417 partition=1 offset=856 suppressed=true
time=2026-09-03T23:44:16.241Z level=INFO msg=redelivery key=pf-s313-graded:3419 partition=1 offset=857 suppressed=true
time=2026-09-03T23:44:16.261Z level=INFO msg=redelivery key=pf-s313-graded:3422 partition=1 offset=858 suppressed=true
time=2026-09-03T23:44:16.281Z level=INFO msg=redelivery key=pf-s313-graded:3435 partition=1 offset=859 suppressed=true
time=2026-09-03T23:44:16.300Z level=INFO msg=redelivery key=pf-s313-graded:3448 partition=1 offset=860 suppressed=true
time=2026-09-03T23:44:16.321Z level=INFO msg=redelivery key=pf-s313-graded:3454 partition=1 offset=861 suppressed=true
time=2026-09-03T23:44:16.341Z level=INFO msg=redelivery key=pf-s313-graded:3456 partition=1 offset=862 suppressed=true
time=2026-09-03T23:44:16.361Z level=INFO msg=redelivery key=pf-s313-graded:3459 partition=1 offset=863 suppressed=true
time=2026-09-03T23:44:16.381Z level=INFO msg=redelivery key=pf-s313-graded:3460 partition=1 offset=864 suppressed=true
time=2026-09-03T23:44:16.400Z level=INFO msg=redelivery key=pf-s313-graded:3462 partition=1 offset=865 suppressed=true
time=2026-09-03T23:44:16.421Z level=INFO msg=redelivery key=pf-s313-graded:3465 partition=1 offset=866 suppressed=true
time=2026-09-03T23:44:16.441Z level=INFO msg=redelivery key=pf-s313-graded:3467 partition=1 offset=867 suppressed=true
time=2026-09-03T23:44:16.461Z level=INFO msg=redelivery key=pf-s313-graded:3468 partition=1 offset=868 suppressed=true
time=2026-09-03T23:44:16.481Z level=INFO msg=redelivery key=pf-s313-graded:3470 partition=1 offset=869 suppressed=true
time=2026-09-03T23:44:16.500Z level=INFO msg=redelivery key=pf-s313-graded:3472 partition=1 offset=870 suppressed=true
time=2026-09-03T23:44:16.521Z level=INFO msg=redelivery key=pf-s313-graded:3473 partition=1 offset=871 suppressed=true
time=2026-09-03T23:44:16.541Z level=INFO msg=redelivery key=pf-s313-graded:3479 partition=1 offset=872 suppressed=true
time=2026-09-03T23:44:16.561Z level=INFO msg=redelivery key=pf-s313-graded:3480 partition=1 offset=873 suppressed=true
time=2026-09-03T23:44:16.581Z level=INFO msg=redelivery key=pf-s313-graded:3481 partition=1 offset=874 suppressed=true
time=2026-09-03T23:44:16.601Z level=INFO msg=redelivery key=pf-s313-graded:3485 partition=1 offset=875 suppressed=true
time=2026-09-03T23:44:16.621Z level=INFO msg=redelivery key=pf-s313-graded:3487 partition=1 offset=876 suppressed=true
time=2026-09-03T23:44:16.642Z level=INFO msg=redelivery key=pf-s313-graded:3488 partition=1 offset=877 suppressed=true
time=2026-09-03T23:44:16.662Z level=INFO msg=redelivery key=pf-s313-graded:3489 partition=1 offset=878 suppressed=true
time=2026-09-03T23:44:16.680Z level=INFO msg=redelivery key=pf-s313-graded:3493 partition=1 offset=879 suppressed=true
time=2026-09-03T23:44:16.701Z level=INFO msg=redelivery key=pf-s313-graded:3501 partition=1 offset=880 suppressed=true
time=2026-09-03T23:44:16.721Z level=INFO msg=redelivery key=pf-s313-graded:3504 partition=1 offset=881 suppressed=true
time=2026-09-03T23:44:16.741Z level=INFO msg=redelivery key=pf-s313-graded:3507 partition=1 offset=882 suppressed=true
time=2026-09-03T23:44:16.761Z level=INFO msg=redelivery key=pf-s313-graded:3508 partition=1 offset=883 suppressed=true
time=2026-09-03T23:44:16.781Z level=INFO msg=redelivery key=pf-s313-graded:3511 partition=1 offset=884 suppressed=true
time=2026-09-03T23:44:16.801Z level=INFO msg=redelivery key=pf-s313-graded:3514 partition=1 offset=885 suppressed=true
time=2026-09-03T23:44:16.821Z level=INFO msg=redelivery key=pf-s313-graded:3520 partition=1 offset=886 suppressed=true
time=2026-09-03T23:44:16.841Z level=INFO msg=redelivery key=pf-s313-graded:3521 partition=1 offset=887 suppressed=true
time=2026-09-03T23:44:16.861Z level=INFO msg=redelivery key=pf-s313-graded:3529 partition=1 offset=888 suppressed=true
time=2026-09-03T23:44:16.880Z level=INFO msg=redelivery key=pf-s313-graded:3531 partition=1 offset=889 suppressed=true
time=2026-09-03T23:44:16.902Z level=INFO msg=redelivery key=pf-s313-graded:3533 partition=1 offset=890 suppressed=true
time=2026-09-03T23:44:16.921Z level=INFO msg=redelivery key=pf-s313-graded:3534 partition=1 offset=891 suppressed=true
time=2026-09-03T23:44:16.941Z level=INFO msg=redelivery key=pf-s313-graded:3535 partition=1 offset=892 suppressed=true
time=2026-09-03T23:44:16.964Z level=INFO msg=redelivery key=pf-s313-graded:3538 partition=1 offset=893 suppressed=true
time=2026-09-03T23:44:16.980Z level=INFO msg=redelivery key=pf-s313-graded:3540 partition=1 offset=894 suppressed=true
time=2026-09-03T23:44:17.001Z level=INFO msg=redelivery key=pf-s313-graded:3544 partition=1 offset=895 suppressed=true
time=2026-09-03T23:44:17.020Z level=INFO msg=redelivery key=pf-s313-graded:3550 partition=1 offset=896 suppressed=true
time=2026-09-03T23:44:17.041Z level=INFO msg=redelivery key=pf-s313-graded:3553 partition=1 offset=897 suppressed=true
time=2026-09-03T23:44:17.061Z level=INFO msg=redelivery key=pf-s313-graded:3560 partition=1 offset=898 suppressed=true
time=2026-09-03T23:44:17.081Z level=INFO msg=redelivery key=pf-s313-graded:3564 partition=1 offset=899 suppressed=true
time=2026-09-03T23:44:17.101Z level=INFO msg=redelivery key=pf-s313-graded:3565 partition=1 offset=900 suppressed=true
time=2026-09-03T23:44:17.121Z level=INFO msg=redelivery key=pf-s313-graded:3566 partition=1 offset=901 suppressed=true
time=2026-09-03T23:44:17.141Z level=INFO msg=redelivery key=pf-s313-graded:3570 partition=1 offset=902 suppressed=true
time=2026-09-03T23:44:17.161Z level=INFO msg=redelivery key=pf-s313-graded:3575 partition=1 offset=903 suppressed=true
time=2026-09-03T23:44:17.183Z level=INFO msg=redelivery key=pf-s313-graded:3576 partition=1 offset=904 suppressed=true
time=2026-09-03T23:44:17.201Z level=INFO msg=redelivery key=pf-s313-graded:3577 partition=1 offset=905 suppressed=true
time=2026-09-03T23:44:17.221Z level=INFO msg=redelivery key=pf-s313-graded:3578 partition=1 offset=906 suppressed=true
time=2026-09-03T23:44:17.241Z level=INFO msg=redelivery key=pf-s313-graded:3587 partition=1 offset=907 suppressed=true
time=2026-09-03T23:44:17.261Z level=INFO msg=redelivery key=pf-s313-graded:3590 partition=1 offset=908 suppressed=true
time=2026-09-03T23:44:17.281Z level=INFO msg=redelivery key=pf-s313-graded:3591 partition=1 offset=909 suppressed=true
time=2026-09-03T23:44:17.301Z level=INFO msg=redelivery key=pf-s313-graded:3593 partition=1 offset=910 suppressed=true
time=2026-09-03T23:44:17.320Z level=INFO msg=redelivery key=pf-s313-graded:3598 partition=1 offset=911 suppressed=true
time=2026-09-03T23:44:17.341Z level=INFO msg=redelivery key=pf-s313-graded:3603 partition=1 offset=912 suppressed=true
time=2026-09-03T23:44:17.360Z level=INFO msg=redelivery key=pf-s313-graded:3604 partition=1 offset=913 suppressed=true
time=2026-09-03T23:44:17.381Z level=INFO msg=redelivery key=pf-s313-graded:3605 partition=1 offset=914 suppressed=true
time=2026-09-03T23:44:17.401Z level=INFO msg=redelivery key=pf-s313-graded:3616 partition=1 offset=915 suppressed=true
time=2026-09-03T23:44:17.421Z level=INFO msg=redelivery key=pf-s313-graded:3645 partition=1 offset=916 suppressed=true
time=2026-09-03T23:44:17.441Z level=INFO msg=redelivery key=pf-s313-graded:3649 partition=1 offset=917 suppressed=true
time=2026-09-03T23:44:17.461Z level=INFO msg=redelivery key=pf-s313-graded:3656 partition=1 offset=918 suppressed=true
time=2026-09-03T23:44:17.481Z level=INFO msg=redelivery key=pf-s313-graded:3660 partition=1 offset=919 suppressed=true
time=2026-09-03T23:44:17.501Z level=INFO msg=redelivery key=pf-s313-graded:3666 partition=1 offset=920 suppressed=true
time=2026-09-03T23:44:17.520Z level=INFO msg=redelivery key=pf-s313-graded:3667 partition=1 offset=921 suppressed=true
time=2026-09-03T23:44:17.541Z level=INFO msg=redelivery key=pf-s313-graded:3673 partition=1 offset=922 suppressed=true
time=2026-09-03T23:44:17.560Z level=INFO msg=redelivery key=pf-s313-graded:3682 partition=1 offset=923 suppressed=true
time=2026-09-03T23:44:17.581Z level=INFO msg=redelivery key=pf-s313-graded:3689 partition=1 offset=924 suppressed=true
time=2026-09-03T23:44:17.602Z level=INFO msg=redelivery key=pf-s313-graded:3696 partition=1 offset=925 suppressed=true
time=2026-09-03T23:44:17.621Z level=INFO msg=redelivery key=pf-s313-graded:3698 partition=1 offset=926 suppressed=true
time=2026-09-03T23:44:17.643Z level=INFO msg=redelivery key=pf-s313-graded:3701 partition=1 offset=927 suppressed=true
time=2026-09-03T23:44:17.660Z level=INFO msg=redelivery key=pf-s313-graded:3704 partition=1 offset=928 suppressed=true
time=2026-09-03T23:44:17.681Z level=INFO msg=redelivery key=pf-s313-graded:3709 partition=1 offset=929 suppressed=true
time=2026-09-03T23:44:17.700Z level=INFO msg=redelivery key=pf-s313-graded:3712 partition=1 offset=930 suppressed=true
time=2026-09-03T23:44:17.721Z level=INFO msg=redelivery key=pf-s313-graded:3715 partition=1 offset=931 suppressed=true
time=2026-09-03T23:44:17.742Z level=INFO msg=redelivery key=pf-s313-graded:3719 partition=1 offset=932 suppressed=true
time=2026-09-03T23:44:17.760Z level=INFO msg=redelivery key=pf-s313-graded:3723 partition=1 offset=933 suppressed=true
time=2026-09-03T23:44:17.781Z level=INFO msg=redelivery key=pf-s313-graded:3726 partition=1 offset=934 suppressed=true
time=2026-09-03T23:44:17.800Z level=INFO msg=redelivery key=pf-s313-graded:3728 partition=1 offset=935 suppressed=true
time=2026-09-03T23:44:17.821Z level=INFO msg=redelivery key=pf-s313-graded:3732 partition=1 offset=936 suppressed=true
time=2026-09-03T23:44:17.841Z level=INFO msg=redelivery key=pf-s313-graded:3747 partition=1 offset=937 suppressed=true
time=2026-09-03T23:44:17.861Z level=INFO msg=redelivery key=pf-s313-graded:3748 partition=1 offset=938 suppressed=true
time=2026-09-03T23:44:17.881Z level=INFO msg=redelivery key=pf-s313-graded:3756 partition=1 offset=939 suppressed=true
time=2026-09-03T23:44:17.901Z level=INFO msg=redelivery key=pf-s313-graded:3762 partition=1 offset=940 suppressed=true
time=2026-09-03T23:44:17.921Z level=INFO msg=redelivery key=pf-s313-graded:3763 partition=1 offset=941 suppressed=true
time=2026-09-03T23:44:17.941Z level=INFO msg=redelivery key=pf-s313-graded:3775 partition=1 offset=942 suppressed=true
time=2026-09-03T23:44:17.961Z level=INFO msg=redelivery key=pf-s313-graded:3777 partition=1 offset=943 suppressed=true
time=2026-09-03T23:44:17.981Z level=INFO msg=redelivery key=pf-s313-graded:3779 partition=1 offset=944 suppressed=true
time=2026-09-03T23:44:18.001Z level=INFO msg=redelivery key=pf-s313-graded:3784 partition=1 offset=945 suppressed=true
time=2026-09-03T23:44:18.020Z level=INFO msg=redelivery key=pf-s313-graded:3787 partition=1 offset=946 suppressed=true
time=2026-09-03T23:44:18.041Z level=INFO msg=redelivery key=pf-s313-graded:3789 partition=1 offset=947 suppressed=true
time=2026-09-03T23:44:18.061Z level=INFO msg=redelivery key=pf-s313-graded:3790 partition=1 offset=948 suppressed=true
time=2026-09-03T23:44:18.081Z level=INFO msg=redelivery key=pf-s313-graded:3792 partition=1 offset=949 suppressed=true
time=2026-09-03T23:44:18.101Z level=INFO msg=redelivery key=pf-s313-graded:3795 partition=1 offset=950 suppressed=true
time=2026-09-03T23:44:18.121Z level=INFO msg=redelivery key=pf-s313-graded:3798 partition=1 offset=951 suppressed=true
time=2026-09-03T23:44:18.141Z level=INFO msg=redelivery key=pf-s313-graded:3803 partition=1 offset=952 suppressed=true
time=2026-09-03T23:44:18.161Z level=INFO msg=redelivery key=pf-s313-graded:3806 partition=1 offset=953 suppressed=true
time=2026-09-03T23:44:18.181Z level=INFO msg=redelivery key=pf-s313-graded:3807 partition=1 offset=954 suppressed=true
time=2026-09-03T23:44:18.202Z level=INFO msg=redelivery key=pf-s313-graded:3813 partition=1 offset=955 suppressed=true
time=2026-09-03T23:44:18.221Z level=INFO msg=redelivery key=pf-s313-graded:3815 partition=1 offset=956 suppressed=true
time=2026-09-03T23:44:18.243Z level=INFO msg=redelivery key=pf-s313-graded:3817 partition=1 offset=957 suppressed=true
time=2026-09-03T23:44:18.261Z level=INFO msg=redelivery key=pf-s313-graded:3822 partition=1 offset=958 suppressed=true
time=2026-09-03T23:44:18.281Z level=INFO msg=redelivery key=pf-s313-graded:3823 partition=1 offset=959 suppressed=true
time=2026-09-03T23:44:18.303Z level=INFO msg=redelivery key=pf-s313-graded:3825 partition=1 offset=960 suppressed=true
time=2026-09-03T23:44:18.321Z level=INFO msg=redelivery key=pf-s313-graded:3836 partition=1 offset=961 suppressed=true
time=2026-09-03T23:44:18.341Z level=INFO msg=redelivery key=pf-s313-graded:3838 partition=1 offset=962 suppressed=true
time=2026-09-03T23:44:18.368Z level=INFO msg=redelivery key=pf-s313-graded:3840 partition=1 offset=963 suppressed=true
time=2026-09-03T23:44:18.381Z level=INFO msg=redelivery key=pf-s313-graded:3845 partition=1 offset=964 suppressed=true
time=2026-09-03T23:44:18.403Z level=INFO msg=redelivery key=pf-s313-graded:3848 partition=1 offset=965 suppressed=true
time=2026-09-03T23:44:18.421Z level=INFO msg=redelivery key=pf-s313-graded:3853 partition=1 offset=966 suppressed=true
time=2026-09-03T23:44:18.442Z level=INFO msg=redelivery key=pf-s313-graded:3855 partition=1 offset=967 suppressed=true
time=2026-09-03T23:44:18.461Z level=INFO msg=redelivery key=pf-s313-graded:3857 partition=1 offset=968 suppressed=true
time=2026-09-03T23:44:18.481Z level=INFO msg=redelivery key=pf-s313-graded:3858 partition=1 offset=969 suppressed=true
time=2026-09-03T23:44:18.501Z level=INFO msg=redelivery key=pf-s313-graded:3861 partition=1 offset=970 suppressed=true
time=2026-09-03T23:44:18.521Z level=INFO msg=redelivery key=pf-s313-graded:3862 partition=1 offset=971 suppressed=true
time=2026-09-03T23:44:18.541Z level=INFO msg=redelivery key=pf-s313-graded:3863 partition=1 offset=972 suppressed=true
time=2026-09-03T23:44:18.561Z level=INFO msg=redelivery key=pf-s313-graded:3867 partition=1 offset=973 suppressed=true
time=2026-09-03T23:44:18.581Z level=INFO msg=redelivery key=pf-s313-graded:3870 partition=1 offset=974 suppressed=true
time=2026-09-03T23:44:18.601Z level=INFO msg=redelivery key=pf-s313-graded:3873 partition=1 offset=975 suppressed=true
time=2026-09-03T23:44:18.621Z level=INFO msg=redelivery key=pf-s313-graded:3874 partition=1 offset=976 suppressed=true
time=2026-09-03T23:44:18.641Z level=INFO msg=redelivery key=pf-s313-graded:3877 partition=1 offset=977 suppressed=true
time=2026-09-03T23:44:18.661Z level=INFO msg=redelivery key=pf-s313-graded:3878 partition=1 offset=978 suppressed=true
time=2026-09-03T23:44:18.681Z level=INFO msg=redelivery key=pf-s313-graded:3881 partition=1 offset=979 suppressed=true
time=2026-09-03T23:44:18.701Z level=INFO msg=redelivery key=pf-s313-graded:3888 partition=1 offset=980 suppressed=true
time=2026-09-03T23:44:18.721Z level=INFO msg=redelivery key=pf-s313-graded:3891 partition=1 offset=981 suppressed=true
time=2026-09-03T23:44:18.740Z level=INFO msg=redelivery key=pf-s313-graded:3892 partition=1 offset=982 suppressed=true
time=2026-09-03T23:44:18.761Z level=INFO msg=redelivery key=pf-s313-graded:3894 partition=1 offset=983 suppressed=true
time=2026-09-03T23:44:18.781Z level=INFO msg=redelivery key=pf-s313-graded:3901 partition=1 offset=984 suppressed=true
time=2026-09-03T23:44:18.801Z level=INFO msg=redelivery key=pf-s313-graded:3902 partition=1 offset=985 suppressed=true
time=2026-09-03T23:44:18.822Z level=INFO msg=redelivery key=pf-s313-graded:3907 partition=1 offset=986 suppressed=true
time=2026-09-03T23:44:18.842Z level=INFO msg=redelivery key=pf-s313-graded:3915 partition=1 offset=987 suppressed=true
time=2026-09-03T23:44:18.861Z level=INFO msg=redelivery key=pf-s313-graded:3926 partition=1 offset=988 suppressed=true
time=2026-09-03T23:44:18.881Z level=INFO msg=redelivery key=pf-s313-graded:3927 partition=1 offset=989 suppressed=true
time=2026-09-03T23:44:18.902Z level=INFO msg=redelivery key=pf-s313-graded:3933 partition=1 offset=990 suppressed=true
time=2026-09-03T23:44:18.920Z level=INFO msg=redelivery key=pf-s313-graded:3934 partition=1 offset=991 suppressed=true
time=2026-09-03T23:44:18.941Z level=INFO msg=redelivery key=pf-s313-graded:3936 partition=1 offset=992 suppressed=true
time=2026-09-03T23:44:18.962Z level=INFO msg=redelivery key=pf-s313-graded:3937 partition=1 offset=993 suppressed=true
time=2026-09-03T23:44:18.983Z level=INFO msg=redelivery key=pf-s313-graded:3939 partition=1 offset=994 suppressed=true
time=2026-09-03T23:44:19.001Z level=INFO msg=redelivery key=pf-s313-graded:3940 partition=1 offset=995 suppressed=true
time=2026-09-03T23:44:19.021Z level=INFO msg=redelivery key=pf-s313-graded:3950 partition=1 offset=996 suppressed=true
time=2026-09-03T23:44:19.041Z level=INFO msg=redelivery key=pf-s313-graded:3951 partition=1 offset=997 suppressed=true
time=2026-09-03T23:44:19.061Z level=INFO msg=redelivery key=pf-s313-graded:3953 partition=1 offset=998 suppressed=true
time=2026-09-03T23:44:19.081Z level=INFO msg=redelivery key=pf-s313-graded:3955 partition=1 offset=999 suppressed=true
time=2026-09-03T23:44:19.101Z level=INFO msg=redelivery key=pf-s313-graded:3958 partition=1 offset=1000 suppressed=true
time=2026-09-03T23:44:19.121Z level=INFO msg=redelivery key=pf-s313-graded:3963 partition=1 offset=1001 suppressed=true
time=2026-09-03T23:44:19.140Z level=INFO msg=redelivery key=pf-s313-graded:3974 partition=1 offset=1002 suppressed=true
time=2026-09-03T23:44:19.161Z level=INFO msg=redelivery key=pf-s313-graded:3975 partition=1 offset=1003 suppressed=true
time=2026-09-03T23:44:19.180Z level=INFO msg=redelivery key=pf-s313-graded:3976 partition=1 offset=1004 suppressed=true
time=2026-09-03T23:44:19.201Z level=INFO msg=redelivery key=pf-s313-graded:3981 partition=1 offset=1005 suppressed=true
time=2026-09-03T23:44:19.221Z level=INFO msg=redelivery key=pf-s313-graded:3983 partition=1 offset=1006 suppressed=true
time=2026-09-03T23:44:19.241Z level=INFO msg=redelivery key=pf-s313-graded:3985 partition=1 offset=1007 suppressed=true
time=2026-09-03T23:44:19.261Z level=INFO msg=redelivery key=pf-s313-graded:3990 partition=1 offset=1008 suppressed=true
time=2026-09-03T23:44:19.281Z level=INFO msg=redelivery key=pf-s313-graded:3993 partition=1 offset=1009 suppressed=true
time=2026-09-03T23:44:19.301Z level=INFO msg=redelivery key=pf-s313-graded:4004 partition=1 offset=1010 suppressed=true
time=2026-09-03T23:44:19.321Z level=INFO msg=redelivery key=pf-s313-graded:4005 partition=1 offset=1011 suppressed=true
time=2026-09-03T23:44:19.341Z level=INFO msg=redelivery key=pf-s313-graded:4006 partition=1 offset=1012 suppressed=true
time=2026-09-03T23:44:19.361Z level=INFO msg=redelivery key=pf-s313-graded:4015 partition=1 offset=1013 suppressed=true
time=2026-09-03T23:44:19.381Z level=INFO msg=redelivery key=pf-s313-graded:4018 partition=1 offset=1014 suppressed=true
time=2026-09-03T23:44:19.401Z level=INFO msg=redelivery key=pf-s313-graded:4028 partition=1 offset=1015 suppressed=true
time=2026-09-03T23:44:19.421Z level=INFO msg=redelivery key=pf-s313-graded:4036 partition=1 offset=1016 suppressed=true
time=2026-09-03T23:44:19.442Z level=INFO msg=redelivery key=pf-s313-graded:4037 partition=1 offset=1017 suppressed=true
time=2026-09-03T23:44:19.461Z level=INFO msg=redelivery key=pf-s313-graded:4040 partition=1 offset=1018 suppressed=true
time=2026-09-03T23:44:19.481Z level=INFO msg=redelivery key=pf-s313-graded:4041 partition=1 offset=1019 suppressed=true
time=2026-09-03T23:44:19.501Z level=INFO msg=redelivery key=pf-s313-graded:4057 partition=1 offset=1020 suppressed=true
time=2026-09-03T23:44:19.521Z level=INFO msg=redelivery key=pf-s313-graded:4058 partition=1 offset=1021 suppressed=true
time=2026-09-03T23:44:19.540Z level=INFO msg=redelivery key=pf-s313-graded:4060 partition=1 offset=1022 suppressed=true
time=2026-09-03T23:44:19.561Z level=INFO msg=redelivery key=pf-s313-graded:4061 partition=1 offset=1023 suppressed=true
time=2026-09-03T23:44:19.581Z level=INFO msg=redelivery key=pf-s313-graded:4062 partition=1 offset=1024 suppressed=true
time=2026-09-03T23:44:19.601Z level=INFO msg=redelivery key=pf-s313-graded:4063 partition=1 offset=1025 suppressed=true
time=2026-09-03T23:44:19.621Z level=INFO msg=redelivery key=pf-s313-graded:4065 partition=1 offset=1026 suppressed=true
time=2026-09-03T23:44:19.641Z level=INFO msg=redelivery key=pf-s313-graded:4066 partition=1 offset=1027 suppressed=true
time=2026-09-03T23:44:19.661Z level=INFO msg=redelivery key=pf-s313-graded:4072 partition=1 offset=1028 suppressed=true
time=2026-09-03T23:44:19.683Z level=INFO msg=redelivery key=pf-s313-graded:4077 partition=1 offset=1029 suppressed=true
time=2026-09-03T23:44:19.701Z level=INFO msg=redelivery key=pf-s313-graded:4081 partition=1 offset=1030 suppressed=true
time=2026-09-03T23:44:19.721Z level=INFO msg=redelivery key=pf-s313-graded:4088 partition=1 offset=1031 suppressed=true
time=2026-09-03T23:44:19.741Z level=INFO msg=redelivery key=pf-s313-graded:4089 partition=1 offset=1032 suppressed=true
time=2026-09-03T23:44:19.763Z level=INFO msg=redelivery key=pf-s313-graded:4090 partition=1 offset=1033 suppressed=true
time=2026-09-03T23:44:19.782Z level=INFO msg=redelivery key=pf-s313-graded:4093 partition=1 offset=1034 suppressed=true
time=2026-09-03T23:44:19.801Z level=INFO msg=redelivery key=pf-s313-graded:4095 partition=1 offset=1035 suppressed=true
time=2026-09-03T23:44:19.820Z level=INFO msg=redelivery key=pf-s313-graded:4096 partition=1 offset=1036 suppressed=true
time=2026-09-03T23:44:19.841Z level=INFO msg=redelivery key=pf-s313-graded:4098 partition=1 offset=1037 suppressed=true
time=2026-09-03T23:44:19.862Z level=INFO msg=redelivery key=pf-s313-graded:4101 partition=1 offset=1038 suppressed=true
time=2026-09-03T23:44:19.881Z level=INFO msg=redelivery key=pf-s313-graded:4105 partition=1 offset=1039 suppressed=true
time=2026-09-03T23:44:19.901Z level=INFO msg=redelivery key=pf-s313-graded:4110 partition=1 offset=1040 suppressed=true
time=2026-09-03T23:44:19.923Z level=INFO msg=redelivery key=pf-s313-graded:4112 partition=1 offset=1041 suppressed=true
time=2026-09-03T23:44:19.941Z level=INFO msg=redelivery key=pf-s313-graded:4126 partition=1 offset=1042 suppressed=true
time=2026-09-03T23:44:19.961Z level=INFO msg=redelivery key=pf-s313-graded:4129 partition=1 offset=1043 suppressed=true
time=2026-09-03T23:44:19.980Z level=INFO msg=redelivery key=pf-s313-graded:4131 partition=1 offset=1044 suppressed=true
time=2026-09-03T23:44:20.001Z level=INFO msg=redelivery key=pf-s313-graded:4134 partition=1 offset=1045 suppressed=true
time=2026-09-03T23:44:22.701Z level=INFO msg=redelivery key=pf-s313-graded:3241 partition=2 offset=1588 suppressed=true
time=2026-09-03T23:44:22.721Z level=INFO msg=redelivery key=pf-s313-graded:3242 partition=2 offset=1589 suppressed=true
time=2026-09-03T23:44:22.741Z level=INFO msg=redelivery key=pf-s313-graded:3245 partition=2 offset=1590 suppressed=true
time=2026-09-03T23:44:22.761Z level=INFO msg=redelivery key=pf-s313-graded:3247 partition=2 offset=1591 suppressed=true
time=2026-09-03T23:44:22.780Z level=INFO msg=redelivery key=pf-s313-graded:3249 partition=2 offset=1592 suppressed=true
time=2026-09-03T23:44:22.801Z level=INFO msg=redelivery key=pf-s313-graded:3255 partition=2 offset=1593 suppressed=true
time=2026-09-03T23:44:22.821Z level=INFO msg=redelivery key=pf-s313-graded:3256 partition=2 offset=1594 suppressed=true
time=2026-09-03T23:44:22.841Z level=INFO msg=redelivery key=pf-s313-graded:3257 partition=2 offset=1595 suppressed=true
time=2026-09-03T23:44:22.862Z level=INFO msg=redelivery key=pf-s313-graded:3259 partition=2 offset=1596 suppressed=true
time=2026-09-03T23:44:22.881Z level=INFO msg=redelivery key=pf-s313-graded:3260 partition=2 offset=1597 suppressed=true
time=2026-09-03T23:44:22.901Z level=INFO msg=redelivery key=pf-s313-graded:3261 partition=2 offset=1598 suppressed=true
time=2026-09-03T23:44:22.921Z level=INFO msg=redelivery key=pf-s313-graded:3262 partition=2 offset=1599 suppressed=true
time=2026-09-03T23:44:22.941Z level=INFO msg=redelivery key=pf-s313-graded:3263 partition=2 offset=1600 suppressed=true
time=2026-09-03T23:44:22.961Z level=INFO msg=redelivery key=pf-s313-graded:3264 partition=2 offset=1601 suppressed=true
time=2026-09-03T23:44:22.981Z level=INFO msg=redelivery key=pf-s313-graded:3265 partition=2 offset=1602 suppressed=true
time=2026-09-03T23:44:23.000Z level=INFO msg=redelivery key=pf-s313-graded:3268 partition=2 offset=1603 suppressed=true
time=2026-09-03T23:44:23.021Z level=INFO msg=redelivery key=pf-s313-graded:3270 partition=2 offset=1604 suppressed=true
time=2026-09-03T23:44:23.041Z level=INFO msg=redelivery key=pf-s313-graded:3272 partition=2 offset=1605 suppressed=true
time=2026-09-03T23:44:23.061Z level=INFO msg=redelivery key=pf-s313-graded:3274 partition=2 offset=1606 suppressed=true
time=2026-09-03T23:44:23.083Z level=INFO msg=redelivery key=pf-s313-graded:3275 partition=2 offset=1607 suppressed=true
time=2026-09-03T23:44:23.102Z level=INFO msg=redelivery key=pf-s313-graded:3277 partition=2 offset=1608 suppressed=true
time=2026-09-03T23:44:23.121Z level=INFO msg=redelivery key=pf-s313-graded:3281 partition=2 offset=1609 suppressed=true
time=2026-09-03T23:44:23.141Z level=INFO msg=redelivery key=pf-s313-graded:3282 partition=2 offset=1610 suppressed=true
time=2026-09-03T23:44:23.160Z level=INFO msg=redelivery key=pf-s313-graded:3284 partition=2 offset=1611 suppressed=true
time=2026-09-03T23:44:23.181Z level=INFO msg=redelivery key=pf-s313-graded:3285 partition=2 offset=1612 suppressed=true
time=2026-09-03T23:44:23.201Z level=INFO msg=redelivery key=pf-s313-graded:3291 partition=2 offset=1613 suppressed=true
time=2026-09-03T23:44:23.221Z level=INFO msg=redelivery key=pf-s313-graded:3295 partition=2 offset=1614 suppressed=true
time=2026-09-03T23:44:23.241Z level=INFO msg=redelivery key=pf-s313-graded:3296 partition=2 offset=1615 suppressed=true
time=2026-09-03T23:44:23.260Z level=INFO msg=redelivery key=pf-s313-graded:3297 partition=2 offset=1616 suppressed=true
time=2026-09-03T23:44:23.282Z level=INFO msg=redelivery key=pf-s313-graded:3301 partition=2 offset=1617 suppressed=true
time=2026-09-03T23:44:23.302Z level=INFO msg=redelivery key=pf-s313-graded:3303 partition=2 offset=1618 suppressed=true
time=2026-09-03T23:44:23.321Z level=INFO msg=redelivery key=pf-s313-graded:3305 partition=2 offset=1619 suppressed=true
time=2026-09-03T23:44:23.341Z level=INFO msg=redelivery key=pf-s313-graded:3306 partition=2 offset=1620 suppressed=true
time=2026-09-03T23:44:23.361Z level=INFO msg=redelivery key=pf-s313-graded:3310 partition=2 offset=1621 suppressed=true
time=2026-09-03T23:44:23.381Z level=INFO msg=redelivery key=pf-s313-graded:3311 partition=2 offset=1622 suppressed=true
time=2026-09-03T23:44:23.401Z level=INFO msg=redelivery key=pf-s313-graded:3313 partition=2 offset=1623 suppressed=true
time=2026-09-03T23:44:23.421Z level=INFO msg=redelivery key=pf-s313-graded:3314 partition=2 offset=1624 suppressed=true
time=2026-09-03T23:44:23.442Z level=INFO msg=redelivery key=pf-s313-graded:3319 partition=2 offset=1625 suppressed=true
time=2026-09-03T23:44:23.461Z level=INFO msg=redelivery key=pf-s313-graded:3320 partition=2 offset=1626 suppressed=true
time=2026-09-03T23:44:23.481Z level=INFO msg=redelivery key=pf-s313-graded:3324 partition=2 offset=1627 suppressed=true
time=2026-09-03T23:44:23.501Z level=INFO msg=redelivery key=pf-s313-graded:3325 partition=2 offset=1628 suppressed=true
time=2026-09-03T23:44:23.520Z level=INFO msg=redelivery key=pf-s313-graded:3326 partition=2 offset=1629 suppressed=true
time=2026-09-03T23:44:23.541Z level=INFO msg=redelivery key=pf-s313-graded:3327 partition=2 offset=1630 suppressed=true
time=2026-09-03T23:44:23.560Z level=INFO msg=redelivery key=pf-s313-graded:3328 partition=2 offset=1631 suppressed=true
time=2026-09-03T23:44:23.581Z level=INFO msg=redelivery key=pf-s313-graded:3330 partition=2 offset=1632 suppressed=true
time=2026-09-03T23:44:23.601Z level=INFO msg=redelivery key=pf-s313-graded:3331 partition=2 offset=1633 suppressed=true
time=2026-09-03T23:44:23.621Z level=INFO msg=redelivery key=pf-s313-graded:3332 partition=2 offset=1634 suppressed=true
time=2026-09-03T23:44:23.641Z level=INFO msg=redelivery key=pf-s313-graded:3333 partition=2 offset=1635 suppressed=true
time=2026-09-03T23:44:23.661Z level=INFO msg=redelivery key=pf-s313-graded:3334 partition=2 offset=1636 suppressed=true
time=2026-09-03T23:44:23.681Z level=INFO msg=redelivery key=pf-s313-graded:3336 partition=2 offset=1637 suppressed=true
time=2026-09-03T23:44:23.701Z level=INFO msg=redelivery key=pf-s313-graded:3338 partition=2 offset=1638 suppressed=true
time=2026-09-03T23:44:23.721Z level=INFO msg=redelivery key=pf-s313-graded:3339 partition=2 offset=1639 suppressed=true
time=2026-09-03T23:44:23.741Z level=INFO msg=redelivery key=pf-s313-graded:3341 partition=2 offset=1640 suppressed=true
time=2026-09-03T23:44:23.761Z level=INFO msg=redelivery key=pf-s313-graded:3342 partition=2 offset=1641 suppressed=true
time=2026-09-03T23:44:23.781Z level=INFO msg=redelivery key=pf-s313-graded:3347 partition=2 offset=1642 suppressed=true
time=2026-09-03T23:44:23.802Z level=INFO msg=redelivery key=pf-s313-graded:3348 partition=2 offset=1643 suppressed=true
time=2026-09-03T23:44:23.821Z level=INFO msg=redelivery key=pf-s313-graded:3350 partition=2 offset=1644 suppressed=true
time=2026-09-03T23:44:23.840Z level=INFO msg=redelivery key=pf-s313-graded:3351 partition=2 offset=1645 suppressed=true
time=2026-09-03T23:44:23.861Z level=INFO msg=redelivery key=pf-s313-graded:3356 partition=2 offset=1646 suppressed=true
time=2026-09-03T23:44:23.880Z level=INFO msg=redelivery key=pf-s313-graded:3363 partition=2 offset=1647 suppressed=true
time=2026-09-03T23:44:23.901Z level=INFO msg=redelivery key=pf-s313-graded:3364 partition=2 offset=1648 suppressed=true
time=2026-09-03T23:44:23.921Z level=INFO msg=redelivery key=pf-s313-graded:3365 partition=2 offset=1649 suppressed=true
time=2026-09-03T23:44:23.941Z level=INFO msg=redelivery key=pf-s313-graded:3366 partition=2 offset=1650 suppressed=true
time=2026-09-03T23:44:23.961Z level=INFO msg=redelivery key=pf-s313-graded:3370 partition=2 offset=1651 suppressed=true
time=2026-09-03T23:44:23.981Z level=INFO msg=redelivery key=pf-s313-graded:3372 partition=2 offset=1652 suppressed=true
time=2026-09-03T23:44:24.001Z level=INFO msg=redelivery key=pf-s313-graded:3378 partition=2 offset=1653 suppressed=true
time=2026-09-03T23:44:24.021Z level=INFO msg=redelivery key=pf-s313-graded:3379 partition=2 offset=1654 suppressed=true
time=2026-09-03T23:44:24.041Z level=INFO msg=redelivery key=pf-s313-graded:3382 partition=2 offset=1655 suppressed=true
time=2026-09-03T23:44:24.061Z level=INFO msg=redelivery key=pf-s313-graded:3389 partition=2 offset=1656 suppressed=true
time=2026-09-03T23:44:24.081Z level=INFO msg=redelivery key=pf-s313-graded:3393 partition=2 offset=1657 suppressed=true
time=2026-09-03T23:44:24.101Z level=INFO msg=redelivery key=pf-s313-graded:3398 partition=2 offset=1658 suppressed=true
time=2026-09-03T23:44:24.121Z level=INFO msg=redelivery key=pf-s313-graded:3400 partition=2 offset=1659 suppressed=true
time=2026-09-03T23:44:24.141Z level=INFO msg=redelivery key=pf-s313-graded:3401 partition=2 offset=1660 suppressed=true
time=2026-09-03T23:44:24.161Z level=INFO msg=redelivery key=pf-s313-graded:3403 partition=2 offset=1661 suppressed=true
time=2026-09-03T23:44:24.181Z level=INFO msg=redelivery key=pf-s313-graded:3406 partition=2 offset=1662 suppressed=true
time=2026-09-03T23:44:24.201Z level=INFO msg=redelivery key=pf-s313-graded:3408 partition=2 offset=1663 suppressed=true
time=2026-09-03T23:44:24.221Z level=INFO msg=redelivery key=pf-s313-graded:3410 partition=2 offset=1664 suppressed=true
time=2026-09-03T23:44:24.241Z level=INFO msg=redelivery key=pf-s313-graded:3411 partition=2 offset=1665 suppressed=true
time=2026-09-03T23:44:24.260Z level=INFO msg=redelivery key=pf-s313-graded:3413 partition=2 offset=1666 suppressed=true
time=2026-09-03T23:44:24.281Z level=INFO msg=redelivery key=pf-s313-graded:3416 partition=2 offset=1667 suppressed=true
time=2026-09-03T23:44:24.301Z level=INFO msg=redelivery key=pf-s313-graded:3420 partition=2 offset=1668 suppressed=true
time=2026-09-03T23:44:24.321Z level=INFO msg=redelivery key=pf-s313-graded:3421 partition=2 offset=1669 suppressed=true
time=2026-09-03T23:44:24.341Z level=INFO msg=redelivery key=pf-s313-graded:3423 partition=2 offset=1670 suppressed=true
time=2026-09-03T23:44:24.361Z level=INFO msg=redelivery key=pf-s313-graded:3424 partition=2 offset=1671 suppressed=true
time=2026-09-03T23:44:24.381Z level=INFO msg=redelivery key=pf-s313-graded:3425 partition=2 offset=1672 suppressed=true
time=2026-09-03T23:44:24.400Z level=INFO msg=redelivery key=pf-s313-graded:3427 partition=2 offset=1673 suppressed=true
time=2026-09-03T23:44:24.421Z level=INFO msg=redelivery key=pf-s313-graded:3428 partition=2 offset=1674 suppressed=true
time=2026-09-03T23:44:24.441Z level=INFO msg=redelivery key=pf-s313-graded:3429 partition=2 offset=1675 suppressed=true
time=2026-09-03T23:44:24.461Z level=INFO msg=redelivery key=pf-s313-graded:3432 partition=2 offset=1676 suppressed=true
time=2026-09-03T23:44:24.481Z level=INFO msg=redelivery key=pf-s313-graded:3433 partition=2 offset=1677 suppressed=true
time=2026-09-03T23:44:24.500Z level=INFO msg=redelivery key=pf-s313-graded:3434 partition=2 offset=1678 suppressed=true
time=2026-09-03T23:44:24.521Z level=INFO msg=redelivery key=pf-s313-graded:3436 partition=2 offset=1679 suppressed=true
time=2026-09-03T23:44:24.541Z level=INFO msg=redelivery key=pf-s313-graded:3439 partition=2 offset=1680 suppressed=true
time=2026-09-03T23:44:24.561Z level=INFO msg=redelivery key=pf-s313-graded:3440 partition=2 offset=1681 suppressed=true
time=2026-09-03T23:44:24.581Z level=INFO msg=redelivery key=pf-s313-graded:3441 partition=2 offset=1682 suppressed=true
time=2026-09-03T23:44:24.601Z level=INFO msg=redelivery key=pf-s313-graded:3443 partition=2 offset=1683 suppressed=true
time=2026-09-03T23:44:24.621Z level=INFO msg=redelivery key=pf-s313-graded:3444 partition=2 offset=1684 suppressed=true
time=2026-09-03T23:44:24.641Z level=INFO msg=redelivery key=pf-s313-graded:3445 partition=2 offset=1685 suppressed=true
time=2026-09-03T23:44:24.661Z level=INFO msg=redelivery key=pf-s313-graded:3446 partition=2 offset=1686 suppressed=true
time=2026-09-03T23:44:24.680Z level=INFO msg=redelivery key=pf-s313-graded:3447 partition=2 offset=1687 suppressed=true
time=2026-09-03T23:44:24.701Z level=INFO msg=redelivery key=pf-s313-graded:3449 partition=2 offset=1688 suppressed=true
time=2026-09-03T23:44:24.721Z level=INFO msg=redelivery key=pf-s313-graded:3450 partition=2 offset=1689 suppressed=true
time=2026-09-03T23:44:24.741Z level=INFO msg=redelivery key=pf-s313-graded:3453 partition=2 offset=1690 suppressed=true
time=2026-09-03T23:44:24.761Z level=INFO msg=redelivery key=pf-s313-graded:3455 partition=2 offset=1691 suppressed=true
time=2026-09-03T23:44:24.781Z level=INFO msg=redelivery key=pf-s313-graded:3457 partition=2 offset=1692 suppressed=true
time=2026-09-03T23:44:24.801Z level=INFO msg=redelivery key=pf-s313-graded:3461 partition=2 offset=1693 suppressed=true
time=2026-09-03T23:44:24.821Z level=INFO msg=redelivery key=pf-s313-graded:3463 partition=2 offset=1694 suppressed=true
time=2026-09-03T23:44:24.841Z level=INFO msg=redelivery key=pf-s313-graded:3464 partition=2 offset=1695 suppressed=true
time=2026-09-03T23:44:24.861Z level=INFO msg=redelivery key=pf-s313-graded:3469 partition=2 offset=1696 suppressed=true
time=2026-09-03T23:44:24.880Z level=INFO msg=redelivery key=pf-s313-graded:3476 partition=2 offset=1697 suppressed=true
time=2026-09-03T23:44:24.901Z level=INFO msg=redelivery key=pf-s313-graded:3482 partition=2 offset=1698 suppressed=true
time=2026-09-03T23:44:24.921Z level=INFO msg=redelivery key=pf-s313-graded:3483 partition=2 offset=1699 suppressed=true
time=2026-09-03T23:44:24.941Z level=INFO msg=redelivery key=pf-s313-graded:3486 partition=2 offset=1700 suppressed=true
time=2026-09-03T23:44:24.961Z level=INFO msg=redelivery key=pf-s313-graded:3491 partition=2 offset=1701 suppressed=true
time=2026-09-03T23:44:24.981Z level=INFO msg=redelivery key=pf-s313-graded:3492 partition=2 offset=1702 suppressed=true
time=2026-09-03T23:44:25.001Z level=INFO msg=redelivery key=pf-s313-graded:3495 partition=2 offset=1703 suppressed=true
time=2026-09-03T23:44:25.020Z level=INFO msg=redelivery key=pf-s313-graded:3500 partition=2 offset=1704 suppressed=true
time=2026-09-03T23:44:25.041Z level=INFO msg=redelivery key=pf-s313-graded:3505 partition=2 offset=1705 suppressed=true
time=2026-09-03T23:44:25.061Z level=INFO msg=redelivery key=pf-s313-graded:3509 partition=2 offset=1706 suppressed=true
time=2026-09-03T23:44:25.081Z level=INFO msg=redelivery key=pf-s313-graded:3510 partition=2 offset=1707 suppressed=true
time=2026-09-03T23:44:25.101Z level=INFO msg=redelivery key=pf-s313-graded:3513 partition=2 offset=1708 suppressed=true
time=2026-09-03T23:44:25.120Z level=INFO msg=redelivery key=pf-s313-graded:3515 partition=2 offset=1709 suppressed=true
time=2026-09-03T23:44:25.140Z level=INFO msg=redelivery key=pf-s313-graded:3516 partition=2 offset=1710 suppressed=true
time=2026-09-03T23:44:25.161Z level=INFO msg=redelivery key=pf-s313-graded:3517 partition=2 offset=1711 suppressed=true
time=2026-09-03T23:44:25.181Z level=INFO msg=redelivery key=pf-s313-graded:3518 partition=2 offset=1712 suppressed=true
time=2026-09-03T23:44:25.201Z level=INFO msg=redelivery key=pf-s313-graded:3522 partition=2 offset=1713 suppressed=true
time=2026-09-03T23:44:25.221Z level=INFO msg=redelivery key=pf-s313-graded:3523 partition=2 offset=1714 suppressed=true
time=2026-09-03T23:44:25.241Z level=INFO msg=redelivery key=pf-s313-graded:3525 partition=2 offset=1715 suppressed=true
time=2026-09-03T23:44:25.261Z level=INFO msg=redelivery key=pf-s313-graded:3526 partition=2 offset=1716 suppressed=true
time=2026-09-03T23:44:25.281Z level=INFO msg=redelivery key=pf-s313-graded:3528 partition=2 offset=1717 suppressed=true
time=2026-09-03T23:44:25.301Z level=INFO msg=redelivery key=pf-s313-graded:3530 partition=2 offset=1718 suppressed=true
time=2026-09-03T23:44:25.320Z level=INFO msg=redelivery key=pf-s313-graded:3536 partition=2 offset=1719 suppressed=true
time=2026-09-03T23:44:25.341Z level=INFO msg=redelivery key=pf-s313-graded:3547 partition=2 offset=1720 suppressed=true
time=2026-09-03T23:44:25.361Z level=INFO msg=redelivery key=pf-s313-graded:3549 partition=2 offset=1721 suppressed=true
time=2026-09-03T23:44:25.381Z level=INFO msg=redelivery key=pf-s313-graded:3551 partition=2 offset=1722 suppressed=true
time=2026-09-03T23:44:25.401Z level=INFO msg=redelivery key=pf-s313-graded:3552 partition=2 offset=1723 suppressed=true
time=2026-09-03T23:44:25.420Z level=INFO msg=redelivery key=pf-s313-graded:3555 partition=2 offset=1724 suppressed=true
time=2026-09-03T23:44:25.441Z level=INFO msg=redelivery key=pf-s313-graded:3556 partition=2 offset=1725 suppressed=true
time=2026-09-03T23:44:25.441Z level=INFO msg="fault fired" key=pf-s313-graded:4185 partition=1 offset=1062 epoch=0
time=2026-09-03T23:44:25.441Z level=INFO msg="rewinding instead of committing" key=pf-s313-graded:4185 partition=1 offset=1062 epoch=0
time=2026-09-03T23:44:25.461Z level=INFO msg=redelivery key=pf-s313-graded:3557 partition=2 offset=1726 suppressed=true
time=2026-09-03T23:44:25.480Z level=INFO msg=redelivery key=pf-s313-graded:3558 partition=2 offset=1727 suppressed=true
time=2026-09-03T23:44:25.501Z level=INFO msg=redelivery key=pf-s313-graded:3559 partition=2 offset=1728 suppressed=true
time=2026-09-03T23:44:25.521Z level=INFO msg=redelivery key=pf-s313-graded:3562 partition=2 offset=1729 suppressed=true
time=2026-09-03T23:44:25.541Z level=INFO msg=redelivery key=pf-s313-graded:3569 partition=2 offset=1730 suppressed=true
time=2026-09-03T23:44:25.561Z level=INFO msg=redelivery key=pf-s313-graded:3571 partition=2 offset=1731 suppressed=true
time=2026-09-03T23:44:25.581Z level=INFO msg=redelivery key=pf-s313-graded:3572 partition=2 offset=1732 suppressed=true
time=2026-09-03T23:44:25.601Z level=INFO msg=redelivery key=pf-s313-graded:3573 partition=2 offset=1733 suppressed=true
time=2026-09-03T23:44:25.620Z level=INFO msg=redelivery key=pf-s313-graded:3574 partition=2 offset=1734 suppressed=true
time=2026-09-03T23:44:25.641Z level=INFO msg=redelivery key=pf-s313-graded:3579 partition=2 offset=1735 suppressed=true
time=2026-09-03T23:44:25.661Z level=INFO msg=redelivery key=pf-s313-graded:3580 partition=2 offset=1736 suppressed=true
time=2026-09-03T23:44:25.681Z level=INFO msg=redelivery key=pf-s313-graded:3582 partition=2 offset=1737 suppressed=true
time=2026-09-03T23:44:25.701Z level=INFO msg=redelivery key=pf-s313-graded:3583 partition=2 offset=1738 suppressed=true
time=2026-09-03T23:44:25.721Z level=INFO msg=redelivery key=pf-s313-graded:3584 partition=2 offset=1739 suppressed=true
time=2026-09-03T23:44:25.741Z level=INFO msg=redelivery key=pf-s313-graded:3585 partition=2 offset=1740 suppressed=true
time=2026-09-03T23:44:25.761Z level=INFO msg=redelivery key=pf-s313-graded:3586 partition=2 offset=1741 suppressed=true
time=2026-09-03T23:44:25.781Z level=INFO msg=redelivery key=pf-s313-graded:3588 partition=2 offset=1742 suppressed=true
time=2026-09-03T23:44:25.800Z level=INFO msg=redelivery key=pf-s313-graded:3589 partition=2 offset=1743 suppressed=true
time=2026-09-03T23:44:25.821Z level=INFO msg=redelivery key=pf-s313-graded:3592 partition=2 offset=1744 suppressed=true
time=2026-09-03T23:44:25.840Z level=INFO msg=redelivery key=pf-s313-graded:3594 partition=2 offset=1745 suppressed=true
time=2026-09-03T23:44:25.861Z level=INFO msg=redelivery key=pf-s313-graded:3595 partition=2 offset=1746 suppressed=true
time=2026-09-03T23:44:25.881Z level=INFO msg=redelivery key=pf-s313-graded:3599 partition=2 offset=1747 suppressed=true
time=2026-09-03T23:44:25.900Z level=INFO msg=redelivery key=pf-s313-graded:3601 partition=2 offset=1748 suppressed=true
time=2026-09-03T23:44:25.921Z level=INFO msg=redelivery key=pf-s313-graded:3606 partition=2 offset=1749 suppressed=true
time=2026-09-03T23:44:25.940Z level=INFO msg=redelivery key=pf-s313-graded:3608 partition=2 offset=1750 suppressed=true
time=2026-09-03T23:44:25.961Z level=INFO msg=redelivery key=pf-s313-graded:3609 partition=2 offset=1751 suppressed=true
time=2026-09-03T23:44:25.981Z level=INFO msg=redelivery key=pf-s313-graded:3610 partition=2 offset=1752 suppressed=true
time=2026-09-03T23:44:26.000Z level=INFO msg=redelivery key=pf-s313-graded:3611 partition=2 offset=1753 suppressed=true
time=2026-09-03T23:44:26.022Z level=INFO msg=redelivery key=pf-s313-graded:3612 partition=2 offset=1754 suppressed=true
time=2026-09-03T23:44:26.040Z level=INFO msg=redelivery key=pf-s313-graded:3613 partition=2 offset=1755 suppressed=true
time=2026-09-03T23:44:26.061Z level=INFO msg=redelivery key=pf-s313-graded:3614 partition=2 offset=1756 suppressed=true
time=2026-09-03T23:44:26.081Z level=INFO msg=redelivery key=pf-s313-graded:3615 partition=2 offset=1757 suppressed=true
time=2026-09-03T23:44:26.101Z level=INFO msg=redelivery key=pf-s313-graded:3618 partition=2 offset=1758 suppressed=true
time=2026-09-03T23:44:26.121Z level=INFO msg=redelivery key=pf-s313-graded:3620 partition=2 offset=1759 suppressed=true
time=2026-09-03T23:44:26.140Z level=INFO msg=redelivery key=pf-s313-graded:3621 partition=2 offset=1760 suppressed=true
time=2026-09-03T23:44:26.161Z level=INFO msg=redelivery key=pf-s313-graded:3622 partition=2 offset=1761 suppressed=true
time=2026-09-03T23:44:26.181Z level=INFO msg=redelivery key=pf-s313-graded:3623 partition=2 offset=1762 suppressed=true
time=2026-09-03T23:44:26.201Z level=INFO msg=redelivery key=pf-s313-graded:3626 partition=2 offset=1763 suppressed=true
time=2026-09-03T23:44:26.221Z level=INFO msg=redelivery key=pf-s313-graded:3627 partition=2 offset=1764 suppressed=true
time=2026-09-03T23:44:26.241Z level=INFO msg=redelivery key=pf-s313-graded:3629 partition=2 offset=1765 suppressed=true
time=2026-09-03T23:44:26.261Z level=INFO msg=redelivery key=pf-s313-graded:3630 partition=2 offset=1766 suppressed=true
time=2026-09-03T23:44:26.281Z level=INFO msg=redelivery key=pf-s313-graded:3631 partition=2 offset=1767 suppressed=true
time=2026-09-03T23:44:26.301Z level=INFO msg=redelivery key=pf-s313-graded:3632 partition=2 offset=1768 suppressed=true
time=2026-09-03T23:44:26.320Z level=INFO msg=redelivery key=pf-s313-graded:3633 partition=2 offset=1769 suppressed=true
time=2026-09-03T23:44:26.341Z level=INFO msg=redelivery key=pf-s313-graded:3634 partition=2 offset=1770 suppressed=true
time=2026-09-03T23:44:35.441Z level=INFO msg="fault fired" key=pf-s313-graded:3651 partition=2 offset=1778 epoch=0
time=2026-09-03T23:44:35.441Z level=INFO msg="fault fired" key=pf-s313-graded:3724 partition=2 offset=1818 epoch=0
time=2026-09-03T23:44:35.441Z level=INFO msg="fault fired" key=pf-s313-graded:3809 partition=2 offset=1858 epoch=0
time=2026-09-03T23:44:35.441Z level=INFO msg="fault fired" key=pf-s313-graded:3814 partition=2 offset=1862 epoch=0
time=2026-09-03T23:44:35.441Z level=INFO msg="fault fired" key=pf-s313-graded:3876 partition=2 offset=1899 epoch=0
time=2026-09-03T23:44:35.441Z level=INFO msg="fault fired" key=pf-s313-graded:4206 partition=2 offset=2062 epoch=0
time=2026-09-03T23:44:35.441Z level=INFO msg="fault fired" key=pf-s313-graded:4238 partition=2 offset=2073 epoch=0
time=2026-09-03T23:44:35.441Z level=INFO msg="fault fired" key=pf-s313-graded:4389 partition=2 offset=2149 epoch=0
time=2026-09-03T23:44:35.442Z level=INFO msg="rewinding instead of committing" key=pf-s313-graded:3651 partition=2 offset=1778 epoch=0
time=2026-09-03T23:44:35.465Z level=INFO msg=redelivery key=pf-s313-graded:3374 partition=0 offset=874 suppressed=true
time=2026-09-03T23:44:35.485Z level=INFO msg=redelivery key=pf-s313-graded:3376 partition=0 offset=875 suppressed=true
time=2026-09-03T23:44:35.506Z level=INFO msg=redelivery key=pf-s313-graded:3377 partition=0 offset=876 suppressed=true
time=2026-09-03T23:44:35.525Z level=INFO msg=redelivery key=pf-s313-graded:3383 partition=0 offset=877 suppressed=true
time=2026-09-03T23:44:35.545Z level=INFO msg=redelivery key=pf-s313-graded:3385 partition=0 offset=878 suppressed=true
time=2026-09-03T23:44:35.566Z level=INFO msg=redelivery key=pf-s313-graded:3386 partition=0 offset=879 suppressed=true
time=2026-09-03T23:44:35.585Z level=INFO msg=redelivery key=pf-s313-graded:3387 partition=0 offset=880 suppressed=true
time=2026-09-03T23:44:35.606Z level=INFO msg=redelivery key=pf-s313-graded:3388 partition=0 offset=881 suppressed=true
time=2026-09-03T23:44:35.625Z level=INFO msg=redelivery key=pf-s313-graded:3390 partition=0 offset=882 suppressed=true
time=2026-09-03T23:44:35.646Z level=INFO msg=redelivery key=pf-s313-graded:3391 partition=0 offset=883 suppressed=true
time=2026-09-03T23:44:35.665Z level=INFO msg=redelivery key=pf-s313-graded:3394 partition=0 offset=884 suppressed=true
time=2026-09-03T23:44:35.685Z level=INFO msg=redelivery key=pf-s313-graded:3395 partition=0 offset=885 suppressed=true
time=2026-09-03T23:44:35.705Z level=INFO msg=redelivery key=pf-s313-graded:3399 partition=0 offset=886 suppressed=true
time=2026-09-03T23:44:35.726Z level=INFO msg=redelivery key=pf-s313-graded:3404 partition=0 offset=887 suppressed=true
time=2026-09-03T23:44:35.745Z level=INFO msg=redelivery key=pf-s313-graded:3407 partition=0 offset=888 suppressed=true
time=2026-09-03T23:44:35.765Z level=INFO msg=redelivery key=pf-s313-graded:3409 partition=0 offset=889 suppressed=true
time=2026-09-03T23:44:35.785Z level=INFO msg=redelivery key=pf-s313-graded:3414 partition=0 offset=890 suppressed=true
time=2026-09-03T23:44:35.805Z level=INFO msg=redelivery key=pf-s313-graded:3415 partition=0 offset=891 suppressed=true
time=2026-09-03T23:44:35.825Z level=INFO msg=redelivery key=pf-s313-graded:3418 partition=0 offset=892 suppressed=true
time=2026-09-03T23:44:35.845Z level=INFO msg=redelivery key=pf-s313-graded:3426 partition=0 offset=893 suppressed=true
time=2026-09-03T23:44:35.866Z level=INFO msg=redelivery key=pf-s313-graded:3430 partition=0 offset=894 suppressed=true
time=2026-09-03T23:44:35.885Z level=INFO msg=redelivery key=pf-s313-graded:3431 partition=0 offset=895 suppressed=true
time=2026-09-03T23:44:35.906Z level=INFO msg=redelivery key=pf-s313-graded:3437 partition=0 offset=896 suppressed=true
time=2026-09-03T23:44:35.925Z level=INFO msg=redelivery key=pf-s313-graded:3438 partition=0 offset=897 suppressed=true
time=2026-09-03T23:44:35.946Z level=INFO msg=redelivery key=pf-s313-graded:3442 partition=0 offset=898 suppressed=true
time=2026-09-03T23:44:35.967Z level=INFO msg=redelivery key=pf-s313-graded:3451 partition=0 offset=899 suppressed=true
time=2026-09-03T23:44:35.986Z level=INFO msg=redelivery key=pf-s313-graded:3452 partition=0 offset=900 suppressed=true
time=2026-09-03T23:44:36.005Z level=INFO msg=redelivery key=pf-s313-graded:3458 partition=0 offset=901 suppressed=true
time=2026-09-03T23:44:36.026Z level=INFO msg=redelivery key=pf-s313-graded:3466 partition=0 offset=902 suppressed=true
time=2026-09-03T23:44:36.046Z level=INFO msg=redelivery key=pf-s313-graded:3471 partition=0 offset=903 suppressed=true
time=2026-09-03T23:44:36.065Z level=INFO msg=redelivery key=pf-s313-graded:3474 partition=0 offset=904 suppressed=true
time=2026-09-03T23:44:36.086Z level=INFO msg=redelivery key=pf-s313-graded:3475 partition=0 offset=905 suppressed=true
time=2026-09-03T23:44:36.105Z level=INFO msg=redelivery key=pf-s313-graded:3477 partition=0 offset=906 suppressed=true
time=2026-09-03T23:44:36.126Z level=INFO msg=redelivery key=pf-s313-graded:3478 partition=0 offset=907 suppressed=true
time=2026-09-03T23:44:36.146Z level=INFO msg=redelivery key=pf-s313-graded:3484 partition=0 offset=908 suppressed=true
time=2026-09-03T23:44:36.165Z level=INFO msg=redelivery key=pf-s313-graded:3490 partition=0 offset=909 suppressed=true
time=2026-09-03T23:44:36.185Z level=INFO msg=redelivery key=pf-s313-graded:3494 partition=0 offset=910 suppressed=true
time=2026-09-03T23:44:36.206Z level=INFO msg=redelivery key=pf-s313-graded:3496 partition=0 offset=911 suppressed=true
time=2026-09-03T23:44:36.225Z level=INFO msg=redelivery key=pf-s313-graded:3497 partition=0 offset=912 suppressed=true
time=2026-09-03T23:44:36.246Z level=INFO msg=redelivery key=pf-s313-graded:3498 partition=0 offset=913 suppressed=true
time=2026-09-03T23:44:36.265Z level=INFO msg=redelivery key=pf-s313-graded:3499 partition=0 offset=914 suppressed=true
time=2026-09-03T23:44:36.286Z level=INFO msg=redelivery key=pf-s313-graded:3502 partition=0 offset=915 suppressed=true
time=2026-09-03T23:44:36.305Z level=INFO msg=redelivery key=pf-s313-graded:3503 partition=0 offset=916 suppressed=true
time=2026-09-03T23:44:36.326Z level=INFO msg=redelivery key=pf-s313-graded:3506 partition=0 offset=917 suppressed=true
time=2026-09-03T23:44:36.345Z level=INFO msg=redelivery key=pf-s313-graded:3512 partition=0 offset=918 suppressed=true
time=2026-09-03T23:44:36.366Z level=INFO msg=redelivery key=pf-s313-graded:3519 partition=0 offset=919 suppressed=true
time=2026-09-03T23:44:36.385Z level=INFO msg=redelivery key=pf-s313-graded:3524 partition=0 offset=920 suppressed=true
time=2026-09-03T23:44:36.406Z level=INFO msg=redelivery key=pf-s313-graded:3527 partition=0 offset=921 suppressed=true
time=2026-09-03T23:44:36.425Z level=INFO msg=redelivery key=pf-s313-graded:3532 partition=0 offset=922 suppressed=true
time=2026-09-03T23:44:36.445Z level=INFO msg=redelivery key=pf-s313-graded:3537 partition=0 offset=923 suppressed=true
time=2026-09-03T23:44:36.466Z level=INFO msg=redelivery key=pf-s313-graded:3539 partition=0 offset=924 suppressed=true
time=2026-09-03T23:44:36.485Z level=INFO msg=redelivery key=pf-s313-graded:3541 partition=0 offset=925 suppressed=true
time=2026-09-03T23:44:36.506Z level=INFO msg=redelivery key=pf-s313-graded:3542 partition=0 offset=926 suppressed=true
time=2026-09-03T23:44:36.526Z level=INFO msg=redelivery key=pf-s313-graded:3543 partition=0 offset=927 suppressed=true
time=2026-09-03T23:44:36.545Z level=INFO msg=redelivery key=pf-s313-graded:3545 partition=0 offset=928 suppressed=true
time=2026-09-03T23:44:36.565Z level=INFO msg=redelivery key=pf-s313-graded:3546 partition=0 offset=929 suppressed=true
time=2026-09-03T23:44:36.586Z level=INFO msg=redelivery key=pf-s313-graded:3548 partition=0 offset=930 suppressed=true
time=2026-09-03T23:44:36.606Z level=INFO msg=redelivery key=pf-s313-graded:3554 partition=0 offset=931 suppressed=true
time=2026-09-03T23:44:36.627Z level=INFO msg=redelivery key=pf-s313-graded:3561 partition=0 offset=932 suppressed=true
time=2026-09-03T23:44:36.645Z level=INFO msg=redelivery key=pf-s313-graded:3563 partition=0 offset=933 suppressed=true
time=2026-09-03T23:44:36.665Z level=INFO msg=redelivery key=pf-s313-graded:3567 partition=0 offset=934 suppressed=true
time=2026-09-03T23:44:36.685Z level=INFO msg=redelivery key=pf-s313-graded:3568 partition=0 offset=935 suppressed=true
time=2026-09-03T23:44:36.705Z level=INFO msg=redelivery key=pf-s313-graded:3581 partition=0 offset=936 suppressed=true
time=2026-09-03T23:44:36.726Z level=INFO msg=redelivery key=pf-s313-graded:3596 partition=0 offset=937 suppressed=true
time=2026-09-03T23:44:36.745Z level=INFO msg=redelivery key=pf-s313-graded:3597 partition=0 offset=938 suppressed=true
time=2026-09-03T23:44:36.765Z level=INFO msg=redelivery key=pf-s313-graded:3600 partition=0 offset=939 suppressed=true
time=2026-09-03T23:44:36.786Z level=INFO msg=redelivery key=pf-s313-graded:3602 partition=0 offset=940 suppressed=true
time=2026-09-03T23:44:36.805Z level=INFO msg=redelivery key=pf-s313-graded:3607 partition=0 offset=941 suppressed=true
time=2026-09-03T23:44:36.825Z level=INFO msg=redelivery key=pf-s313-graded:3617 partition=0 offset=942 suppressed=true
time=2026-09-03T23:44:36.845Z level=INFO msg=redelivery key=pf-s313-graded:3619 partition=0 offset=943 suppressed=true
time=2026-09-03T23:44:36.865Z level=INFO msg=redelivery key=pf-s313-graded:3624 partition=0 offset=944 suppressed=true
time=2026-09-03T23:44:36.885Z level=INFO msg=redelivery key=pf-s313-graded:3625 partition=0 offset=945 suppressed=true
time=2026-09-03T23:44:36.905Z level=INFO msg=redelivery key=pf-s313-graded:3628 partition=0 offset=946 suppressed=true
time=2026-09-03T23:44:36.925Z level=INFO msg=redelivery key=pf-s313-graded:3635 partition=0 offset=947 suppressed=true
time=2026-09-03T23:44:36.945Z level=INFO msg=redelivery key=pf-s313-graded:3641 partition=0 offset=948 suppressed=true
time=2026-09-03T23:44:36.966Z level=INFO msg=redelivery key=pf-s313-graded:3644 partition=0 offset=949 suppressed=true
time=2026-09-03T23:44:36.985Z level=INFO msg=redelivery key=pf-s313-graded:3646 partition=0 offset=950 suppressed=true
time=2026-09-03T23:44:37.006Z level=INFO msg=redelivery key=pf-s313-graded:3647 partition=0 offset=951 suppressed=true
time=2026-09-03T23:44:37.025Z level=INFO msg=redelivery key=pf-s313-graded:3648 partition=0 offset=952 suppressed=true
time=2026-09-03T23:44:37.046Z level=INFO msg=redelivery key=pf-s313-graded:3650 partition=0 offset=953 suppressed=true
time=2026-09-03T23:44:37.065Z level=INFO msg=redelivery key=pf-s313-graded:3655 partition=0 offset=954 suppressed=true
time=2026-09-03T23:44:37.086Z level=INFO msg=redelivery key=pf-s313-graded:3664 partition=0 offset=955 suppressed=true
time=2026-09-03T23:44:37.105Z level=INFO msg=redelivery key=pf-s313-graded:3665 partition=0 offset=956 suppressed=true
time=2026-09-03T23:44:37.126Z level=INFO msg=redelivery key=pf-s313-graded:3668 partition=0 offset=957 suppressed=true
time=2026-09-03T23:44:37.145Z level=INFO msg=redelivery key=pf-s313-graded:3670 partition=0 offset=958 suppressed=true
time=2026-09-03T23:44:37.165Z level=INFO msg=redelivery key=pf-s313-graded:3684 partition=0 offset=959 suppressed=true
time=2026-09-03T23:44:37.186Z level=INFO msg=redelivery key=pf-s313-graded:3687 partition=0 offset=960 suppressed=true
time=2026-09-03T23:44:37.210Z level=INFO msg=redelivery key=pf-s313-graded:3691 partition=0 offset=961 suppressed=true
time=2026-09-03T23:44:37.225Z level=INFO msg=redelivery key=pf-s313-graded:3693 partition=0 offset=962 suppressed=true
time=2026-09-03T23:44:37.246Z level=INFO msg=redelivery key=pf-s313-graded:3703 partition=0 offset=963 suppressed=true
time=2026-09-03T23:44:37.265Z level=INFO msg=redelivery key=pf-s313-graded:3705 partition=0 offset=964 suppressed=true
time=2026-09-03T23:44:37.285Z level=INFO msg=redelivery key=pf-s313-graded:3707 partition=0 offset=965 suppressed=true
time=2026-09-03T23:44:37.306Z level=INFO msg=redelivery key=pf-s313-graded:3711 partition=0 offset=966 suppressed=true
time=2026-09-03T23:44:37.326Z level=INFO msg=redelivery key=pf-s313-graded:3713 partition=0 offset=967 suppressed=true
time=2026-09-03T23:44:37.345Z level=INFO msg=redelivery key=pf-s313-graded:3716 partition=0 offset=968 suppressed=true
time=2026-09-03T23:44:37.366Z level=INFO msg=redelivery key=pf-s313-graded:3718 partition=0 offset=969 suppressed=true
time=2026-09-03T23:44:37.385Z level=INFO msg=redelivery key=pf-s313-graded:3720 partition=0 offset=970 suppressed=true
time=2026-09-03T23:44:37.407Z level=INFO msg=redelivery key=pf-s313-graded:3725 partition=0 offset=971 suppressed=true
time=2026-09-03T23:44:37.426Z level=INFO msg=redelivery key=pf-s313-graded:3735 partition=0 offset=972 suppressed=true
time=2026-09-03T23:44:37.446Z level=INFO msg=redelivery key=pf-s313-graded:3736 partition=0 offset=973 suppressed=true
time=2026-09-03T23:44:37.465Z level=INFO msg=redelivery key=pf-s313-graded:3737 partition=0 offset=974 suppressed=true
time=2026-09-03T23:44:37.485Z level=INFO msg=redelivery key=pf-s313-graded:3741 partition=0 offset=975 suppressed=true
time=2026-09-03T23:44:37.505Z level=INFO msg=redelivery key=pf-s313-graded:3744 partition=0 offset=976 suppressed=true
time=2026-09-03T23:44:37.525Z level=INFO msg=redelivery key=pf-s313-graded:3745 partition=0 offset=977 suppressed=true
time=2026-09-03T23:44:37.546Z level=INFO msg=redelivery key=pf-s313-graded:3753 partition=0 offset=978 suppressed=true
time=2026-09-03T23:44:37.566Z level=INFO msg=redelivery key=pf-s313-graded:3754 partition=0 offset=979 suppressed=true
time=2026-09-03T23:44:37.586Z level=INFO msg=redelivery key=pf-s313-graded:3760 partition=0 offset=980 suppressed=true
time=2026-09-03T23:44:37.605Z level=INFO msg=redelivery key=pf-s313-graded:3761 partition=0 offset=981 suppressed=true
time=2026-09-03T23:44:37.626Z level=INFO msg=redelivery key=pf-s313-graded:3764 partition=0 offset=982 suppressed=true
time=2026-09-03T23:44:37.646Z level=INFO msg=redelivery key=pf-s313-graded:3767 partition=0 offset=983 suppressed=true
time=2026-09-03T23:44:37.665Z level=INFO msg=redelivery key=pf-s313-graded:3768 partition=0 offset=984 suppressed=true
time=2026-09-03T23:44:37.686Z level=INFO msg=redelivery key=pf-s313-graded:3769 partition=0 offset=985 suppressed=true
time=2026-09-03T23:44:37.705Z level=INFO msg=redelivery key=pf-s313-graded:3772 partition=0 offset=986 suppressed=true
time=2026-09-03T23:44:37.725Z level=INFO msg=redelivery key=pf-s313-graded:3780 partition=0 offset=987 suppressed=true
time=2026-09-03T23:44:37.745Z level=INFO msg=redelivery key=pf-s313-graded:3781 partition=0 offset=988 suppressed=true
time=2026-09-03T23:44:37.767Z level=INFO msg=redelivery key=pf-s313-graded:3783 partition=0 offset=989 suppressed=true
time=2026-09-03T23:44:37.786Z level=INFO msg=redelivery key=pf-s313-graded:3788 partition=0 offset=990 suppressed=true
time=2026-09-03T23:44:37.805Z level=INFO msg=redelivery key=pf-s313-graded:3794 partition=0 offset=991 suppressed=true
time=2026-09-03T23:44:37.826Z level=INFO msg=redelivery key=pf-s313-graded:3802 partition=0 offset=992 suppressed=true
time=2026-09-03T23:44:37.846Z level=INFO msg=redelivery key=pf-s313-graded:3804 partition=0 offset=993 suppressed=true
time=2026-09-03T23:44:37.865Z level=INFO msg=redelivery key=pf-s313-graded:3805 partition=0 offset=994 suppressed=true
time=2026-09-03T23:44:37.885Z level=INFO msg=redelivery key=pf-s313-graded:3816 partition=0 offset=995 suppressed=true
time=2026-09-03T23:44:37.905Z level=INFO msg=redelivery key=pf-s313-graded:3841 partition=0 offset=996 suppressed=true
time=2026-09-03T23:44:37.925Z level=INFO msg=redelivery key=pf-s313-graded:3852 partition=0 offset=997 suppressed=true
time=2026-09-03T23:44:37.945Z level=INFO msg=redelivery key=pf-s313-graded:3854 partition=0 offset=998 suppressed=true
time=2026-09-03T23:44:37.965Z level=INFO msg=redelivery key=pf-s313-graded:3883 partition=0 offset=999 suppressed=true
time=2026-09-03T23:44:37.986Z level=INFO msg=redelivery key=pf-s313-graded:3884 partition=0 offset=1000 suppressed=true
time=2026-09-03T23:44:38.006Z level=INFO msg=redelivery key=pf-s313-graded:3886 partition=0 offset=1001 suppressed=true
time=2026-09-03T23:44:38.025Z level=INFO msg=redelivery key=pf-s313-graded:3887 partition=0 offset=1002 suppressed=true
time=2026-09-03T23:44:38.045Z level=INFO msg=redelivery key=pf-s313-graded:3889 partition=0 offset=1003 suppressed=true
time=2026-09-03T23:44:38.066Z level=INFO msg=redelivery key=pf-s313-graded:3895 partition=0 offset=1004 suppressed=true
time=2026-09-03T23:44:38.085Z level=INFO msg=redelivery key=pf-s313-graded:3897 partition=0 offset=1005 suppressed=true
time=2026-09-03T23:44:38.106Z level=INFO msg=redelivery key=pf-s313-graded:3898 partition=0 offset=1006 suppressed=true
time=2026-09-03T23:44:38.126Z level=INFO msg=redelivery key=pf-s313-graded:3900 partition=0 offset=1007 suppressed=true
time=2026-09-03T23:44:38.147Z level=INFO msg=redelivery key=pf-s313-graded:3910 partition=0 offset=1008 suppressed=true
time=2026-09-03T23:44:38.165Z level=INFO msg=redelivery key=pf-s313-graded:3912 partition=0 offset=1009 suppressed=true
time=2026-09-03T23:44:38.185Z level=INFO msg=redelivery key=pf-s313-graded:3919 partition=0 offset=1010 suppressed=true
time=2026-09-03T23:44:38.205Z level=INFO msg=redelivery key=pf-s313-graded:3923 partition=0 offset=1011 suppressed=true
time=2026-09-03T23:44:38.226Z level=INFO msg=redelivery key=pf-s313-graded:3928 partition=0 offset=1012 suppressed=true
time=2026-09-03T23:44:38.245Z level=INFO msg=redelivery key=pf-s313-graded:3941 partition=0 offset=1013 suppressed=true
time=2026-09-03T23:44:38.266Z level=INFO msg=redelivery key=pf-s313-graded:3947 partition=0 offset=1014 suppressed=true
time=2026-09-03T23:44:38.285Z level=INFO msg=redelivery key=pf-s313-graded:3952 partition=0 offset=1015 suppressed=true
time=2026-09-03T23:44:38.306Z level=INFO msg=redelivery key=pf-s313-graded:3960 partition=0 offset=1016 suppressed=true
time=2026-09-03T23:44:38.325Z level=INFO msg=redelivery key=pf-s313-graded:3962 partition=0 offset=1017 suppressed=true
time=2026-09-03T23:44:38.346Z level=INFO msg=redelivery key=pf-s313-graded:3965 partition=0 offset=1018 suppressed=true
time=2026-09-03T23:44:38.366Z level=INFO msg=redelivery key=pf-s313-graded:3966 partition=0 offset=1019 suppressed=true
time=2026-09-03T23:44:38.385Z level=INFO msg=redelivery key=pf-s313-graded:3967 partition=0 offset=1020 suppressed=true
time=2026-09-03T23:44:38.406Z level=INFO msg=redelivery key=pf-s313-graded:3970 partition=0 offset=1021 suppressed=true
time=2026-09-03T23:44:38.427Z level=INFO msg=redelivery key=pf-s313-graded:3978 partition=0 offset=1022 suppressed=true
time=2026-09-03T23:44:38.446Z level=INFO msg=redelivery key=pf-s313-graded:3988 partition=0 offset=1023 suppressed=true
time=2026-09-03T23:44:38.468Z level=INFO msg=redelivery key=pf-s313-graded:3996 partition=0 offset=1024 suppressed=true
time=2026-09-03T23:44:38.485Z level=INFO msg=redelivery key=pf-s313-graded:3997 partition=0 offset=1025 suppressed=true
time=2026-09-03T23:44:38.506Z level=INFO msg=redelivery key=pf-s313-graded:4002 partition=0 offset=1026 suppressed=true
time=2026-09-03T23:44:38.526Z level=INFO msg=redelivery key=pf-s313-graded:4003 partition=0 offset=1027 suppressed=true
time=2026-09-03T23:44:38.546Z level=INFO msg=redelivery key=pf-s313-graded:4010 partition=0 offset=1028 suppressed=true
time=2026-09-03T23:44:38.565Z level=INFO msg=redelivery key=pf-s313-graded:4011 partition=0 offset=1029 suppressed=true
time=2026-09-03T23:44:38.585Z level=INFO msg=redelivery key=pf-s313-graded:4016 partition=0 offset=1030 suppressed=true
time=2026-09-03T23:44:38.605Z level=INFO msg=redelivery key=pf-s313-graded:4025 partition=0 offset=1031 suppressed=true
time=2026-09-03T23:44:38.625Z level=INFO msg=redelivery key=pf-s313-graded:4029 partition=0 offset=1032 suppressed=true
time=2026-09-03T23:44:38.645Z level=INFO msg=redelivery key=pf-s313-graded:4033 partition=0 offset=1033 suppressed=true
time=2026-09-03T23:44:38.665Z level=INFO msg=redelivery key=pf-s313-graded:4035 partition=0 offset=1034 suppressed=true
time=2026-09-03T23:44:38.686Z level=INFO msg=redelivery key=pf-s313-graded:4039 partition=0 offset=1035 suppressed=true
time=2026-09-03T23:44:38.706Z level=INFO msg=redelivery key=pf-s313-graded:4042 partition=0 offset=1036 suppressed=true
time=2026-09-03T23:44:38.725Z level=INFO msg=redelivery key=pf-s313-graded:4044 partition=0 offset=1037 suppressed=true
time=2026-09-03T23:44:38.746Z level=INFO msg=redelivery key=pf-s313-graded:4047 partition=0 offset=1038 suppressed=true
time=2026-09-03T23:44:38.766Z level=INFO msg=redelivery key=pf-s313-graded:4048 partition=0 offset=1039 suppressed=true
time=2026-09-03T23:44:38.787Z level=INFO msg=redelivery key=pf-s313-graded:4049 partition=0 offset=1040 suppressed=true
time=2026-09-03T23:44:38.806Z level=INFO msg=redelivery key=pf-s313-graded:4064 partition=0 offset=1041 suppressed=true
time=2026-09-03T23:44:38.826Z level=INFO msg=redelivery key=pf-s313-graded:4070 partition=0 offset=1042 suppressed=true
time=2026-09-03T23:44:38.846Z level=INFO msg=redelivery key=pf-s313-graded:4071 partition=0 offset=1043 suppressed=true
time=2026-09-03T23:44:38.865Z level=INFO msg=redelivery key=pf-s313-graded:4075 partition=0 offset=1044 suppressed=true
time=2026-09-03T23:44:38.886Z level=INFO msg=redelivery key=pf-s313-graded:4076 partition=0 offset=1045 suppressed=true
time=2026-09-03T23:44:38.906Z level=INFO msg=redelivery key=pf-s313-graded:4078 partition=0 offset=1046 suppressed=true
time=2026-09-03T23:44:38.925Z level=INFO msg=redelivery key=pf-s313-graded:4079 partition=0 offset=1047 suppressed=true
time=2026-09-03T23:44:38.946Z level=INFO msg=redelivery key=pf-s313-graded:4097 partition=0 offset=1048 suppressed=true
time=2026-09-03T23:44:38.966Z level=INFO msg=redelivery key=pf-s313-graded:4102 partition=0 offset=1049 suppressed=true
time=2026-09-03T23:44:38.985Z level=INFO msg=redelivery key=pf-s313-graded:4113 partition=0 offset=1050 suppressed=true
time=2026-09-03T23:44:39.007Z level=INFO msg=redelivery key=pf-s313-graded:4115 partition=0 offset=1051 suppressed=true
time=2026-09-03T23:44:39.026Z level=INFO msg=redelivery key=pf-s313-graded:4117 partition=0 offset=1052 suppressed=true
time=2026-09-03T23:44:39.045Z level=INFO msg=redelivery key=pf-s313-graded:4119 partition=0 offset=1053 suppressed=true
time=2026-09-03T23:44:39.067Z level=INFO msg=redelivery key=pf-s313-graded:4128 partition=0 offset=1054 suppressed=true
time=2026-09-03T23:44:39.086Z level=INFO msg=redelivery key=pf-s313-graded:4130 partition=0 offset=1055 suppressed=true
time=2026-09-03T23:44:39.107Z level=INFO msg=redelivery key=pf-s313-graded:4132 partition=0 offset=1056 suppressed=true
time=2026-09-03T23:44:39.127Z level=INFO msg=redelivery key=pf-s313-graded:4133 partition=0 offset=1057 suppressed=true
time=2026-09-03T23:44:39.146Z level=INFO msg=redelivery key=pf-s313-graded:4135 partition=0 offset=1058 suppressed=true
time=2026-09-03T23:44:46.725Z level=INFO msg=redelivery key=pf-s313-graded:4185 partition=1 offset=1062 suppressed=true
time=2026-09-03T23:44:46.745Z level=INFO msg=redelivery key=pf-s313-graded:4186 partition=1 offset=1063 suppressed=true
time=2026-09-03T23:44:46.765Z level=INFO msg=redelivery key=pf-s313-graded:4188 partition=1 offset=1064 suppressed=true
time=2026-09-03T23:44:46.785Z level=INFO msg=redelivery key=pf-s313-graded:4190 partition=1 offset=1065 suppressed=true
time=2026-09-03T23:44:46.805Z level=INFO msg=redelivery key=pf-s313-graded:4201 partition=1 offset=1066 suppressed=true
time=2026-09-03T23:44:46.825Z level=INFO msg=redelivery key=pf-s313-graded:4202 partition=1 offset=1067 suppressed=true
time=2026-09-03T23:44:46.846Z level=INFO msg=redelivery key=pf-s313-graded:4213 partition=1 offset=1068 suppressed=true
time=2026-09-03T23:44:46.865Z level=INFO msg=redelivery key=pf-s313-graded:4215 partition=1 offset=1069 suppressed=true
time=2026-09-03T23:44:46.886Z level=INFO msg=redelivery key=pf-s313-graded:4216 partition=1 offset=1070 suppressed=true
time=2026-09-03T23:44:46.905Z level=INFO msg=redelivery key=pf-s313-graded:4217 partition=1 offset=1071 suppressed=true
time=2026-09-03T23:44:46.925Z level=INFO msg=redelivery key=pf-s313-graded:4218 partition=1 offset=1072 suppressed=true
time=2026-09-03T23:44:46.945Z level=INFO msg=redelivery key=pf-s313-graded:4220 partition=1 offset=1073 suppressed=true
time=2026-09-03T23:44:46.966Z level=INFO msg=redelivery key=pf-s313-graded:4221 partition=1 offset=1074 suppressed=true
time=2026-09-03T23:44:46.985Z level=INFO msg=redelivery key=pf-s313-graded:4224 partition=1 offset=1075 suppressed=true
time=2026-09-03T23:44:47.006Z level=INFO msg=redelivery key=pf-s313-graded:4226 partition=1 offset=1076 suppressed=true
time=2026-09-03T23:44:47.026Z level=INFO msg=redelivery key=pf-s313-graded:4228 partition=1 offset=1077 suppressed=true
time=2026-09-03T23:44:47.046Z level=INFO msg=redelivery key=pf-s313-graded:4233 partition=1 offset=1078 suppressed=true
time=2026-09-03T23:44:47.065Z level=INFO msg=redelivery key=pf-s313-graded:4234 partition=1 offset=1079 suppressed=true
time=2026-09-03T23:44:47.086Z level=INFO msg=redelivery key=pf-s313-graded:4235 partition=1 offset=1080 suppressed=true
time=2026-09-03T23:44:47.105Z level=INFO msg=redelivery key=pf-s313-graded:4247 partition=1 offset=1081 suppressed=true
time=2026-09-03T23:44:47.126Z level=INFO msg=redelivery key=pf-s313-graded:4248 partition=1 offset=1082 suppressed=true
time=2026-09-03T23:44:47.148Z level=INFO msg=redelivery key=pf-s313-graded:4252 partition=1 offset=1083 suppressed=true
time=2026-09-03T23:44:47.166Z level=INFO msg=redelivery key=pf-s313-graded:4255 partition=1 offset=1084 suppressed=true
time=2026-09-03T23:44:47.188Z level=INFO msg=redelivery key=pf-s313-graded:4257 partition=1 offset=1085 suppressed=true
time=2026-09-03T23:44:47.206Z level=INFO msg=redelivery key=pf-s313-graded:4262 partition=1 offset=1086 suppressed=true
time=2026-09-03T23:44:47.226Z level=INFO msg=redelivery key=pf-s313-graded:4270 partition=1 offset=1087 suppressed=true
time=2026-09-03T23:44:47.246Z level=INFO msg=redelivery key=pf-s313-graded:4272 partition=1 offset=1088 suppressed=true
time=2026-09-03T23:44:47.267Z level=INFO msg=redelivery key=pf-s313-graded:4274 partition=1 offset=1089 suppressed=true
time=2026-09-03T23:44:47.286Z level=INFO msg=redelivery key=pf-s313-graded:4276 partition=1 offset=1090 suppressed=true
time=2026-09-03T23:44:47.305Z level=INFO msg=redelivery key=pf-s313-graded:4277 partition=1 offset=1091 suppressed=true
time=2026-09-03T23:44:47.325Z level=INFO msg=redelivery key=pf-s313-graded:4280 partition=1 offset=1092 suppressed=true
time=2026-09-03T23:44:47.346Z level=INFO msg=redelivery key=pf-s313-graded:4285 partition=1 offset=1093 suppressed=true
time=2026-09-03T23:44:47.365Z level=INFO msg=redelivery key=pf-s313-graded:4286 partition=1 offset=1094 suppressed=true
time=2026-09-03T23:44:47.386Z level=INFO msg=redelivery key=pf-s313-graded:4287 partition=1 offset=1095 suppressed=true
time=2026-09-03T23:44:47.406Z level=INFO msg=redelivery key=pf-s313-graded:4290 partition=1 offset=1096 suppressed=true
time=2026-09-03T23:44:47.425Z level=INFO msg=redelivery key=pf-s313-graded:4296 partition=1 offset=1097 suppressed=true
time=2026-09-03T23:44:47.446Z level=INFO msg=redelivery key=pf-s313-graded:4306 partition=1 offset=1098 suppressed=true
time=2026-09-03T23:44:47.466Z level=INFO msg=redelivery key=pf-s313-graded:4313 partition=1 offset=1099 suppressed=true
time=2026-09-03T23:44:47.486Z level=INFO msg=redelivery key=pf-s313-graded:4325 partition=1 offset=1100 suppressed=true
time=2026-09-03T23:44:47.506Z level=INFO msg=redelivery key=pf-s313-graded:4326 partition=1 offset=1101 suppressed=true
time=2026-09-03T23:44:47.526Z level=INFO msg=redelivery key=pf-s313-graded:4331 partition=1 offset=1102 suppressed=true
time=2026-09-03T23:44:47.546Z level=INFO msg=redelivery key=pf-s313-graded:4339 partition=1 offset=1103 suppressed=true
time=2026-09-03T23:44:47.565Z level=INFO msg=redelivery key=pf-s313-graded:4340 partition=1 offset=1104 suppressed=true
time=2026-09-03T23:44:47.588Z level=INFO msg=redelivery key=pf-s313-graded:4342 partition=1 offset=1105 suppressed=true
time=2026-09-03T23:44:47.605Z level=INFO msg=redelivery key=pf-s313-graded:4343 partition=1 offset=1106 suppressed=true
time=2026-09-03T23:44:47.627Z level=INFO msg=redelivery key=pf-s313-graded:4344 partition=1 offset=1107 suppressed=true
time=2026-09-03T23:44:47.645Z level=INFO msg=redelivery key=pf-s313-graded:4346 partition=1 offset=1108 suppressed=true
time=2026-09-03T23:44:47.665Z level=INFO msg=redelivery key=pf-s313-graded:4347 partition=1 offset=1109 suppressed=true
time=2026-09-03T23:44:47.686Z level=INFO msg=redelivery key=pf-s313-graded:4351 partition=1 offset=1110 suppressed=true
time=2026-09-03T23:44:47.707Z level=INFO msg=redelivery key=pf-s313-graded:4361 partition=1 offset=1111 suppressed=true
time=2026-09-03T23:44:47.725Z level=INFO msg=redelivery key=pf-s313-graded:4362 partition=1 offset=1112 suppressed=true
time=2026-09-03T23:44:47.746Z level=INFO msg=redelivery key=pf-s313-graded:4366 partition=1 offset=1113 suppressed=true
time=2026-09-03T23:44:47.766Z level=INFO msg=redelivery key=pf-s313-graded:4375 partition=1 offset=1114 suppressed=true
time=2026-09-03T23:44:47.785Z level=INFO msg=redelivery key=pf-s313-graded:4381 partition=1 offset=1115 suppressed=true
time=2026-09-03T23:44:47.805Z level=INFO msg=redelivery key=pf-s313-graded:4382 partition=1 offset=1116 suppressed=true
time=2026-09-03T23:44:47.825Z level=INFO msg=redelivery key=pf-s313-graded:4383 partition=1 offset=1117 suppressed=true
time=2026-09-03T23:44:47.846Z level=INFO msg=redelivery key=pf-s313-graded:4384 partition=1 offset=1118 suppressed=true
time=2026-09-03T23:44:47.866Z level=INFO msg=redelivery key=pf-s313-graded:4391 partition=1 offset=1119 suppressed=true
time=2026-09-03T23:44:47.885Z level=INFO msg=redelivery key=pf-s313-graded:4394 partition=1 offset=1120 suppressed=true
time=2026-09-03T23:44:47.905Z level=INFO msg=redelivery key=pf-s313-graded:4396 partition=1 offset=1121 suppressed=true
time=2026-09-03T23:44:47.925Z level=INFO msg=redelivery key=pf-s313-graded:4400 partition=1 offset=1122 suppressed=true
time=2026-09-03T23:44:47.946Z level=INFO msg=redelivery key=pf-s313-graded:4410 partition=1 offset=1123 suppressed=true
time=2026-09-03T23:44:47.967Z level=INFO msg=redelivery key=pf-s313-graded:4411 partition=1 offset=1124 suppressed=true
time=2026-09-03T23:44:47.986Z level=INFO msg=redelivery key=pf-s313-graded:4413 partition=1 offset=1125 suppressed=true
time=2026-09-03T23:44:48.006Z level=INFO msg=redelivery key=pf-s313-graded:4415 partition=1 offset=1126 suppressed=true
time=2026-09-03T23:44:48.027Z level=INFO msg=redelivery key=pf-s313-graded:4419 partition=1 offset=1127 suppressed=true
time=2026-09-03T23:44:48.046Z level=INFO msg=redelivery key=pf-s313-graded:4424 partition=1 offset=1128 suppressed=true
time=2026-09-03T23:44:48.066Z level=INFO msg=redelivery key=pf-s313-graded:4430 partition=1 offset=1129 suppressed=true
time=2026-09-03T23:44:48.087Z level=INFO msg=redelivery key=pf-s313-graded:4431 partition=1 offset=1130 suppressed=true
time=2026-09-03T23:44:48.105Z level=INFO msg=redelivery key=pf-s313-graded:4442 partition=1 offset=1131 suppressed=true
time=2026-09-03T23:44:48.126Z level=INFO msg=redelivery key=pf-s313-graded:4465 partition=1 offset=1132 suppressed=true
time=2026-09-03T23:44:48.147Z level=INFO msg=redelivery key=pf-s313-graded:4467 partition=1 offset=1133 suppressed=true
time=2026-09-03T23:44:48.165Z level=INFO msg=redelivery key=pf-s313-graded:4470 partition=1 offset=1134 suppressed=true
time=2026-09-03T23:44:48.186Z level=INFO msg=redelivery key=pf-s313-graded:4471 partition=1 offset=1135 suppressed=true
time=2026-09-03T23:44:48.206Z level=INFO msg=redelivery key=pf-s313-graded:4475 partition=1 offset=1136 suppressed=true
time=2026-09-03T23:44:48.226Z level=INFO msg=redelivery key=pf-s313-graded:4479 partition=1 offset=1137 suppressed=true
time=2026-09-03T23:44:48.245Z level=INFO msg=redelivery key=pf-s313-graded:4482 partition=1 offset=1138 suppressed=true
time=2026-09-03T23:44:48.266Z level=INFO msg=redelivery key=pf-s313-graded:4486 partition=1 offset=1139 suppressed=true
time=2026-09-03T23:44:48.287Z level=INFO msg=redelivery key=pf-s313-graded:4488 partition=1 offset=1140 suppressed=true
time=2026-09-03T23:44:48.306Z level=INFO msg=redelivery key=pf-s313-graded:4489 partition=1 offset=1141 suppressed=true
time=2026-09-03T23:44:48.328Z level=INFO msg=redelivery key=pf-s313-graded:4492 partition=1 offset=1142 suppressed=true
time=2026-09-03T23:44:48.345Z level=INFO msg=redelivery key=pf-s313-graded:4500 partition=1 offset=1143 suppressed=true
time=2026-09-03T23:44:48.365Z level=INFO msg=redelivery key=pf-s313-graded:4503 partition=1 offset=1144 suppressed=true
time=2026-09-03T23:44:48.387Z level=INFO msg=redelivery key=pf-s313-graded:4504 partition=1 offset=1145 suppressed=true
time=2026-09-03T23:44:48.405Z level=INFO msg=redelivery key=pf-s313-graded:4515 partition=1 offset=1146 suppressed=true
time=2026-09-03T23:44:48.426Z level=INFO msg=redelivery key=pf-s313-graded:4524 partition=1 offset=1147 suppressed=true
time=2026-09-03T23:44:48.446Z level=INFO msg=redelivery key=pf-s313-graded:4525 partition=1 offset=1148 suppressed=true
time=2026-09-03T23:44:48.465Z level=INFO msg=redelivery key=pf-s313-graded:4532 partition=1 offset=1149 suppressed=true
time=2026-09-03T23:44:48.485Z level=INFO msg=redelivery key=pf-s313-graded:4536 partition=1 offset=1150 suppressed=true
time=2026-09-03T23:44:48.505Z level=INFO msg=redelivery key=pf-s313-graded:4537 partition=1 offset=1151 suppressed=true
time=2026-09-03T23:44:48.527Z level=INFO msg=redelivery key=pf-s313-graded:4539 partition=1 offset=1152 suppressed=true
time=2026-09-03T23:44:48.552Z level=INFO msg=redelivery key=pf-s313-graded:4541 partition=1 offset=1153 suppressed=true
time=2026-09-03T23:44:48.572Z level=INFO msg=redelivery key=pf-s313-graded:4545 partition=1 offset=1154 suppressed=true
time=2026-09-03T23:44:48.589Z level=INFO msg=redelivery key=pf-s313-graded:4546 partition=1 offset=1155 suppressed=true
time=2026-09-03T23:44:48.611Z level=INFO msg=redelivery key=pf-s313-graded:4547 partition=1 offset=1156 suppressed=true
time=2026-09-03T23:44:48.631Z level=INFO msg=redelivery key=pf-s313-graded:4549 partition=1 offset=1157 suppressed=true
time=2026-09-03T23:44:48.650Z level=INFO msg=redelivery key=pf-s313-graded:4550 partition=1 offset=1158 suppressed=true
time=2026-09-03T23:44:48.668Z level=INFO msg=redelivery key=pf-s313-graded:4563 partition=1 offset=1159 suppressed=true
time=2026-09-03T23:44:48.688Z level=INFO msg=redelivery key=pf-s313-graded:4576 partition=1 offset=1160 suppressed=true
time=2026-09-03T23:44:48.706Z level=INFO msg=redelivery key=pf-s313-graded:4577 partition=1 offset=1161 suppressed=true
time=2026-09-03T23:44:48.732Z level=INFO msg=redelivery key=pf-s313-graded:4578 partition=1 offset=1162 suppressed=true
time=2026-09-03T23:44:48.745Z level=INFO msg=redelivery key=pf-s313-graded:4581 partition=1 offset=1163 suppressed=true
time=2026-09-03T23:44:48.765Z level=INFO msg=redelivery key=pf-s313-graded:4585 partition=1 offset=1164 suppressed=true
time=2026-09-03T23:44:48.786Z level=INFO msg=redelivery key=pf-s313-graded:4586 partition=1 offset=1165 suppressed=true
time=2026-09-03T23:44:48.806Z level=INFO msg=redelivery key=pf-s313-graded:4587 partition=1 offset=1166 suppressed=true
time=2026-09-03T23:44:48.826Z level=INFO msg=redelivery key=pf-s313-graded:4593 partition=1 offset=1167 suppressed=true
time=2026-09-03T23:44:48.847Z level=INFO msg=redelivery key=pf-s313-graded:4596 partition=1 offset=1168 suppressed=true
time=2026-09-03T23:44:48.866Z level=INFO msg=redelivery key=pf-s313-graded:4606 partition=1 offset=1169 suppressed=true
time=2026-09-03T23:44:48.886Z level=INFO msg=redelivery key=pf-s313-graded:4608 partition=1 offset=1170 suppressed=true
time=2026-09-03T23:44:48.906Z level=INFO msg=redelivery key=pf-s313-graded:4609 partition=1 offset=1171 suppressed=true
time=2026-09-03T23:44:48.926Z level=INFO msg=redelivery key=pf-s313-graded:4612 partition=1 offset=1172 suppressed=true
time=2026-09-03T23:44:48.946Z level=INFO msg=redelivery key=pf-s313-graded:4613 partition=1 offset=1173 suppressed=true
time=2026-09-03T23:44:48.966Z level=INFO msg=redelivery key=pf-s313-graded:4614 partition=1 offset=1174 suppressed=true
time=2026-09-03T23:44:48.986Z level=INFO msg=redelivery key=pf-s313-graded:4617 partition=1 offset=1175 suppressed=true
time=2026-09-03T23:44:49.006Z level=INFO msg=redelivery key=pf-s313-graded:4618 partition=1 offset=1176 suppressed=true
time=2026-09-03T23:44:49.025Z level=INFO msg=redelivery key=pf-s313-graded:4627 partition=1 offset=1177 suppressed=true
time=2026-09-03T23:44:49.046Z level=INFO msg=redelivery key=pf-s313-graded:4629 partition=1 offset=1178 suppressed=true
time=2026-09-03T23:44:49.066Z level=INFO msg=redelivery key=pf-s313-graded:4632 partition=1 offset=1179 suppressed=true
time=2026-09-03T23:44:54.246Z level=INFO msg=redelivery key=pf-s313-graded:3651 partition=2 offset=1778 suppressed=true
time=2026-09-03T23:44:54.267Z level=INFO msg=redelivery key=pf-s313-graded:3652 partition=2 offset=1779 suppressed=true
time=2026-09-03T23:44:54.285Z level=INFO msg=redelivery key=pf-s313-graded:3653 partition=2 offset=1780 suppressed=true
time=2026-09-03T23:44:54.306Z level=INFO msg=redelivery key=pf-s313-graded:3654 partition=2 offset=1781 suppressed=true
time=2026-09-03T23:44:54.325Z level=INFO msg=redelivery key=pf-s313-graded:3657 partition=2 offset=1782 suppressed=true
time=2026-09-03T23:44:54.346Z level=INFO msg=redelivery key=pf-s313-graded:3658 partition=2 offset=1783 suppressed=true
time=2026-09-03T23:44:54.366Z level=INFO msg=redelivery key=pf-s313-graded:3659 partition=2 offset=1784 suppressed=true
time=2026-09-03T23:44:54.387Z level=INFO msg=redelivery key=pf-s313-graded:3661 partition=2 offset=1785 suppressed=true
time=2026-09-03T23:44:54.405Z level=INFO msg=redelivery key=pf-s313-graded:3662 partition=2 offset=1786 suppressed=true
time=2026-09-03T23:44:54.427Z level=INFO msg=redelivery key=pf-s313-graded:3663 partition=2 offset=1787 suppressed=true
time=2026-09-03T23:44:54.447Z level=INFO msg=redelivery key=pf-s313-graded:3669 partition=2 offset=1788 suppressed=true
time=2026-09-03T23:44:54.467Z level=INFO msg=redelivery key=pf-s313-graded:3671 partition=2 offset=1789 suppressed=true
time=2026-09-03T23:44:54.489Z level=INFO msg=redelivery key=pf-s313-graded:3672 partition=2 offset=1790 suppressed=true
time=2026-09-03T23:44:54.506Z level=INFO msg=redelivery key=pf-s313-graded:3674 partition=2 offset=1791 suppressed=true
time=2026-09-03T23:44:54.526Z level=INFO msg=redelivery key=pf-s313-graded:3675 partition=2 offset=1792 suppressed=true
time=2026-09-03T23:44:54.548Z level=INFO msg=redelivery key=pf-s313-graded:3676 partition=2 offset=1793 suppressed=true
time=2026-09-03T23:44:54.568Z level=INFO msg=redelivery key=pf-s313-graded:3677 partition=2 offset=1794 suppressed=true
time=2026-09-03T23:44:54.589Z level=INFO msg=redelivery key=pf-s313-graded:3678 partition=2 offset=1795 suppressed=true
time=2026-09-03T23:44:54.607Z level=INFO msg=redelivery key=pf-s313-graded:3679 partition=2 offset=1796 suppressed=true
time=2026-09-03T23:44:54.627Z level=INFO msg=redelivery key=pf-s313-graded:3680 partition=2 offset=1797 suppressed=true
time=2026-09-03T23:44:54.646Z level=INFO msg=redelivery key=pf-s313-graded:3681 partition=2 offset=1798 suppressed=true
time=2026-09-03T23:44:54.668Z level=INFO msg=redelivery key=pf-s313-graded:3683 partition=2 offset=1799 suppressed=true
time=2026-09-03T23:44:54.687Z level=INFO msg=redelivery key=pf-s313-graded:3685 partition=2 offset=1800 suppressed=true
time=2026-09-03T23:44:54.709Z level=INFO msg=redelivery key=pf-s313-graded:3686 partition=2 offset=1801 suppressed=true
time=2026-09-03T23:44:54.727Z level=INFO msg=redelivery key=pf-s313-graded:3688 partition=2 offset=1802 suppressed=true
time=2026-09-03T23:44:54.747Z level=INFO msg=redelivery key=pf-s313-graded:3690 partition=2 offset=1803 suppressed=true
time=2026-09-03T23:44:54.770Z level=INFO msg=redelivery key=pf-s313-graded:3692 partition=2 offset=1804 suppressed=true
time=2026-09-03T23:44:54.794Z level=INFO msg=redelivery key=pf-s313-graded:3694 partition=2 offset=1805 suppressed=true
time=2026-09-03T23:44:54.807Z level=INFO msg=redelivery key=pf-s313-graded:3695 partition=2 offset=1806 suppressed=true
time=2026-09-03T23:44:54.826Z level=INFO msg=redelivery key=pf-s313-graded:3697 partition=2 offset=1807 suppressed=true
time=2026-09-03T23:44:54.848Z level=INFO msg=redelivery key=pf-s313-graded:3699 partition=2 offset=1808 suppressed=true
time=2026-09-03T23:44:54.869Z level=INFO msg=redelivery key=pf-s313-graded:3700 partition=2 offset=1809 suppressed=true
time=2026-09-03T23:44:54.887Z level=INFO msg=redelivery key=pf-s313-graded:3702 partition=2 offset=1810 suppressed=true
time=2026-09-03T23:44:54.909Z level=INFO msg=redelivery key=pf-s313-graded:3706 partition=2 offset=1811 suppressed=true
time=2026-09-03T23:44:54.927Z level=INFO msg=redelivery key=pf-s313-graded:3708 partition=2 offset=1812 suppressed=true
time=2026-09-03T23:44:54.948Z level=INFO msg=redelivery key=pf-s313-graded:3710 partition=2 offset=1813 suppressed=true
time=2026-09-03T23:44:54.966Z level=INFO msg=redelivery key=pf-s313-graded:3714 partition=2 offset=1814 suppressed=true
time=2026-09-03T23:44:54.990Z level=INFO msg=redelivery key=pf-s313-graded:3717 partition=2 offset=1815 suppressed=true
time=2026-09-03T23:44:55.006Z level=INFO msg=redelivery key=pf-s313-graded:3721 partition=2 offset=1816 suppressed=true
time=2026-09-03T23:44:55.026Z level=INFO msg=redelivery key=pf-s313-graded:3722 partition=2 offset=1817 suppressed=true
time=2026-09-03T23:44:55.046Z level=INFO msg=redelivery key=pf-s313-graded:3724 partition=2 offset=1818 suppressed=true
time=2026-09-03T23:44:55.066Z level=INFO msg=redelivery key=pf-s313-graded:3727 partition=2 offset=1819 suppressed=true
time=2026-09-03T23:44:55.088Z level=INFO msg=redelivery key=pf-s313-graded:3729 partition=2 offset=1820 suppressed=true
time=2026-09-03T23:44:55.106Z level=INFO msg=redelivery key=pf-s313-graded:3730 partition=2 offset=1821 suppressed=true
time=2026-09-03T23:44:55.127Z level=INFO msg=redelivery key=pf-s313-graded:3731 partition=2 offset=1822 suppressed=true
time=2026-09-03T23:44:55.146Z level=INFO msg=redelivery key=pf-s313-graded:3733 partition=2 offset=1823 suppressed=true
time=2026-09-03T23:44:55.166Z level=INFO msg=redelivery key=pf-s313-graded:3734 partition=2 offset=1824 suppressed=true
time=2026-09-03T23:44:55.186Z level=INFO msg=redelivery key=pf-s313-graded:3738 partition=2 offset=1825 suppressed=true
time=2026-09-03T23:44:55.206Z level=INFO msg=redelivery key=pf-s313-graded:3739 partition=2 offset=1826 suppressed=true
time=2026-09-03T23:44:55.225Z level=INFO msg=redelivery key=pf-s313-graded:3740 partition=2 offset=1827 suppressed=true
time=2026-09-03T23:44:55.246Z level=INFO msg=redelivery key=pf-s313-graded:3742 partition=2 offset=1828 suppressed=true
time=2026-09-03T23:44:55.266Z level=INFO msg=redelivery key=pf-s313-graded:3743 partition=2 offset=1829 suppressed=true
time=2026-09-03T23:44:55.288Z level=INFO msg=redelivery key=pf-s313-graded:3746 partition=2 offset=1830 suppressed=true
time=2026-09-03T23:44:55.313Z level=INFO msg=redelivery key=pf-s313-graded:3749 partition=2 offset=1831 suppressed=true
time=2026-09-03T23:44:55.332Z level=INFO msg=redelivery key=pf-s313-graded:3750 partition=2 offset=1832 suppressed=true
time=2026-09-03T23:44:55.346Z level=INFO msg=redelivery key=pf-s313-graded:3751 partition=2 offset=1833 suppressed=true
time=2026-09-03T23:44:55.365Z level=INFO msg=redelivery key=pf-s313-graded:3752 partition=2 offset=1834 suppressed=true
time=2026-09-03T23:44:55.386Z level=INFO msg=redelivery key=pf-s313-graded:3755 partition=2 offset=1835 suppressed=true
time=2026-09-03T23:44:55.407Z level=INFO msg=redelivery key=pf-s313-graded:3757 partition=2 offset=1836 suppressed=true
time=2026-09-03T23:44:55.427Z level=INFO msg=redelivery key=pf-s313-graded:3758 partition=2 offset=1837 suppressed=true
time=2026-09-03T23:44:55.446Z level=INFO msg=redelivery key=pf-s313-graded:3759 partition=2 offset=1838 suppressed=true
time=2026-09-03T23:44:55.446Z level=INFO msg="fault fired" key=pf-s313-graded:5442 partition=0 offset=1388 epoch=0
time=2026-09-03T23:44:55.447Z level=INFO msg="fault fired" key=pf-s313-graded:4752 partition=1 offset=1216 epoch=0
time=2026-09-03T23:44:55.447Z level=INFO msg="fault fired" key=pf-s313-graded:4803 partition=1 offset=1229 epoch=0
time=2026-09-03T23:44:55.448Z level=INFO msg="fault fired" key=pf-s313-graded:5120 partition=1 offset=1308 epoch=0
time=2026-09-03T23:44:55.448Z level=INFO msg="fault fired" key=pf-s313-graded:5524 partition=1 offset=1409 epoch=0
time=2026-09-03T23:44:55.448Z level=INFO msg="rewinding instead of committing" key=pf-s313-graded:4752 partition=1 offset=1216 epoch=0
time=2026-09-03T23:44:55.448Z level=INFO msg="rewinding instead of committing" key=pf-s313-graded:5442 partition=0 offset=1388 epoch=0
time=2026-09-03T23:44:55.553Z level=INFO msg=redelivery key=pf-s313-graded:4752 partition=1 offset=1216 suppressed=true
time=2026-09-03T23:44:55.574Z level=INFO msg=redelivery key=pf-s313-graded:4755 partition=1 offset=1217 suppressed=true
time=2026-09-03T23:44:55.594Z level=INFO msg=redelivery key=pf-s313-graded:4761 partition=1 offset=1218 suppressed=true
time=2026-09-03T23:44:55.614Z level=INFO msg=redelivery key=pf-s313-graded:4763 partition=1 offset=1219 suppressed=true
time=2026-09-03T23:44:55.634Z level=INFO msg=redelivery key=pf-s313-graded:4770 partition=1 offset=1220 suppressed=true
time=2026-09-03T23:44:55.653Z level=INFO msg=redelivery key=pf-s313-graded:4771 partition=1 offset=1221 suppressed=true
time=2026-09-03T23:44:55.676Z level=INFO msg=redelivery key=pf-s313-graded:4776 partition=1 offset=1222 suppressed=true
time=2026-09-03T23:44:55.697Z level=INFO msg=redelivery key=pf-s313-graded:4780 partition=1 offset=1223 suppressed=true
time=2026-09-03T23:44:55.713Z level=INFO msg=redelivery key=pf-s313-graded:4785 partition=1 offset=1224 suppressed=true
time=2026-09-03T23:44:55.734Z level=INFO msg=redelivery key=pf-s313-graded:4786 partition=1 offset=1225 suppressed=true
time=2026-09-03T23:44:55.754Z level=INFO msg=redelivery key=pf-s313-graded:4790 partition=1 offset=1226 suppressed=true
time=2026-09-03T23:44:55.773Z level=INFO msg=redelivery key=pf-s313-graded:4794 partition=1 offset=1227 suppressed=true
time=2026-09-03T23:44:55.795Z level=INFO msg=redelivery key=pf-s313-graded:4795 partition=1 offset=1228 suppressed=true
time=2026-09-03T23:44:55.813Z level=INFO msg=redelivery key=pf-s313-graded:4803 partition=1 offset=1229 suppressed=true
time=2026-09-03T23:44:55.839Z level=INFO msg=redelivery key=pf-s313-graded:4807 partition=1 offset=1230 suppressed=true
time=2026-09-03T23:44:55.853Z level=INFO msg=redelivery key=pf-s313-graded:4811 partition=1 offset=1231 suppressed=true
time=2026-09-03T23:44:55.874Z level=INFO msg=redelivery key=pf-s313-graded:4812 partition=1 offset=1232 suppressed=true
time=2026-09-03T23:44:55.895Z level=INFO msg=redelivery key=pf-s313-graded:4819 partition=1 offset=1233 suppressed=true
time=2026-09-03T23:44:55.915Z level=INFO msg=redelivery key=pf-s313-graded:4822 partition=1 offset=1234 suppressed=true
time=2026-09-03T23:44:55.937Z level=INFO msg=redelivery key=pf-s313-graded:4824 partition=1 offset=1235 suppressed=true
time=2026-09-03T23:44:55.954Z level=INFO msg=redelivery key=pf-s313-graded:4825 partition=1 offset=1236 suppressed=true
time=2026-09-03T23:44:55.975Z level=INFO msg=redelivery key=pf-s313-graded:4826 partition=1 offset=1237 suppressed=true
time=2026-09-03T23:44:55.993Z level=INFO msg=redelivery key=pf-s313-graded:4829 partition=1 offset=1238 suppressed=true
time=2026-09-03T23:44:56.013Z level=INFO msg=redelivery key=pf-s313-graded:4830 partition=1 offset=1239 suppressed=true
time=2026-09-03T23:44:56.033Z level=INFO msg=redelivery key=pf-s313-graded:4840 partition=1 offset=1240 suppressed=true
time=2026-09-03T23:44:56.053Z level=INFO msg=redelivery key=pf-s313-graded:4841 partition=1 offset=1241 suppressed=true
time=2026-09-03T23:44:56.073Z level=INFO msg=redelivery key=pf-s313-graded:4852 partition=1 offset=1242 suppressed=true
time=2026-09-03T23:44:56.092Z level=INFO msg=redelivery key=pf-s313-graded:4855 partition=1 offset=1243 suppressed=true
time=2026-09-03T23:44:56.113Z level=INFO msg=redelivery key=pf-s313-graded:4856 partition=1 offset=1244 suppressed=true
time=2026-09-03T23:44:56.134Z level=INFO msg=redelivery key=pf-s313-graded:4862 partition=1 offset=1245 suppressed=true
time=2026-09-03T23:44:56.154Z level=INFO msg=redelivery key=pf-s313-graded:4863 partition=1 offset=1246 suppressed=true
time=2026-09-03T23:44:56.175Z level=INFO msg=redelivery key=pf-s313-graded:4872 partition=1 offset=1247 suppressed=true
time=2026-09-03T23:44:56.193Z level=INFO msg=redelivery key=pf-s313-graded:4878 partition=1 offset=1248 suppressed=true
time=2026-09-03T23:44:56.213Z level=INFO msg=redelivery key=pf-s313-graded:4886 partition=1 offset=1249 suppressed=true
time=2026-09-03T23:44:56.236Z level=INFO msg=redelivery key=pf-s313-graded:4889 partition=1 offset=1250 suppressed=true
time=2026-09-03T23:44:56.254Z level=INFO msg=redelivery key=pf-s313-graded:4891 partition=1 offset=1251 suppressed=true
time=2026-09-03T23:44:56.276Z level=INFO msg=redelivery key=pf-s313-graded:4892 partition=1 offset=1252 suppressed=true
time=2026-09-03T23:44:56.294Z level=INFO msg=redelivery key=pf-s313-graded:4902 partition=1 offset=1253 suppressed=true
time=2026-09-03T23:44:56.313Z level=INFO msg=redelivery key=pf-s313-graded:4905 partition=1 offset=1254 suppressed=true
time=2026-09-03T23:44:56.333Z level=INFO msg=redelivery key=pf-s313-graded:4906 partition=1 offset=1255 suppressed=true
time=2026-09-03T23:44:56.356Z level=INFO msg=redelivery key=pf-s313-graded:4908 partition=1 offset=1256 suppressed=true
time=2026-09-03T23:44:56.373Z level=INFO msg=redelivery key=pf-s313-graded:4911 partition=1 offset=1257 suppressed=true
time=2026-09-03T23:44:56.393Z level=INFO msg=redelivery key=pf-s313-graded:4912 partition=1 offset=1258 suppressed=true
time=2026-09-03T23:44:56.413Z level=INFO msg=redelivery key=pf-s313-graded:4914 partition=1 offset=1259 suppressed=true
time=2026-09-03T23:44:56.433Z level=INFO msg=redelivery key=pf-s313-graded:4918 partition=1 offset=1260 suppressed=true
time=2026-09-03T23:44:56.453Z level=INFO msg=redelivery key=pf-s313-graded:4920 partition=1 offset=1261 suppressed=true
time=2026-09-03T23:44:56.473Z level=INFO msg=redelivery key=pf-s313-graded:4924 partition=1 offset=1262 suppressed=true
time=2026-09-03T23:44:56.493Z level=INFO msg=redelivery key=pf-s313-graded:4925 partition=1 offset=1263 suppressed=true
time=2026-09-03T23:44:56.513Z level=INFO msg=redelivery key=pf-s313-graded:4937 partition=1 offset=1264 suppressed=true
time=2026-09-03T23:44:56.533Z level=INFO msg=redelivery key=pf-s313-graded:4939 partition=1 offset=1265 suppressed=true
time=2026-09-03T23:44:56.554Z level=INFO msg=redelivery key=pf-s313-graded:4940 partition=1 offset=1266 suppressed=true
time=2026-09-03T23:44:56.573Z level=INFO msg=redelivery key=pf-s313-graded:4942 partition=1 offset=1267 suppressed=true
time=2026-09-03T23:44:56.597Z level=INFO msg=redelivery key=pf-s313-graded:4943 partition=1 offset=1268 suppressed=true
time=2026-09-03T23:44:56.613Z level=INFO msg=redelivery key=pf-s313-graded:4945 partition=1 offset=1269 suppressed=true
time=2026-09-03T23:44:56.634Z level=INFO msg=redelivery key=pf-s313-graded:4949 partition=1 offset=1270 suppressed=true
time=2026-09-03T23:44:56.653Z level=INFO msg=redelivery key=pf-s313-graded:4952 partition=1 offset=1271 suppressed=true
time=2026-09-03T23:44:56.676Z level=INFO msg=redelivery key=pf-s313-graded:4954 partition=1 offset=1272 suppressed=true
time=2026-09-03T23:44:56.696Z level=INFO msg=redelivery key=pf-s313-graded:4960 partition=1 offset=1273 suppressed=true
time=2026-09-03T23:44:56.713Z level=INFO msg=redelivery key=pf-s313-graded:4963 partition=1 offset=1274 suppressed=true
time=2026-09-03T23:44:56.733Z level=INFO msg=redelivery key=pf-s313-graded:4966 partition=1 offset=1275 suppressed=true
time=2026-09-03T23:44:56.753Z level=INFO msg=redelivery key=pf-s313-graded:4974 partition=1 offset=1276 suppressed=true
time=2026-09-03T23:44:56.773Z level=INFO msg=redelivery key=pf-s313-graded:4979 partition=1 offset=1277 suppressed=true
time=2026-09-03T23:44:56.793Z level=INFO msg=redelivery key=pf-s313-graded:4980 partition=1 offset=1278 suppressed=true
time=2026-09-03T23:44:56.812Z level=INFO msg=redelivery key=pf-s313-graded:4989 partition=1 offset=1279 suppressed=true
time=2026-09-03T23:44:56.833Z level=INFO msg=redelivery key=pf-s313-graded:4992 partition=1 offset=1280 suppressed=true
time=2026-09-03T23:44:56.854Z level=INFO msg=redelivery key=pf-s313-graded:4995 partition=1 offset=1281 suppressed=true
time=2026-09-03T23:44:56.873Z level=INFO msg=redelivery key=pf-s313-graded:4996 partition=1 offset=1282 suppressed=true
time=2026-09-03T23:44:56.893Z level=INFO msg=redelivery key=pf-s313-graded:4997 partition=1 offset=1283 suppressed=true
time=2026-09-03T23:44:56.914Z level=INFO msg=redelivery key=pf-s313-graded:5005 partition=1 offset=1284 suppressed=true
time=2026-09-03T23:44:56.933Z level=INFO msg=redelivery key=pf-s313-graded:5010 partition=1 offset=1285 suppressed=true
time=2026-09-03T23:44:56.953Z level=INFO msg=redelivery key=pf-s313-graded:5014 partition=1 offset=1286 suppressed=true
time=2026-09-03T23:44:56.974Z level=INFO msg=redelivery key=pf-s313-graded:5016 partition=1 offset=1287 suppressed=true
time=2026-09-03T23:44:56.993Z level=INFO msg=redelivery key=pf-s313-graded:5018 partition=1 offset=1288 suppressed=true
time=2026-09-03T23:44:57.014Z level=INFO msg=redelivery key=pf-s313-graded:5023 partition=1 offset=1289 suppressed=true
time=2026-09-03T23:44:57.033Z level=INFO msg=redelivery key=pf-s313-graded:5028 partition=1 offset=1290 suppressed=true
time=2026-09-03T23:44:57.055Z level=INFO msg=redelivery key=pf-s313-graded:5029 partition=1 offset=1291 suppressed=true
time=2026-09-03T23:44:57.075Z level=INFO msg=redelivery key=pf-s313-graded:5037 partition=1 offset=1292 suppressed=true
time=2026-09-03T23:44:57.097Z level=INFO msg=redelivery key=pf-s313-graded:5040 partition=1 offset=1293 suppressed=true
time=2026-09-03T23:44:57.113Z level=INFO msg=redelivery key=pf-s313-graded:5050 partition=1 offset=1294 suppressed=true
time=2026-09-03T23:44:57.135Z level=INFO msg=redelivery key=pf-s313-graded:5058 partition=1 offset=1295 suppressed=true
time=2026-09-03T23:44:57.153Z level=INFO msg=redelivery key=pf-s313-graded:5062 partition=1 offset=1296 suppressed=true
time=2026-09-03T23:44:57.173Z level=INFO msg=redelivery key=pf-s313-graded:5063 partition=1 offset=1297 suppressed=true
time=2026-09-03T23:44:57.194Z level=INFO msg=redelivery key=pf-s313-graded:5064 partition=1 offset=1298 suppressed=true
time=2026-09-03T23:44:57.214Z level=INFO msg=redelivery key=pf-s313-graded:5065 partition=1 offset=1299 suppressed=true
time=2026-09-03T23:44:57.234Z level=INFO msg=redelivery key=pf-s313-graded:5068 partition=1 offset=1300 suppressed=true
time=2026-09-03T23:44:57.255Z level=INFO msg=redelivery key=pf-s313-graded:5070 partition=1 offset=1301 suppressed=true
time=2026-09-03T23:44:57.274Z level=INFO msg=redelivery key=pf-s313-graded:5076 partition=1 offset=1302 suppressed=true
time=2026-09-03T23:44:57.292Z level=INFO msg=redelivery key=pf-s313-graded:5087 partition=1 offset=1303 suppressed=true
time=2026-09-03T23:44:57.314Z level=INFO msg=redelivery key=pf-s313-graded:5097 partition=1 offset=1304 suppressed=true
time=2026-09-03T23:44:57.333Z level=INFO msg=redelivery key=pf-s313-graded:5102 partition=1 offset=1305 suppressed=true
time=2026-09-03T23:44:57.352Z level=INFO msg=redelivery key=pf-s313-graded:5103 partition=1 offset=1306 suppressed=true
time=2026-09-03T23:44:57.373Z level=INFO msg=redelivery key=pf-s313-graded:5104 partition=1 offset=1307 suppressed=true
time=2026-09-03T23:44:57.393Z level=INFO msg=redelivery key=pf-s313-graded:5120 partition=1 offset=1308 suppressed=true
time=2026-09-03T23:44:57.414Z level=INFO msg=redelivery key=pf-s313-graded:5123 partition=1 offset=1309 suppressed=true
time=2026-09-03T23:44:57.435Z level=INFO msg=redelivery key=pf-s313-graded:5124 partition=1 offset=1310 suppressed=true
time=2026-09-03T23:44:57.456Z level=INFO msg=redelivery key=pf-s313-graded:5130 partition=1 offset=1311 suppressed=true
time=2026-09-03T23:44:57.473Z level=INFO msg=redelivery key=pf-s313-graded:5131 partition=1 offset=1312 suppressed=true
time=2026-09-03T23:44:57.493Z level=INFO msg=redelivery key=pf-s313-graded:5132 partition=1 offset=1313 suppressed=true
time=2026-09-03T23:44:57.513Z level=INFO msg=redelivery key=pf-s313-graded:5137 partition=1 offset=1314 suppressed=true
time=2026-09-03T23:44:57.533Z level=INFO msg=redelivery key=pf-s313-graded:5139 partition=1 offset=1315 suppressed=true
time=2026-09-03T23:44:57.553Z level=INFO msg=redelivery key=pf-s313-graded:5141 partition=1 offset=1316 suppressed=true
time=2026-09-03T23:44:57.573Z level=INFO msg=redelivery key=pf-s313-graded:5144 partition=1 offset=1317 suppressed=true
time=2026-09-03T23:44:57.593Z level=INFO msg=redelivery key=pf-s313-graded:5146 partition=1 offset=1318 suppressed=true
time=2026-09-03T23:44:57.613Z level=INFO msg=redelivery key=pf-s313-graded:5151 partition=1 offset=1319 suppressed=true
time=2026-09-03T23:44:57.633Z level=INFO msg=redelivery key=pf-s313-graded:5152 partition=1 offset=1320 suppressed=true
time=2026-09-03T23:44:57.652Z level=INFO msg=redelivery key=pf-s313-graded:5154 partition=1 offset=1321 suppressed=true
time=2026-09-03T23:44:57.673Z level=INFO msg=redelivery key=pf-s313-graded:5160 partition=1 offset=1322 suppressed=true
time=2026-09-03T23:44:57.697Z level=INFO msg=redelivery key=pf-s313-graded:5166 partition=1 offset=1323 suppressed=true
time=2026-09-03T23:44:57.713Z level=INFO msg=redelivery key=pf-s313-graded:5169 partition=1 offset=1324 suppressed=true
time=2026-09-03T23:44:57.733Z level=INFO msg=redelivery key=pf-s313-graded:5185 partition=1 offset=1325 suppressed=true
time=2026-09-03T23:44:57.753Z level=INFO msg=redelivery key=pf-s313-graded:5189 partition=1 offset=1326 suppressed=true
time=2026-09-03T23:44:57.773Z level=INFO msg=redelivery key=pf-s313-graded:5191 partition=1 offset=1327 suppressed=true
time=2026-09-03T23:44:57.794Z level=INFO msg=redelivery key=pf-s313-graded:5194 partition=1 offset=1328 suppressed=true
time=2026-09-03T23:44:57.813Z level=INFO msg=redelivery key=pf-s313-graded:5197 partition=1 offset=1329 suppressed=true
time=2026-09-03T23:44:57.833Z level=INFO msg=redelivery key=pf-s313-graded:5204 partition=1 offset=1330 suppressed=true
time=2026-09-03T23:44:57.853Z level=INFO msg=redelivery key=pf-s313-graded:5208 partition=1 offset=1331 suppressed=true
time=2026-09-03T23:44:57.873Z level=INFO msg=redelivery key=pf-s313-graded:5211 partition=1 offset=1332 suppressed=true
time=2026-09-03T23:44:57.894Z level=INFO msg=redelivery key=pf-s313-graded:5212 partition=1 offset=1333 suppressed=true
time=2026-09-03T23:44:57.913Z level=INFO msg=redelivery key=pf-s313-graded:5215 partition=1 offset=1334 suppressed=true
time=2026-09-03T23:44:57.933Z level=INFO msg=redelivery key=pf-s313-graded:5227 partition=1 offset=1335 suppressed=true
time=2026-09-03T23:44:57.953Z level=INFO msg=redelivery key=pf-s313-graded:5228 partition=1 offset=1336 suppressed=true
time=2026-09-03T23:44:57.973Z level=INFO msg=redelivery key=pf-s313-graded:5235 partition=1 offset=1337 suppressed=true
time=2026-09-03T23:44:57.993Z level=INFO msg=redelivery key=pf-s313-graded:5239 partition=1 offset=1338 suppressed=true
time=2026-09-03T23:44:58.013Z level=INFO msg=redelivery key=pf-s313-graded:5248 partition=1 offset=1339 suppressed=true
time=2026-09-03T23:44:58.033Z level=INFO msg=redelivery key=pf-s313-graded:5250 partition=1 offset=1340 suppressed=true
time=2026-09-03T23:44:58.054Z level=INFO msg=redelivery key=pf-s313-graded:5253 partition=1 offset=1341 suppressed=true
time=2026-09-03T23:44:58.073Z level=INFO msg=redelivery key=pf-s313-graded:5255 partition=1 offset=1342 suppressed=true
time=2026-09-03T23:44:58.095Z level=INFO msg=redelivery key=pf-s313-graded:5257 partition=1 offset=1343 suppressed=true
time=2026-09-03T23:44:58.113Z level=INFO msg=redelivery key=pf-s313-graded:5260 partition=1 offset=1344 suppressed=true
time=2026-09-03T23:44:58.133Z level=INFO msg=redelivery key=pf-s313-graded:5262 partition=1 offset=1345 suppressed=true
time=2026-09-03T23:44:58.153Z level=INFO msg=redelivery key=pf-s313-graded:5263 partition=1 offset=1346 suppressed=true
time=2026-09-03T23:44:58.174Z level=INFO msg=redelivery key=pf-s313-graded:5272 partition=1 offset=1347 suppressed=true
time=2026-09-03T23:44:58.193Z level=INFO msg=redelivery key=pf-s313-graded:5275 partition=1 offset=1348 suppressed=true
time=2026-09-03T23:44:58.213Z level=INFO msg=redelivery key=pf-s313-graded:5277 partition=1 offset=1349 suppressed=true
time=2026-09-03T23:44:58.233Z level=INFO msg=redelivery key=pf-s313-graded:5278 partition=1 offset=1350 suppressed=true
time=2026-09-03T23:44:58.254Z level=INFO msg=redelivery key=pf-s313-graded:5280 partition=1 offset=1351 suppressed=true
time=2026-09-03T23:44:58.277Z level=INFO msg=redelivery key=pf-s313-graded:5284 partition=1 offset=1352 suppressed=true
time=2026-09-03T23:44:58.293Z level=INFO msg=redelivery key=pf-s313-graded:5290 partition=1 offset=1353 suppressed=true
time=2026-09-03T23:44:58.313Z level=INFO msg=redelivery key=pf-s313-graded:5293 partition=1 offset=1354 suppressed=true
time=2026-09-03T23:44:58.333Z level=INFO msg=redelivery key=pf-s313-graded:5294 partition=1 offset=1355 suppressed=true
time=2026-09-03T23:44:58.353Z level=INFO msg=redelivery key=pf-s313-graded:5296 partition=1 offset=1356 suppressed=true
time=2026-09-03T23:44:58.375Z level=INFO msg=redelivery key=pf-s313-graded:5298 partition=1 offset=1357 suppressed=true
time=2026-09-03T23:44:58.393Z level=INFO msg=redelivery key=pf-s313-graded:5304 partition=1 offset=1358 suppressed=true
time=2026-09-03T23:44:58.414Z level=INFO msg=redelivery key=pf-s313-graded:5311 partition=1 offset=1359 suppressed=true
time=2026-09-03T23:44:58.433Z level=INFO msg=redelivery key=pf-s313-graded:5314 partition=1 offset=1360 suppressed=true
time=2026-09-03T23:44:58.454Z level=INFO msg=redelivery key=pf-s313-graded:5316 partition=1 offset=1361 suppressed=true
time=2026-09-03T23:44:58.473Z level=INFO msg=redelivery key=pf-s313-graded:5317 partition=1 offset=1362 suppressed=true
time=2026-09-03T23:44:58.492Z level=INFO msg=redelivery key=pf-s313-graded:5320 partition=1 offset=1363 suppressed=true
time=2026-09-03T23:44:58.513Z level=INFO msg=redelivery key=pf-s313-graded:5324 partition=1 offset=1364 suppressed=true
time=2026-09-03T23:44:58.533Z level=INFO msg=redelivery key=pf-s313-graded:5329 partition=1 offset=1365 suppressed=true
time=2026-09-03T23:44:58.554Z level=INFO msg=redelivery key=pf-s313-graded:5336 partition=1 offset=1366 suppressed=true
time=2026-09-03T23:44:58.573Z level=INFO msg=redelivery key=pf-s313-graded:5338 partition=1 offset=1367 suppressed=true
time=2026-09-03T23:44:58.594Z level=INFO msg=redelivery key=pf-s313-graded:5344 partition=1 offset=1368 suppressed=true
time=2026-09-03T23:44:58.613Z level=INFO msg=redelivery key=pf-s313-graded:5345 partition=1 offset=1369 suppressed=true
time=2026-09-03T23:44:58.634Z level=INFO msg=redelivery key=pf-s313-graded:5355 partition=1 offset=1370 suppressed=true
time=2026-09-03T23:44:58.653Z level=INFO msg=redelivery key=pf-s313-graded:5356 partition=1 offset=1371 suppressed=true
time=2026-09-03T23:44:58.673Z level=INFO msg=redelivery key=pf-s313-graded:5358 partition=1 offset=1372 suppressed=true
time=2026-09-03T23:44:58.694Z level=INFO msg=redelivery key=pf-s313-graded:5360 partition=1 offset=1373 suppressed=true
time=2026-09-03T23:44:58.713Z level=INFO msg=redelivery key=pf-s313-graded:5363 partition=1 offset=1374 suppressed=true
time=2026-09-03T23:44:58.733Z level=INFO msg=redelivery key=pf-s313-graded:5365 partition=1 offset=1375 suppressed=true
time=2026-09-03T23:44:58.753Z level=INFO msg=redelivery key=pf-s313-graded:5372 partition=1 offset=1376 suppressed=true
time=2026-09-03T23:44:58.773Z level=INFO msg=redelivery key=pf-s313-graded:5373 partition=1 offset=1377 suppressed=true
time=2026-09-03T23:44:58.793Z level=INFO msg=redelivery key=pf-s313-graded:5376 partition=1 offset=1378 suppressed=true
time=2026-09-03T23:44:58.814Z level=INFO msg=redelivery key=pf-s313-graded:5380 partition=1 offset=1379 suppressed=true
time=2026-09-03T23:44:58.833Z level=INFO msg=redelivery key=pf-s313-graded:5391 partition=1 offset=1380 suppressed=true
time=2026-09-03T23:44:58.852Z level=INFO msg=redelivery key=pf-s313-graded:5394 partition=1 offset=1381 suppressed=true
time=2026-09-03T23:44:58.874Z level=INFO msg=redelivery key=pf-s313-graded:5395 partition=1 offset=1382 suppressed=true
time=2026-09-03T23:44:58.893Z level=INFO msg=redelivery key=pf-s313-graded:5396 partition=1 offset=1383 suppressed=true
time=2026-09-03T23:44:58.913Z level=INFO msg=redelivery key=pf-s313-graded:5401 partition=1 offset=1384 suppressed=true
time=2026-09-03T23:44:58.934Z level=INFO msg=redelivery key=pf-s313-graded:5413 partition=1 offset=1385 suppressed=true
time=2026-09-03T23:44:58.953Z level=INFO msg=redelivery key=pf-s313-graded:5427 partition=1 offset=1386 suppressed=true
time=2026-09-03T23:44:58.974Z level=INFO msg=redelivery key=pf-s313-graded:5428 partition=1 offset=1387 suppressed=true
time=2026-09-03T23:44:58.993Z level=INFO msg=redelivery key=pf-s313-graded:5432 partition=1 offset=1388 suppressed=true
time=2026-09-03T23:44:59.013Z level=INFO msg=redelivery key=pf-s313-graded:5434 partition=1 offset=1389 suppressed=true
time=2026-09-03T23:44:59.033Z level=INFO msg=redelivery key=pf-s313-graded:5435 partition=1 offset=1390 suppressed=true
time=2026-09-03T23:44:59.053Z level=INFO msg=redelivery key=pf-s313-graded:5438 partition=1 offset=1391 suppressed=true
time=2026-09-03T23:44:59.073Z level=INFO msg=redelivery key=pf-s313-graded:5440 partition=1 offset=1392 suppressed=true
time=2026-09-03T23:44:59.093Z level=INFO msg=redelivery key=pf-s313-graded:5446 partition=1 offset=1393 suppressed=true
time=2026-09-03T23:44:59.113Z level=INFO msg=redelivery key=pf-s313-graded:5447 partition=1 offset=1394 suppressed=true
time=2026-09-03T23:44:59.132Z level=INFO msg=redelivery key=pf-s313-graded:5449 partition=1 offset=1395 suppressed=true
time=2026-09-03T23:44:59.155Z level=INFO msg=redelivery key=pf-s313-graded:5455 partition=1 offset=1396 suppressed=true
time=2026-09-03T23:44:59.173Z level=INFO msg=redelivery key=pf-s313-graded:5465 partition=1 offset=1397 suppressed=true
time=2026-09-03T23:44:59.193Z level=INFO msg=redelivery key=pf-s313-graded:5480 partition=1 offset=1398 suppressed=true
time=2026-09-03T23:44:59.214Z level=INFO msg=redelivery key=pf-s313-graded:5483 partition=1 offset=1399 suppressed=true
time=2026-09-03T23:44:59.233Z level=INFO msg=redelivery key=pf-s313-graded:5484 partition=1 offset=1400 suppressed=true
time=2026-09-03T23:44:59.254Z level=INFO msg=redelivery key=pf-s313-graded:5494 partition=1 offset=1401 suppressed=true
time=2026-09-03T23:44:59.273Z level=INFO msg=redelivery key=pf-s313-graded:5498 partition=1 offset=1402 suppressed=true
time=2026-09-03T23:44:59.293Z level=INFO msg=redelivery key=pf-s313-graded:5501 partition=1 offset=1403 suppressed=true
time=2026-09-03T23:44:59.314Z level=INFO msg=redelivery key=pf-s313-graded:5503 partition=1 offset=1404 suppressed=true
time=2026-09-03T23:44:59.334Z level=INFO msg=redelivery key=pf-s313-graded:5504 partition=1 offset=1405 suppressed=true
time=2026-09-03T23:44:59.353Z level=INFO msg=redelivery key=pf-s313-graded:5511 partition=1 offset=1406 suppressed=true
time=2026-09-03T23:44:59.374Z level=INFO msg=redelivery key=pf-s313-graded:5512 partition=1 offset=1407 suppressed=true
time=2026-09-03T23:44:59.394Z level=INFO msg=redelivery key=pf-s313-graded:5523 partition=1 offset=1408 suppressed=true
time=2026-09-03T23:44:59.413Z level=INFO msg=redelivery key=pf-s313-graded:5524 partition=1 offset=1409 suppressed=true
time=2026-09-03T23:44:59.433Z level=INFO msg=redelivery key=pf-s313-graded:5525 partition=1 offset=1410 suppressed=true
time=2026-09-03T23:44:59.454Z level=INFO msg=redelivery key=pf-s313-graded:5526 partition=1 offset=1411 suppressed=true
time=2026-09-03T23:44:59.473Z level=INFO msg=redelivery key=pf-s313-graded:5528 partition=1 offset=1412 suppressed=true
time=2026-09-03T23:44:59.493Z level=INFO msg=redelivery key=pf-s313-graded:5533 partition=1 offset=1413 suppressed=true
time=2026-09-03T23:44:59.513Z level=INFO msg=redelivery key=pf-s313-graded:5543 partition=1 offset=1414 suppressed=true
time=2026-09-03T23:44:59.533Z level=INFO msg=redelivery key=pf-s313-graded:5544 partition=1 offset=1415 suppressed=true
time=2026-09-03T23:44:59.553Z level=INFO msg=redelivery key=pf-s313-graded:5545 partition=1 offset=1416 suppressed=true
time=2026-09-03T23:44:59.574Z level=INFO msg=redelivery key=pf-s313-graded:5561 partition=1 offset=1417 suppressed=true
time=2026-09-03T23:44:59.593Z level=INFO msg=redelivery key=pf-s313-graded:5567 partition=1 offset=1418 suppressed=true
time=2026-09-03T23:44:59.614Z level=INFO msg=redelivery key=pf-s313-graded:5573 partition=1 offset=1419 suppressed=true
time=2026-09-03T23:44:59.633Z level=INFO msg=redelivery key=pf-s313-graded:5576 partition=1 offset=1420 suppressed=true
time=2026-09-03T23:44:59.653Z level=INFO msg=redelivery key=pf-s313-graded:5578 partition=1 offset=1421 suppressed=true
time=2026-09-03T23:44:59.673Z level=INFO msg=redelivery key=pf-s313-graded:5582 partition=1 offset=1422 suppressed=true
time=2026-09-03T23:44:59.693Z level=INFO msg=redelivery key=pf-s313-graded:5584 partition=1 offset=1423 suppressed=true
time=2026-09-03T23:44:59.713Z level=INFO msg=redelivery key=pf-s313-graded:5586 partition=1 offset=1424 suppressed=true
time=2026-09-03T23:44:59.733Z level=INFO msg=redelivery key=pf-s313-graded:5587 partition=1 offset=1425 suppressed=true
time=2026-09-03T23:44:59.754Z level=INFO msg=redelivery key=pf-s313-graded:5592 partition=1 offset=1426 suppressed=true
time=2026-09-03T23:44:59.773Z level=INFO msg=redelivery key=pf-s313-graded:5598 partition=1 offset=1427 suppressed=true
time=2026-09-03T23:44:59.793Z level=INFO msg=redelivery key=pf-s313-graded:5607 partition=1 offset=1428 suppressed=true
time=2026-09-03T23:44:59.814Z level=INFO msg=redelivery key=pf-s313-graded:5612 partition=1 offset=1429 suppressed=true
time=2026-09-03T23:44:59.834Z level=INFO msg=redelivery key=pf-s313-graded:5616 partition=1 offset=1430 suppressed=true
time=2026-09-03T23:44:59.853Z level=INFO msg=redelivery key=pf-s313-graded:5618 partition=1 offset=1431 suppressed=true
time=2026-09-03T23:44:59.873Z level=INFO msg=redelivery key=pf-s313-graded:5619 partition=1 offset=1432 suppressed=true
time=2026-09-03T23:44:59.894Z level=INFO msg=redelivery key=pf-s313-graded:5623 partition=1 offset=1433 suppressed=true
time=2026-09-03T23:44:59.913Z level=INFO msg=redelivery key=pf-s313-graded:5626 partition=1 offset=1434 suppressed=true
time=2026-09-03T23:44:59.933Z level=INFO msg=redelivery key=pf-s313-graded:5627 partition=1 offset=1435 suppressed=true
time=2026-09-03T23:44:59.954Z level=INFO msg=redelivery key=pf-s313-graded:5632 partition=1 offset=1436 suppressed=true
time=2026-09-03T23:44:59.973Z level=INFO msg=redelivery key=pf-s313-graded:5633 partition=1 offset=1437 suppressed=true
time=2026-09-03T23:45:04.993Z level=INFO msg=redelivery key=pf-s313-graded:3765 partition=2 offset=1839 suppressed=true
time=2026-09-03T23:45:05.013Z level=INFO msg=redelivery key=pf-s313-graded:3766 partition=2 offset=1840 suppressed=true
time=2026-09-03T23:45:05.033Z level=INFO msg=redelivery key=pf-s313-graded:3770 partition=2 offset=1841 suppressed=true
time=2026-09-03T23:45:05.053Z level=INFO msg=redelivery key=pf-s313-graded:3771 partition=2 offset=1842 suppressed=true
time=2026-09-03T23:45:05.073Z level=INFO msg=redelivery key=pf-s313-graded:3773 partition=2 offset=1843 suppressed=true
time=2026-09-03T23:45:05.098Z level=INFO msg=redelivery key=pf-s313-graded:3774 partition=2 offset=1844 suppressed=true
time=2026-09-03T23:45:05.115Z level=INFO msg=redelivery key=pf-s313-graded:3776 partition=2 offset=1845 suppressed=true
time=2026-09-03T23:45:05.132Z level=INFO msg=redelivery key=pf-s313-graded:3778 partition=2 offset=1846 suppressed=true
time=2026-09-03T23:45:05.153Z level=INFO msg=redelivery key=pf-s313-graded:3782 partition=2 offset=1847 suppressed=true
time=2026-09-03T23:45:05.173Z level=INFO msg=redelivery key=pf-s313-graded:3785 partition=2 offset=1848 suppressed=true
time=2026-09-03T23:45:05.192Z level=INFO msg=redelivery key=pf-s313-graded:3786 partition=2 offset=1849 suppressed=true
time=2026-09-03T23:45:05.214Z level=INFO msg=redelivery key=pf-s313-graded:3791 partition=2 offset=1850 suppressed=true
time=2026-09-03T23:45:05.233Z level=INFO msg=redelivery key=pf-s313-graded:3793 partition=2 offset=1851 suppressed=true
time=2026-09-03T23:45:05.253Z level=INFO msg=redelivery key=pf-s313-graded:3796 partition=2 offset=1852 suppressed=true
time=2026-09-03T23:45:05.273Z level=INFO msg=redelivery key=pf-s313-graded:3797 partition=2 offset=1853 suppressed=true
time=2026-09-03T23:45:05.293Z level=INFO msg=redelivery key=pf-s313-graded:3799 partition=2 offset=1854 suppressed=true
time=2026-09-03T23:45:05.313Z level=INFO msg=redelivery key=pf-s313-graded:3800 partition=2 offset=1855 suppressed=true
time=2026-09-03T23:45:05.332Z level=INFO msg=redelivery key=pf-s313-graded:3801 partition=2 offset=1856 suppressed=true
time=2026-09-03T23:45:05.353Z level=INFO msg=redelivery key=pf-s313-graded:3808 partition=2 offset=1857 suppressed=true
time=2026-09-03T23:45:05.373Z level=INFO msg=redelivery key=pf-s313-graded:3809 partition=2 offset=1858 suppressed=true
time=2026-09-03T23:45:05.393Z level=INFO msg=redelivery key=pf-s313-graded:3810 partition=2 offset=1859 suppressed=true
time=2026-09-03T23:45:05.413Z level=INFO msg=redelivery key=pf-s313-graded:3811 partition=2 offset=1860 suppressed=true
time=2026-09-03T23:45:05.432Z level=INFO msg=redelivery key=pf-s313-graded:3812 partition=2 offset=1861 suppressed=true
time=2026-09-03T23:45:05.453Z level=INFO msg=redelivery key=pf-s313-graded:3814 partition=2 offset=1862 suppressed=true
time=2026-09-03T23:45:05.472Z level=INFO msg=redelivery key=pf-s313-graded:3818 partition=2 offset=1863 suppressed=true
time=2026-09-03T23:45:05.493Z level=INFO msg=redelivery key=pf-s313-graded:3819 partition=2 offset=1864 suppressed=true
time=2026-09-03T23:45:05.513Z level=INFO msg=redelivery key=pf-s313-graded:3820 partition=2 offset=1865 suppressed=true
time=2026-09-03T23:45:05.532Z level=INFO msg=redelivery key=pf-s313-graded:3821 partition=2 offset=1866 suppressed=true
time=2026-09-03T23:45:05.533Z level=INFO msg="fault fired" key=pf-s313-graded:6106 partition=1 offset=1556 epoch=0
time=2026-09-03T23:45:05.533Z level=INFO msg="rewinding instead of committing" key=pf-s313-graded:6106 partition=1 offset=1556 epoch=0
time=2026-09-03T23:45:05.553Z level=INFO msg=redelivery key=pf-s313-graded:3824 partition=2 offset=1867 suppressed=true
time=2026-09-03T23:45:05.573Z level=INFO msg=redelivery key=pf-s313-graded:3826 partition=2 offset=1868 suppressed=true
time=2026-09-03T23:45:05.593Z level=INFO msg=redelivery key=pf-s313-graded:3827 partition=2 offset=1869 suppressed=true
time=2026-09-03T23:45:05.613Z level=INFO msg=redelivery key=pf-s313-graded:3828 partition=2 offset=1870 suppressed=true
time=2026-09-03T23:45:05.633Z level=INFO msg=redelivery key=pf-s313-graded:3829 partition=2 offset=1871 suppressed=true
time=2026-09-03T23:45:05.653Z level=INFO msg=redelivery key=pf-s313-graded:3830 partition=2 offset=1872 suppressed=true
time=2026-09-03T23:45:05.673Z level=INFO msg=redelivery key=pf-s313-graded:3831 partition=2 offset=1873 suppressed=true
time=2026-09-03T23:45:05.697Z level=INFO msg=redelivery key=pf-s313-graded:3832 partition=2 offset=1874 suppressed=true
time=2026-09-03T23:45:05.717Z level=INFO msg=redelivery key=pf-s313-graded:3833 partition=2 offset=1875 suppressed=true
time=2026-09-03T23:45:05.738Z level=INFO msg=redelivery key=pf-s313-graded:3834 partition=2 offset=1876 suppressed=true
time=2026-09-03T23:45:05.753Z level=INFO msg=redelivery key=pf-s313-graded:3835 partition=2 offset=1877 suppressed=true
time=2026-09-03T23:45:05.775Z level=INFO msg=redelivery key=pf-s313-graded:3837 partition=2 offset=1878 suppressed=true
time=2026-09-03T23:45:05.794Z level=INFO msg=redelivery key=pf-s313-graded:3839 partition=2 offset=1879 suppressed=true
time=2026-09-03T23:45:05.814Z level=INFO msg=redelivery key=pf-s313-graded:3842 partition=2 offset=1880 suppressed=true
time=2026-09-03T23:45:05.833Z level=INFO msg=redelivery key=pf-s313-graded:3843 partition=2 offset=1881 suppressed=true
time=2026-09-03T23:45:05.853Z level=INFO msg=redelivery key=pf-s313-graded:3844 partition=2 offset=1882 suppressed=true
time=2026-09-03T23:45:05.873Z level=INFO msg=redelivery key=pf-s313-graded:3846 partition=2 offset=1883 suppressed=true
time=2026-09-03T23:45:05.893Z level=INFO msg=redelivery key=pf-s313-graded:3847 partition=2 offset=1884 suppressed=true
time=2026-09-03T23:45:05.913Z level=INFO msg=redelivery key=pf-s313-graded:3849 partition=2 offset=1885 suppressed=true
time=2026-09-03T23:45:05.933Z level=INFO msg=redelivery key=pf-s313-graded:3850 partition=2 offset=1886 suppressed=true
time=2026-09-03T23:45:05.953Z level=INFO msg=redelivery key=pf-s313-graded:3851 partition=2 offset=1887 suppressed=true
time=2026-09-03T23:45:05.974Z level=INFO msg=redelivery key=pf-s313-graded:3856 partition=2 offset=1888 suppressed=true
time=2026-09-03T23:45:05.993Z level=INFO msg=redelivery key=pf-s313-graded:3859 partition=2 offset=1889 suppressed=true
time=2026-09-03T23:45:06.012Z level=INFO msg=redelivery key=pf-s313-graded:3860 partition=2 offset=1890 suppressed=true
time=2026-09-03T23:45:06.033Z level=INFO msg=redelivery key=pf-s313-graded:3864 partition=2 offset=1891 suppressed=true
time=2026-09-03T23:45:06.053Z level=INFO msg=redelivery key=pf-s313-graded:3865 partition=2 offset=1892 suppressed=true
time=2026-09-03T23:45:06.073Z level=INFO msg=redelivery key=pf-s313-graded:3866 partition=2 offset=1893 suppressed=true
time=2026-09-03T23:45:06.093Z level=INFO msg=redelivery key=pf-s313-graded:3868 partition=2 offset=1894 suppressed=true
time=2026-09-03T23:45:06.113Z level=INFO msg=redelivery key=pf-s313-graded:3869 partition=2 offset=1895 suppressed=true
time=2026-09-03T23:45:06.133Z level=INFO msg=redelivery key=pf-s313-graded:3871 partition=2 offset=1896 suppressed=true
time=2026-09-03T23:45:06.153Z level=INFO msg=redelivery key=pf-s313-graded:3872 partition=2 offset=1897 suppressed=true
time=2026-09-03T23:45:06.173Z level=INFO msg=redelivery key=pf-s313-graded:3875 partition=2 offset=1898 suppressed=true
time=2026-09-03T23:45:06.194Z level=INFO msg=redelivery key=pf-s313-graded:3876 partition=2 offset=1899 suppressed=true
time=2026-09-03T23:45:06.213Z level=INFO msg=redelivery key=pf-s313-graded:3879 partition=2 offset=1900 suppressed=true
time=2026-09-03T23:45:06.233Z level=INFO msg=redelivery key=pf-s313-graded:3880 partition=2 offset=1901 suppressed=true
time=2026-09-03T23:45:06.257Z level=INFO msg=redelivery key=pf-s313-graded:3882 partition=2 offset=1902 suppressed=true
time=2026-09-03T23:45:06.273Z level=INFO msg=redelivery key=pf-s313-graded:3885 partition=2 offset=1903 suppressed=true
time=2026-09-03T23:45:06.292Z level=INFO msg=redelivery key=pf-s313-graded:3890 partition=2 offset=1904 suppressed=true
time=2026-09-03T23:45:06.313Z level=INFO msg=redelivery key=pf-s313-graded:3893 partition=2 offset=1905 suppressed=true
time=2026-09-03T23:45:06.336Z level=INFO msg=redelivery key=pf-s313-graded:3896 partition=2 offset=1906 suppressed=true
time=2026-09-03T23:45:06.357Z level=INFO msg=redelivery key=pf-s313-graded:3899 partition=2 offset=1907 suppressed=true
time=2026-09-03T23:45:06.372Z level=INFO msg=redelivery key=pf-s313-graded:3903 partition=2 offset=1908 suppressed=true
time=2026-09-03T23:45:06.393Z level=INFO msg=redelivery key=pf-s313-graded:3904 partition=2 offset=1909 suppressed=true
time=2026-09-03T23:45:06.413Z level=INFO msg=redelivery key=pf-s313-graded:3905 partition=2 offset=1910 suppressed=true
time=2026-09-03T23:45:06.432Z level=INFO msg=redelivery key=pf-s313-graded:3906 partition=2 offset=1911 suppressed=true
time=2026-09-03T23:45:06.453Z level=INFO msg=redelivery key=pf-s313-graded:3908 partition=2 offset=1912 suppressed=true
time=2026-09-03T23:45:06.472Z level=INFO msg=redelivery key=pf-s313-graded:3909 partition=2 offset=1913 suppressed=true
time=2026-09-03T23:45:06.493Z level=INFO msg=redelivery key=pf-s313-graded:3911 partition=2 offset=1914 suppressed=true
time=2026-09-03T23:45:06.513Z level=INFO msg=redelivery key=pf-s313-graded:3913 partition=2 offset=1915 suppressed=true
time=2026-09-03T23:45:06.533Z level=INFO msg=redelivery key=pf-s313-graded:3914 partition=2 offset=1916 suppressed=true
time=2026-09-03T23:45:06.553Z level=INFO msg=redelivery key=pf-s313-graded:3916 partition=2 offset=1917 suppressed=true
time=2026-09-03T23:45:06.573Z level=INFO msg=redelivery key=pf-s313-graded:3917 partition=2 offset=1918 suppressed=true
time=2026-09-03T23:45:06.594Z level=INFO msg=redelivery key=pf-s313-graded:3918 partition=2 offset=1919 suppressed=true
time=2026-09-03T23:45:06.613Z level=INFO msg=redelivery key=pf-s313-graded:3920 partition=2 offset=1920 suppressed=true
time=2026-09-03T23:45:06.633Z level=INFO msg=redelivery key=pf-s313-graded:3921 partition=2 offset=1921 suppressed=true
time=2026-09-03T23:45:06.653Z level=INFO msg=redelivery key=pf-s313-graded:3922 partition=2 offset=1922 suppressed=true
time=2026-09-03T23:45:06.673Z level=INFO msg=redelivery key=pf-s313-graded:3924 partition=2 offset=1923 suppressed=true
time=2026-09-03T23:45:06.694Z level=INFO msg=redelivery key=pf-s313-graded:3925 partition=2 offset=1924 suppressed=true
time=2026-09-03T23:45:06.712Z level=INFO msg=redelivery key=pf-s313-graded:3929 partition=2 offset=1925 suppressed=true
time=2026-09-03T23:45:06.733Z level=INFO msg=redelivery key=pf-s313-graded:3930 partition=2 offset=1926 suppressed=true
time=2026-09-03T23:45:06.752Z level=INFO msg=redelivery key=pf-s313-graded:3931 partition=2 offset=1927 suppressed=true
time=2026-09-03T23:45:06.773Z level=INFO msg=redelivery key=pf-s313-graded:3932 partition=2 offset=1928 suppressed=true
time=2026-09-03T23:45:06.792Z level=INFO msg=redelivery key=pf-s313-graded:3935 partition=2 offset=1929 suppressed=true
time=2026-09-03T23:45:06.813Z level=INFO msg=redelivery key=pf-s313-graded:3938 partition=2 offset=1930 suppressed=true
time=2026-09-03T23:45:06.832Z level=INFO msg=redelivery key=pf-s313-graded:3942 partition=2 offset=1931 suppressed=true
time=2026-09-03T23:45:06.853Z level=INFO msg=redelivery key=pf-s313-graded:3943 partition=2 offset=1932 suppressed=true
time=2026-09-03T23:45:06.872Z level=INFO msg=redelivery key=pf-s313-graded:3944 partition=2 offset=1933 suppressed=true
time=2026-09-03T23:45:06.893Z level=INFO msg=redelivery key=pf-s313-graded:3945 partition=2 offset=1934 suppressed=true
time=2026-09-03T23:45:06.912Z level=INFO msg=redelivery key=pf-s313-graded:3946 partition=2 offset=1935 suppressed=true
time=2026-09-03T23:45:06.934Z level=INFO msg=redelivery key=pf-s313-graded:3948 partition=2 offset=1936 suppressed=true
time=2026-09-03T23:45:06.953Z level=INFO msg=redelivery key=pf-s313-graded:3949 partition=2 offset=1937 suppressed=true
time=2026-09-03T23:45:06.973Z level=INFO msg=redelivery key=pf-s313-graded:3954 partition=2 offset=1938 suppressed=true
time=2026-09-03T23:45:06.993Z level=INFO msg=redelivery key=pf-s313-graded:3956 partition=2 offset=1939 suppressed=true
time=2026-09-03T23:45:07.013Z level=INFO msg=redelivery key=pf-s313-graded:3957 partition=2 offset=1940 suppressed=true
time=2026-09-03T23:45:07.032Z level=INFO msg=redelivery key=pf-s313-graded:3959 partition=2 offset=1941 suppressed=true
time=2026-09-03T23:45:07.053Z level=INFO msg=redelivery key=pf-s313-graded:3961 partition=2 offset=1942 suppressed=true
time=2026-09-03T23:45:07.073Z level=INFO msg=redelivery key=pf-s313-graded:3964 partition=2 offset=1943 suppressed=true
time=2026-09-03T23:45:07.093Z level=INFO msg=redelivery key=pf-s313-graded:3968 partition=2 offset=1944 suppressed=true
time=2026-09-03T23:45:07.113Z level=INFO msg=redelivery key=pf-s313-graded:3969 partition=2 offset=1945 suppressed=true
time=2026-09-03T23:45:07.133Z level=INFO msg=redelivery key=pf-s313-graded:3971 partition=2 offset=1946 suppressed=true
time=2026-09-03T23:45:07.153Z level=INFO msg=redelivery key=pf-s313-graded:3972 partition=2 offset=1947 suppressed=true
time=2026-09-03T23:45:07.173Z level=INFO msg=redelivery key=pf-s313-graded:3973 partition=2 offset=1948 suppressed=true
time=2026-09-03T23:45:07.193Z level=INFO msg=redelivery key=pf-s313-graded:3977 partition=2 offset=1949 suppressed=true
time=2026-09-03T23:45:07.213Z level=INFO msg=redelivery key=pf-s313-graded:3979 partition=2 offset=1950 suppressed=true
time=2026-09-03T23:45:07.233Z level=INFO msg=redelivery key=pf-s313-graded:3980 partition=2 offset=1951 suppressed=true
time=2026-09-03T23:45:07.253Z level=INFO msg=redelivery key=pf-s313-graded:3982 partition=2 offset=1952 suppressed=true
time=2026-09-03T23:45:07.274Z level=INFO msg=redelivery key=pf-s313-graded:3984 partition=2 offset=1953 suppressed=true
time=2026-09-03T23:45:07.292Z level=INFO msg=redelivery key=pf-s313-graded:3986 partition=2 offset=1954 suppressed=true
time=2026-09-03T23:45:07.313Z level=INFO msg=redelivery key=pf-s313-graded:3987 partition=2 offset=1955 suppressed=true
time=2026-09-03T23:45:07.333Z level=INFO msg=redelivery key=pf-s313-graded:3989 partition=2 offset=1956 suppressed=true
time=2026-09-03T23:45:07.353Z level=INFO msg=redelivery key=pf-s313-graded:3991 partition=2 offset=1957 suppressed=true
time=2026-09-03T23:45:07.372Z level=INFO msg=redelivery key=pf-s313-graded:3992 partition=2 offset=1958 suppressed=true
time=2026-09-03T23:45:07.393Z level=INFO msg=redelivery key=pf-s313-graded:3994 partition=2 offset=1959 suppressed=true
time=2026-09-03T23:45:07.413Z level=INFO msg=redelivery key=pf-s313-graded:3995 partition=2 offset=1960 suppressed=true
time=2026-09-03T23:45:07.433Z level=INFO msg=redelivery key=pf-s313-graded:3998 partition=2 offset=1961 suppressed=true
time=2026-09-03T23:45:07.453Z level=INFO msg=redelivery key=pf-s313-graded:3999 partition=2 offset=1962 suppressed=true
time=2026-09-03T23:45:07.473Z level=INFO msg=redelivery key=pf-s313-graded:4000 partition=2 offset=1963 suppressed=true
time=2026-09-03T23:45:07.493Z level=INFO msg=redelivery key=pf-s313-graded:4001 partition=2 offset=1964 suppressed=true
time=2026-09-03T23:45:07.513Z level=INFO msg=redelivery key=pf-s313-graded:4007 partition=2 offset=1965 suppressed=true
time=2026-09-03T23:45:07.532Z level=INFO msg=redelivery key=pf-s313-graded:4008 partition=2 offset=1966 suppressed=true
time=2026-09-03T23:45:07.553Z level=INFO msg=redelivery key=pf-s313-graded:4009 partition=2 offset=1967 suppressed=true
time=2026-09-03T23:45:07.573Z level=INFO msg=redelivery key=pf-s313-graded:4012 partition=2 offset=1968 suppressed=true
time=2026-09-03T23:45:07.593Z level=INFO msg=redelivery key=pf-s313-graded:4013 partition=2 offset=1969 suppressed=true
time=2026-09-03T23:45:07.613Z level=INFO msg=redelivery key=pf-s313-graded:4014 partition=2 offset=1970 suppressed=true
time=2026-09-03T23:45:07.633Z level=INFO msg=redelivery key=pf-s313-graded:4017 partition=2 offset=1971 suppressed=true
time=2026-09-03T23:45:07.653Z level=INFO msg=redelivery key=pf-s313-graded:4019 partition=2 offset=1972 suppressed=true
time=2026-09-03T23:45:07.672Z level=INFO msg=redelivery key=pf-s313-graded:4020 partition=2 offset=1973 suppressed=true
time=2026-09-03T23:45:07.693Z level=INFO msg=redelivery key=pf-s313-graded:4021 partition=2 offset=1974 suppressed=true
time=2026-09-03T23:45:07.712Z level=INFO msg=redelivery key=pf-s313-graded:4022 partition=2 offset=1975 suppressed=true
time=2026-09-03T23:45:07.733Z level=INFO msg=redelivery key=pf-s313-graded:4023 partition=2 offset=1976 suppressed=true
time=2026-09-03T23:45:07.753Z level=INFO msg=redelivery key=pf-s313-graded:4024 partition=2 offset=1977 suppressed=true
time=2026-09-03T23:45:07.774Z level=INFO msg=redelivery key=pf-s313-graded:4026 partition=2 offset=1978 suppressed=true
time=2026-09-03T23:45:07.792Z level=INFO msg=redelivery key=pf-s313-graded:4027 partition=2 offset=1979 suppressed=true
time=2026-09-03T23:45:07.817Z level=INFO msg=redelivery key=pf-s313-graded:4030 partition=2 offset=1980 suppressed=true
time=2026-09-03T23:45:07.834Z level=INFO msg=redelivery key=pf-s313-graded:4031 partition=2 offset=1981 suppressed=true
time=2026-09-03T23:45:07.852Z level=INFO msg=redelivery key=pf-s313-graded:4032 partition=2 offset=1982 suppressed=true
time=2026-09-03T23:45:07.872Z level=INFO msg=redelivery key=pf-s313-graded:4034 partition=2 offset=1983 suppressed=true
time=2026-09-03T23:45:07.893Z level=INFO msg=redelivery key=pf-s313-graded:4038 partition=2 offset=1984 suppressed=true
time=2026-09-03T23:45:07.914Z level=INFO msg=redelivery key=pf-s313-graded:4043 partition=2 offset=1985 suppressed=true
time=2026-09-03T23:45:07.932Z level=INFO msg=redelivery key=pf-s313-graded:4045 partition=2 offset=1986 suppressed=true
time=2026-09-03T23:45:07.953Z level=INFO msg=redelivery key=pf-s313-graded:4046 partition=2 offset=1987 suppressed=true
time=2026-09-03T23:45:07.973Z level=INFO msg=redelivery key=pf-s313-graded:4050 partition=2 offset=1988 suppressed=true
time=2026-09-03T23:45:07.993Z level=INFO msg=redelivery key=pf-s313-graded:4051 partition=2 offset=1989 suppressed=true
time=2026-09-03T23:45:08.013Z level=INFO msg=redelivery key=pf-s313-graded:4052 partition=2 offset=1990 suppressed=true
time=2026-09-03T23:45:08.032Z level=INFO msg=redelivery key=pf-s313-graded:4053 partition=2 offset=1991 suppressed=true
time=2026-09-03T23:45:08.053Z level=INFO msg=redelivery key=pf-s313-graded:4054 partition=2 offset=1992 suppressed=true
time=2026-09-03T23:45:08.072Z level=INFO msg=redelivery key=pf-s313-graded:4055 partition=2 offset=1993 suppressed=true
time=2026-09-03T23:45:08.093Z level=INFO msg=redelivery key=pf-s313-graded:4056 partition=2 offset=1994 suppressed=true
time=2026-09-03T23:45:08.112Z level=INFO msg=redelivery key=pf-s313-graded:4059 partition=2 offset=1995 suppressed=true
time=2026-09-03T23:45:08.132Z level=INFO msg=redelivery key=pf-s313-graded:4067 partition=2 offset=1996 suppressed=true
time=2026-09-03T23:45:08.153Z level=INFO msg=redelivery key=pf-s313-graded:4068 partition=2 offset=1997 suppressed=true
time=2026-09-03T23:45:08.173Z level=INFO msg=redelivery key=pf-s313-graded:4069 partition=2 offset=1998 suppressed=true
time=2026-09-03T23:45:08.193Z level=INFO msg=redelivery key=pf-s313-graded:4073 partition=2 offset=1999 suppressed=true
time=2026-09-03T23:45:08.213Z level=INFO msg=redelivery key=pf-s313-graded:4074 partition=2 offset=2000 suppressed=true
time=2026-09-03T23:45:08.232Z level=INFO msg=redelivery key=pf-s313-graded:4080 partition=2 offset=2001 suppressed=true
time=2026-09-03T23:45:08.253Z level=INFO msg=redelivery key=pf-s313-graded:4082 partition=2 offset=2002 suppressed=true
time=2026-09-03T23:45:08.272Z level=INFO msg=redelivery key=pf-s313-graded:4083 partition=2 offset=2003 suppressed=true
time=2026-09-03T23:45:08.293Z level=INFO msg=redelivery key=pf-s313-graded:4084 partition=2 offset=2004 suppressed=true
time=2026-09-03T23:45:08.312Z level=INFO msg=redelivery key=pf-s313-graded:4085 partition=2 offset=2005 suppressed=true
time=2026-09-03T23:45:08.333Z level=INFO msg=redelivery key=pf-s313-graded:4086 partition=2 offset=2006 suppressed=true
time=2026-09-03T23:45:08.353Z level=INFO msg=redelivery key=pf-s313-graded:4087 partition=2 offset=2007 suppressed=true
time=2026-09-03T23:45:08.374Z level=INFO msg=redelivery key=pf-s313-graded:4091 partition=2 offset=2008 suppressed=true
time=2026-09-03T23:45:08.393Z level=INFO msg=redelivery key=pf-s313-graded:4092 partition=2 offset=2009 suppressed=true
time=2026-09-03T23:45:08.413Z level=INFO msg=redelivery key=pf-s313-graded:4094 partition=2 offset=2010 suppressed=true
time=2026-09-03T23:45:08.433Z level=INFO msg=redelivery key=pf-s313-graded:4099 partition=2 offset=2011 suppressed=true
time=2026-09-03T23:45:08.453Z level=INFO msg=redelivery key=pf-s313-graded:4100 partition=2 offset=2012 suppressed=true
time=2026-09-03T23:45:08.473Z level=INFO msg=redelivery key=pf-s313-graded:4103 partition=2 offset=2013 suppressed=true
time=2026-09-03T23:45:08.493Z level=INFO msg=redelivery key=pf-s313-graded:4104 partition=2 offset=2014 suppressed=true
time=2026-09-03T23:45:08.513Z level=INFO msg=redelivery key=pf-s313-graded:4106 partition=2 offset=2015 suppressed=true
time=2026-09-03T23:45:08.533Z level=INFO msg=redelivery key=pf-s313-graded:4107 partition=2 offset=2016 suppressed=true
time=2026-09-03T23:45:08.553Z level=INFO msg=redelivery key=pf-s313-graded:4108 partition=2 offset=2017 suppressed=true
time=2026-09-03T23:45:08.573Z level=INFO msg=redelivery key=pf-s313-graded:4109 partition=2 offset=2018 suppressed=true
time=2026-09-03T23:45:08.593Z level=INFO msg=redelivery key=pf-s313-graded:4111 partition=2 offset=2019 suppressed=true
time=2026-09-03T23:45:08.613Z level=INFO msg=redelivery key=pf-s313-graded:4114 partition=2 offset=2020 suppressed=true
time=2026-09-03T23:45:08.633Z level=INFO msg=redelivery key=pf-s313-graded:4116 partition=2 offset=2021 suppressed=true
time=2026-09-03T23:45:08.654Z level=INFO msg=redelivery key=pf-s313-graded:4118 partition=2 offset=2022 suppressed=true
time=2026-09-03T23:45:08.673Z level=INFO msg=redelivery key=pf-s313-graded:4120 partition=2 offset=2023 suppressed=true
time=2026-09-03T23:45:08.693Z level=INFO msg=redelivery key=pf-s313-graded:4121 partition=2 offset=2024 suppressed=true
time=2026-09-03T23:45:08.713Z level=INFO msg=redelivery key=pf-s313-graded:4122 partition=2 offset=2025 suppressed=true
time=2026-09-03T23:45:08.733Z level=INFO msg=redelivery key=pf-s313-graded:4123 partition=2 offset=2026 suppressed=true
time=2026-09-03T23:45:08.753Z level=INFO msg=redelivery key=pf-s313-graded:4124 partition=2 offset=2027 suppressed=true
time=2026-09-03T23:45:08.773Z level=INFO msg=redelivery key=pf-s313-graded:4125 partition=2 offset=2028 suppressed=true
time=2026-09-03T23:45:08.793Z level=INFO msg=redelivery key=pf-s313-graded:4127 partition=2 offset=2029 suppressed=true
time=2026-09-03T23:45:08.813Z level=INFO msg=redelivery key=pf-s313-graded:4136 partition=2 offset=2030 suppressed=true
time=2026-09-03T23:45:08.833Z level=INFO msg=redelivery key=pf-s313-graded:4138 partition=2 offset=2031 suppressed=true
time=2026-09-03T23:45:08.853Z level=INFO msg=redelivery key=pf-s313-graded:4141 partition=2 offset=2032 suppressed=true
time=2026-09-03T23:45:08.873Z level=INFO msg=redelivery key=pf-s313-graded:4142 partition=2 offset=2033 suppressed=true
time=2026-09-03T23:45:08.892Z level=INFO msg=redelivery key=pf-s313-graded:4143 partition=2 offset=2034 suppressed=true
time=2026-09-03T23:45:08.913Z level=INFO msg=redelivery key=pf-s313-graded:4144 partition=2 offset=2035 suppressed=true
time=2026-09-03T23:45:08.933Z level=INFO msg=redelivery key=pf-s313-graded:4153 partition=2 offset=2036 suppressed=true
time=2026-09-03T23:45:08.953Z level=INFO msg=redelivery key=pf-s313-graded:4154 partition=2 offset=2037 suppressed=true
time=2026-09-03T23:45:08.973Z level=INFO msg=redelivery key=pf-s313-graded:4158 partition=2 offset=2038 suppressed=true
time=2026-09-03T23:45:08.993Z level=INFO msg=redelivery key=pf-s313-graded:4160 partition=2 offset=2039 suppressed=true
time=2026-09-03T23:45:09.013Z level=INFO msg=redelivery key=pf-s313-graded:4161 partition=2 offset=2040 suppressed=true
time=2026-09-03T23:45:09.032Z level=INFO msg=redelivery key=pf-s313-graded:4162 partition=2 offset=2041 suppressed=true
time=2026-09-03T23:45:09.053Z level=INFO msg=redelivery key=pf-s313-graded:4163 partition=2 offset=2042 suppressed=true
time=2026-09-03T23:45:09.072Z level=INFO msg=redelivery key=pf-s313-graded:4164 partition=2 offset=2043 suppressed=true
time=2026-09-03T23:45:09.093Z level=INFO msg=redelivery key=pf-s313-graded:4165 partition=2 offset=2044 suppressed=true
time=2026-09-03T23:45:09.113Z level=INFO msg=redelivery key=pf-s313-graded:4166 partition=2 offset=2045 suppressed=true
time=2026-09-03T23:45:09.133Z level=INFO msg=redelivery key=pf-s313-graded:4168 partition=2 offset=2046 suppressed=true
time=2026-09-03T23:45:09.152Z level=INFO msg=redelivery key=pf-s313-graded:4169 partition=2 offset=2047 suppressed=true
time=2026-09-03T23:45:09.173Z level=INFO msg=redelivery key=pf-s313-graded:4172 partition=2 offset=2048 suppressed=true
time=2026-09-03T23:45:09.193Z level=INFO msg=redelivery key=pf-s313-graded:4177 partition=2 offset=2049 suppressed=true
time=2026-09-03T23:45:09.213Z level=INFO msg=redelivery key=pf-s313-graded:4178 partition=2 offset=2050 suppressed=true
time=2026-09-03T23:45:09.233Z level=INFO msg=redelivery key=pf-s313-graded:4182 partition=2 offset=2051 suppressed=true
time=2026-09-03T23:45:09.253Z level=INFO msg=redelivery key=pf-s313-graded:4183 partition=2 offset=2052 suppressed=true
time=2026-09-03T23:45:09.273Z level=INFO msg=redelivery key=pf-s313-graded:4187 partition=2 offset=2053 suppressed=true
time=2026-09-03T23:45:09.293Z level=INFO msg=redelivery key=pf-s313-graded:4191 partition=2 offset=2054 suppressed=true
time=2026-09-03T23:45:09.313Z level=INFO msg=redelivery key=pf-s313-graded:4192 partition=2 offset=2055 suppressed=true
time=2026-09-03T23:45:09.333Z level=INFO msg=redelivery key=pf-s313-graded:4193 partition=2 offset=2056 suppressed=true
time=2026-09-03T23:45:09.353Z level=INFO msg=redelivery key=pf-s313-graded:4196 partition=2 offset=2057 suppressed=true
time=2026-09-03T23:45:09.373Z level=INFO msg=redelivery key=pf-s313-graded:4197 partition=2 offset=2058 suppressed=true
time=2026-09-03T23:45:09.393Z level=INFO msg=redelivery key=pf-s313-graded:4200 partition=2 offset=2059 suppressed=true
time=2026-09-03T23:45:09.413Z level=INFO msg=redelivery key=pf-s313-graded:4203 partition=2 offset=2060 suppressed=true
time=2026-09-03T23:45:09.433Z level=INFO msg=redelivery key=pf-s313-graded:4205 partition=2 offset=2061 suppressed=true
time=2026-09-03T23:45:09.452Z level=INFO msg=redelivery key=pf-s313-graded:4206 partition=2 offset=2062 suppressed=true
time=2026-09-03T23:45:09.473Z level=INFO msg=redelivery key=pf-s313-graded:4211 partition=2 offset=2063 suppressed=true
time=2026-09-03T23:45:09.493Z level=INFO msg=redelivery key=pf-s313-graded:4212 partition=2 offset=2064 suppressed=true
time=2026-09-03T23:45:09.513Z level=INFO msg=redelivery key=pf-s313-graded:4219 partition=2 offset=2065 suppressed=true
time=2026-09-03T23:45:09.533Z level=INFO msg=redelivery key=pf-s313-graded:4222 partition=2 offset=2066 suppressed=true
time=2026-09-03T23:45:09.553Z level=INFO msg=redelivery key=pf-s313-graded:4225 partition=2 offset=2067 suppressed=true
time=2026-09-03T23:45:09.573Z level=INFO msg=redelivery key=pf-s313-graded:4227 partition=2 offset=2068 suppressed=true
time=2026-09-03T23:45:09.592Z level=INFO msg=redelivery key=pf-s313-graded:4230 partition=2 offset=2069 suppressed=true
time=2026-09-03T23:45:09.613Z level=INFO msg=redelivery key=pf-s313-graded:4231 partition=2 offset=2070 suppressed=true
time=2026-09-03T23:45:09.633Z level=INFO msg=redelivery key=pf-s313-graded:4236 partition=2 offset=2071 suppressed=true
time=2026-09-03T23:45:09.653Z level=INFO msg=redelivery key=pf-s313-graded:4237 partition=2 offset=2072 suppressed=true
time=2026-09-03T23:45:09.672Z level=INFO msg=redelivery key=pf-s313-graded:4238 partition=2 offset=2073 suppressed=true
time=2026-09-03T23:45:09.693Z level=INFO msg=redelivery key=pf-s313-graded:4241 partition=2 offset=2074 suppressed=true
time=2026-09-03T23:45:09.713Z level=INFO msg=redelivery key=pf-s313-graded:4242 partition=2 offset=2075 suppressed=true
time=2026-09-03T23:45:09.733Z level=INFO msg=redelivery key=pf-s313-graded:4243 partition=2 offset=2076 suppressed=true
time=2026-09-03T23:45:09.752Z level=INFO msg=redelivery key=pf-s313-graded:4245 partition=2 offset=2077 suppressed=true
time=2026-09-03T23:45:09.773Z level=INFO msg=redelivery key=pf-s313-graded:4246 partition=2 offset=2078 suppressed=true
time=2026-09-03T23:45:09.793Z level=INFO msg=redelivery key=pf-s313-graded:4250 partition=2 offset=2079 suppressed=true
time=2026-09-03T23:45:09.813Z level=INFO msg=redelivery key=pf-s313-graded:4251 partition=2 offset=2080 suppressed=true
time=2026-09-03T23:45:09.833Z level=INFO msg=redelivery key=pf-s313-graded:4253 partition=2 offset=2081 suppressed=true
time=2026-09-03T23:45:09.853Z level=INFO msg=redelivery key=pf-s313-graded:4254 partition=2 offset=2082 suppressed=true
time=2026-09-03T23:45:09.873Z level=INFO msg=redelivery key=pf-s313-graded:4259 partition=2 offset=2083 suppressed=true
time=2026-09-03T23:45:09.893Z level=INFO msg=redelivery key=pf-s313-graded:4264 partition=2 offset=2084 suppressed=true
time=2026-09-03T23:45:09.913Z level=INFO msg=redelivery key=pf-s313-graded:4265 partition=2 offset=2085 suppressed=true
time=2026-09-03T23:45:09.933Z level=INFO msg=redelivery key=pf-s313-graded:4268 partition=2 offset=2086 suppressed=true
time=2026-09-03T23:45:09.953Z level=INFO msg=redelivery key=pf-s313-graded:4269 partition=2 offset=2087 suppressed=true
time=2026-09-03T23:45:09.973Z level=INFO msg=redelivery key=pf-s313-graded:4271 partition=2 offset=2088 suppressed=true
time=2026-09-03T23:45:09.992Z level=INFO msg=redelivery key=pf-s313-graded:4273 partition=2 offset=2089 suppressed=true
time=2026-09-03T23:45:10.013Z level=INFO msg=redelivery key=pf-s313-graded:4278 partition=2 offset=2090 suppressed=true
time=2026-09-03T23:45:10.033Z level=INFO msg=redelivery key=pf-s313-graded:4279 partition=2 offset=2091 suppressed=true
time=2026-09-03T23:45:10.053Z level=INFO msg=redelivery key=pf-s313-graded:4282 partition=2 offset=2092 suppressed=true
time=2026-09-03T23:45:10.074Z level=INFO msg=redelivery key=pf-s313-graded:4283 partition=2 offset=2093 suppressed=true
time=2026-09-03T23:45:10.093Z level=INFO msg=redelivery key=pf-s313-graded:4284 partition=2 offset=2094 suppressed=true
time=2026-09-03T23:45:10.112Z level=INFO msg=redelivery key=pf-s313-graded:4289 partition=2 offset=2095 suppressed=true
time=2026-09-03T23:45:10.133Z level=INFO msg=redelivery key=pf-s313-graded:4292 partition=2 offset=2096 suppressed=true
time=2026-09-03T23:45:10.153Z level=INFO msg=redelivery key=pf-s313-graded:4293 partition=2 offset=2097 suppressed=true
time=2026-09-03T23:45:10.172Z level=INFO msg=redelivery key=pf-s313-graded:4294 partition=2 offset=2098 suppressed=true
time=2026-09-03T23:45:10.193Z level=INFO msg=redelivery key=pf-s313-graded:4297 partition=2 offset=2099 suppressed=true
time=2026-09-03T23:45:10.213Z level=INFO msg=redelivery key=pf-s313-graded:4298 partition=2 offset=2100 suppressed=true
time=2026-09-03T23:45:10.233Z level=INFO msg=redelivery key=pf-s313-graded:4301 partition=2 offset=2101 suppressed=true
time=2026-09-03T23:45:10.252Z level=INFO msg=redelivery key=pf-s313-graded:4302 partition=2 offset=2102 suppressed=true
time=2026-09-03T23:45:10.273Z level=INFO msg=redelivery key=pf-s313-graded:4303 partition=2 offset=2103 suppressed=true
time=2026-09-03T23:45:10.292Z level=INFO msg=redelivery key=pf-s313-graded:4304 partition=2 offset=2104 suppressed=true
time=2026-09-03T23:45:10.313Z level=INFO msg=redelivery key=pf-s313-graded:4305 partition=2 offset=2105 suppressed=true
time=2026-09-03T23:45:10.332Z level=INFO msg=redelivery key=pf-s313-graded:4307 partition=2 offset=2106 suppressed=true
time=2026-09-03T23:45:10.353Z level=INFO msg=redelivery key=pf-s313-graded:4311 partition=2 offset=2107 suppressed=true
time=2026-09-03T23:45:10.373Z level=INFO msg=redelivery key=pf-s313-graded:4314 partition=2 offset=2108 suppressed=true
time=2026-09-03T23:45:10.392Z level=INFO msg=redelivery key=pf-s313-graded:4315 partition=2 offset=2109 suppressed=true
time=2026-09-03T23:45:10.413Z level=INFO msg=redelivery key=pf-s313-graded:4317 partition=2 offset=2110 suppressed=true
time=2026-09-03T23:45:10.433Z level=INFO msg=redelivery key=pf-s313-graded:4319 partition=2 offset=2111 suppressed=true
time=2026-09-03T23:45:10.453Z level=INFO msg=redelivery key=pf-s313-graded:4320 partition=2 offset=2112 suppressed=true
time=2026-09-03T23:45:10.472Z level=INFO msg=redelivery key=pf-s313-graded:4321 partition=2 offset=2113 suppressed=true
time=2026-09-03T23:45:10.493Z level=INFO msg=redelivery key=pf-s313-graded:4322 partition=2 offset=2114 suppressed=true
time=2026-09-03T23:45:10.513Z level=INFO msg=redelivery key=pf-s313-graded:4324 partition=2 offset=2115 suppressed=true
time=2026-09-03T23:45:10.533Z level=INFO msg=redelivery key=pf-s313-graded:4327 partition=2 offset=2116 suppressed=true
time=2026-09-03T23:45:10.553Z level=INFO msg=redelivery key=pf-s313-graded:4328 partition=2 offset=2117 suppressed=true
time=2026-09-03T23:45:10.573Z level=INFO msg=redelivery key=pf-s313-graded:4329 partition=2 offset=2118 suppressed=true
time=2026-09-03T23:45:10.593Z level=INFO msg=redelivery key=pf-s313-graded:4330 partition=2 offset=2119 suppressed=true
time=2026-09-03T23:45:10.612Z level=INFO msg=redelivery key=pf-s313-graded:4332 partition=2 offset=2120 suppressed=true
time=2026-09-03T23:45:10.633Z level=INFO msg=redelivery key=pf-s313-graded:4333 partition=2 offset=2121 suppressed=true
time=2026-09-03T23:45:10.653Z level=INFO msg=redelivery key=pf-s313-graded:4334 partition=2 offset=2122 suppressed=true
time=2026-09-03T23:45:10.673Z level=INFO msg=redelivery key=pf-s313-graded:4335 partition=2 offset=2123 suppressed=true
time=2026-09-03T23:45:10.693Z level=INFO msg=redelivery key=pf-s313-graded:4336 partition=2 offset=2124 suppressed=true
time=2026-09-03T23:45:10.712Z level=INFO msg=redelivery key=pf-s313-graded:4337 partition=2 offset=2125 suppressed=true
time=2026-09-03T23:45:10.733Z level=INFO msg=redelivery key=pf-s313-graded:4338 partition=2 offset=2126 suppressed=true
time=2026-09-03T23:45:10.753Z level=INFO msg=redelivery key=pf-s313-graded:4341 partition=2 offset=2127 suppressed=true
time=2026-09-03T23:45:10.773Z level=INFO msg=redelivery key=pf-s313-graded:4345 partition=2 offset=2128 suppressed=true
time=2026-09-03T23:45:10.793Z level=INFO msg=redelivery key=pf-s313-graded:4348 partition=2 offset=2129 suppressed=true
time=2026-09-03T23:45:10.813Z level=INFO msg=redelivery key=pf-s313-graded:4349 partition=2 offset=2130 suppressed=true
time=2026-09-03T23:45:10.833Z level=INFO msg=redelivery key=pf-s313-graded:4352 partition=2 offset=2131 suppressed=true
time=2026-09-03T23:45:10.852Z level=INFO msg=redelivery key=pf-s313-graded:4353 partition=2 offset=2132 suppressed=true
time=2026-09-03T23:45:10.873Z level=INFO msg=redelivery key=pf-s313-graded:4354 partition=2 offset=2133 suppressed=true
time=2026-09-03T23:45:10.892Z level=INFO msg=redelivery key=pf-s313-graded:4355 partition=2 offset=2134 suppressed=true
time=2026-09-03T23:45:10.913Z level=INFO msg=redelivery key=pf-s313-graded:4357 partition=2 offset=2135 suppressed=true
time=2026-09-03T23:45:10.932Z level=INFO msg=redelivery key=pf-s313-graded:4358 partition=2 offset=2136 suppressed=true
time=2026-09-03T23:45:10.953Z level=INFO msg=redelivery key=pf-s313-graded:4360 partition=2 offset=2137 suppressed=true
time=2026-09-03T23:45:10.973Z level=INFO msg=redelivery key=pf-s313-graded:4364 partition=2 offset=2138 suppressed=true
time=2026-09-03T23:45:10.993Z level=INFO msg=redelivery key=pf-s313-graded:4365 partition=2 offset=2139 suppressed=true
time=2026-09-03T23:45:11.013Z level=INFO msg=redelivery key=pf-s313-graded:4367 partition=2 offset=2140 suppressed=true
time=2026-09-03T23:45:11.033Z level=INFO msg=redelivery key=pf-s313-graded:4369 partition=2 offset=2141 suppressed=true
time=2026-09-03T23:45:11.052Z level=INFO msg=redelivery key=pf-s313-graded:4370 partition=2 offset=2142 suppressed=true
time=2026-09-03T23:45:11.073Z level=INFO msg=redelivery key=pf-s313-graded:4372 partition=2 offset=2143 suppressed=true
time=2026-09-03T23:45:11.093Z level=INFO msg=redelivery key=pf-s313-graded:4374 partition=2 offset=2144 suppressed=true
time=2026-09-03T23:45:11.113Z level=INFO msg=redelivery key=pf-s313-graded:4376 partition=2 offset=2145 suppressed=true
time=2026-09-03T23:45:11.133Z level=INFO msg=redelivery key=pf-s313-graded:4377 partition=2 offset=2146 suppressed=true
time=2026-09-03T23:45:11.153Z level=INFO msg=redelivery key=pf-s313-graded:4379 partition=2 offset=2147 suppressed=true
time=2026-09-03T23:45:11.173Z level=INFO msg=redelivery key=pf-s313-graded:4386 partition=2 offset=2148 suppressed=true
time=2026-09-03T23:45:11.192Z level=INFO msg=redelivery key=pf-s313-graded:4389 partition=2 offset=2149 suppressed=true
time=2026-09-03T23:45:11.213Z level=INFO msg=redelivery key=pf-s313-graded:4390 partition=2 offset=2150 suppressed=true
time=2026-09-03T23:45:11.233Z level=INFO msg=redelivery key=pf-s313-graded:4392 partition=2 offset=2151 suppressed=true
time=2026-09-03T23:45:11.252Z level=INFO msg=redelivery key=pf-s313-graded:4395 partition=2 offset=2152 suppressed=true
time=2026-09-03T23:45:11.273Z level=INFO msg=redelivery key=pf-s313-graded:4397 partition=2 offset=2153 suppressed=true
time=2026-09-03T23:45:11.293Z level=INFO msg=redelivery key=pf-s313-graded:4399 partition=2 offset=2154 suppressed=true
time=2026-09-03T23:45:11.313Z level=INFO msg=redelivery key=pf-s313-graded:4403 partition=2 offset=2155 suppressed=true
time=2026-09-03T23:45:11.333Z level=INFO msg=redelivery key=pf-s313-graded:4405 partition=2 offset=2156 suppressed=true
time=2026-09-03T23:45:11.353Z level=INFO msg=redelivery key=pf-s313-graded:4408 partition=2 offset=2157 suppressed=true
time=2026-09-03T23:45:11.372Z level=INFO msg=redelivery key=pf-s313-graded:4409 partition=2 offset=2158 suppressed=true
time=2026-09-03T23:45:11.393Z level=INFO msg=redelivery key=pf-s313-graded:4412 partition=2 offset=2159 suppressed=true
time=2026-09-03T23:45:11.413Z level=INFO msg=redelivery key=pf-s313-graded:4414 partition=2 offset=2160 suppressed=true
time=2026-09-03T23:45:11.432Z level=INFO msg=redelivery key=pf-s313-graded:4416 partition=2 offset=2161 suppressed=true
time=2026-09-03T23:45:11.453Z level=INFO msg=redelivery key=pf-s313-graded:4417 partition=2 offset=2162 suppressed=true
time=2026-09-03T23:45:11.473Z level=INFO msg=redelivery key=pf-s313-graded:4422 partition=2 offset=2163 suppressed=true
time=2026-09-03T23:45:11.493Z level=INFO msg=redelivery key=pf-s313-graded:4423 partition=2 offset=2164 suppressed=true
time=2026-09-03T23:45:11.513Z level=INFO msg=redelivery key=pf-s313-graded:4425 partition=2 offset=2165 suppressed=true
time=2026-09-03T23:45:11.535Z level=INFO msg=redelivery key=pf-s313-graded:4426 partition=2 offset=2166 suppressed=true
time=2026-09-03T23:45:11.552Z level=INFO msg=redelivery key=pf-s313-graded:4428 partition=2 offset=2167 suppressed=true
time=2026-09-03T23:45:11.573Z level=INFO msg=redelivery key=pf-s313-graded:4429 partition=2 offset=2168 suppressed=true
time=2026-09-03T23:45:11.593Z level=INFO msg=redelivery key=pf-s313-graded:4433 partition=2 offset=2169 suppressed=true
time=2026-09-03T23:45:11.613Z level=INFO msg=redelivery key=pf-s313-graded:4434 partition=2 offset=2170 suppressed=true
time=2026-09-03T23:45:11.632Z level=INFO msg=redelivery key=pf-s313-graded:4435 partition=2 offset=2171 suppressed=true
time=2026-09-03T23:45:11.653Z level=INFO msg=redelivery key=pf-s313-graded:4438 partition=2 offset=2172 suppressed=true
time=2026-09-03T23:45:11.673Z level=INFO msg=redelivery key=pf-s313-graded:4440 partition=2 offset=2173 suppressed=true
time=2026-09-03T23:45:11.693Z level=INFO msg=redelivery key=pf-s313-graded:4443 partition=2 offset=2174 suppressed=true
time=2026-09-03T23:45:11.712Z level=INFO msg=redelivery key=pf-s313-graded:4444 partition=2 offset=2175 suppressed=true
time=2026-09-03T23:45:11.733Z level=INFO msg=redelivery key=pf-s313-graded:4445 partition=2 offset=2176 suppressed=true
time=2026-09-03T23:45:11.753Z level=INFO msg=redelivery key=pf-s313-graded:4446 partition=2 offset=2177 suppressed=true
time=2026-09-03T23:45:11.774Z level=INFO msg=redelivery key=pf-s313-graded:4449 partition=2 offset=2178 suppressed=true
time=2026-09-03T23:45:11.793Z level=INFO msg=redelivery key=pf-s313-graded:4451 partition=2 offset=2179 suppressed=true
time=2026-09-03T23:45:11.812Z level=INFO msg=redelivery key=pf-s313-graded:4452 partition=2 offset=2180 suppressed=true
time=2026-09-03T23:45:11.833Z level=INFO msg=redelivery key=pf-s313-graded:4455 partition=2 offset=2181 suppressed=true
time=2026-09-03T23:45:11.853Z level=INFO msg=redelivery key=pf-s313-graded:4456 partition=2 offset=2182 suppressed=true
time=2026-09-03T23:45:11.873Z level=INFO msg=redelivery key=pf-s313-graded:4457 partition=2 offset=2183 suppressed=true
time=2026-09-03T23:45:11.893Z level=INFO msg=redelivery key=pf-s313-graded:4460 partition=2 offset=2184 suppressed=true
time=2026-09-03T23:45:11.913Z level=INFO msg=redelivery key=pf-s313-graded:4462 partition=2 offset=2185 suppressed=true
time=2026-09-03T23:45:11.933Z level=INFO msg=redelivery key=pf-s313-graded:4463 partition=2 offset=2186 suppressed=true
time=2026-09-03T23:45:11.952Z level=INFO msg=redelivery key=pf-s313-graded:4466 partition=2 offset=2187 suppressed=true
time=2026-09-03T23:45:11.973Z level=INFO msg=redelivery key=pf-s313-graded:4468 partition=2 offset=2188 suppressed=true
time=2026-09-03T23:45:11.992Z level=INFO msg=redelivery key=pf-s313-graded:4469 partition=2 offset=2189 suppressed=true
time=2026-09-03T23:45:12.013Z level=INFO msg=redelivery key=pf-s313-graded:4473 partition=2 offset=2190 suppressed=true
time=2026-09-03T23:45:12.033Z level=INFO msg=redelivery key=pf-s313-graded:4476 partition=2 offset=2191 suppressed=true
time=2026-09-03T23:45:12.053Z level=INFO msg=redelivery key=pf-s313-graded:4480 partition=2 offset=2192 suppressed=true
time=2026-09-03T23:45:12.073Z level=INFO msg=redelivery key=pf-s313-graded:4481 partition=2 offset=2193 suppressed=true
time=2026-09-03T23:45:12.097Z level=INFO msg=redelivery key=pf-s313-graded:4483 partition=2 offset=2194 suppressed=true
time=2026-09-03T23:45:12.113Z level=INFO msg=redelivery key=pf-s313-graded:4484 partition=2 offset=2195 suppressed=true
time=2026-09-03T23:45:12.135Z level=INFO msg=redelivery key=pf-s313-graded:4485 partition=2 offset=2196 suppressed=true
time=2026-09-03T23:45:12.153Z level=INFO msg=redelivery key=pf-s313-graded:4487 partition=2 offset=2197 suppressed=true
time=2026-09-03T23:45:12.173Z level=INFO msg=redelivery key=pf-s313-graded:4490 partition=2 offset=2198 suppressed=true
time=2026-09-03T23:45:12.193Z level=INFO msg=redelivery key=pf-s313-graded:4491 partition=2 offset=2199 suppressed=true
time=2026-09-03T23:45:12.213Z level=INFO msg=redelivery key=pf-s313-graded:4494 partition=2 offset=2200 suppressed=true
time=2026-09-03T23:45:12.233Z level=INFO msg=redelivery key=pf-s313-graded:4495 partition=2 offset=2201 suppressed=true
time=2026-09-03T23:45:12.253Z level=INFO msg=redelivery key=pf-s313-graded:4496 partition=2 offset=2202 suppressed=true
time=2026-09-03T23:45:12.274Z level=INFO msg=redelivery key=pf-s313-graded:4497 partition=2 offset=2203 suppressed=true
time=2026-09-03T23:45:12.292Z level=INFO msg=redelivery key=pf-s313-graded:4498 partition=2 offset=2204 suppressed=true
time=2026-09-03T23:45:12.313Z level=INFO msg=redelivery key=pf-s313-graded:4499 partition=2 offset=2205 suppressed=true
time=2026-09-03T23:45:12.333Z level=INFO msg=redelivery key=pf-s313-graded:4505 partition=2 offset=2206 suppressed=true
time=2026-09-03T23:45:12.353Z level=INFO msg=redelivery key=pf-s313-graded:4506 partition=2 offset=2207 suppressed=true
time=2026-09-03T23:45:12.373Z level=INFO msg=redelivery key=pf-s313-graded:4509 partition=2 offset=2208 suppressed=true
time=2026-09-03T23:45:12.392Z level=INFO msg=redelivery key=pf-s313-graded:4510 partition=2 offset=2209 suppressed=true
time=2026-09-03T23:45:12.412Z level=INFO msg=redelivery key=pf-s313-graded:4511 partition=2 offset=2210 suppressed=true
time=2026-09-03T23:45:12.433Z level=INFO msg=redelivery key=pf-s313-graded:4512 partition=2 offset=2211 suppressed=true
time=2026-09-03T23:45:12.453Z level=INFO msg=redelivery key=pf-s313-graded:4513 partition=2 offset=2212 suppressed=true
time=2026-09-03T23:45:12.472Z level=INFO msg=redelivery key=pf-s313-graded:4516 partition=2 offset=2213 suppressed=true
time=2026-09-03T23:45:12.493Z level=INFO msg=redelivery key=pf-s313-graded:4517 partition=2 offset=2214 suppressed=true
time=2026-09-03T23:45:12.513Z level=INFO msg=redelivery key=pf-s313-graded:4518 partition=2 offset=2215 suppressed=true
time=2026-09-03T23:45:12.533Z level=INFO msg=redelivery key=pf-s313-graded:4519 partition=2 offset=2216 suppressed=true
time=2026-09-03T23:45:12.553Z level=INFO msg=redelivery key=pf-s313-graded:4521 partition=2 offset=2217 suppressed=true
time=2026-09-03T23:45:12.573Z level=INFO msg=redelivery key=pf-s313-graded:4522 partition=2 offset=2218 suppressed=true
time=2026-09-03T23:45:12.593Z level=INFO msg=redelivery key=pf-s313-graded:4523 partition=2 offset=2219 suppressed=true
time=2026-09-03T23:45:12.612Z level=INFO msg=redelivery key=pf-s313-graded:4526 partition=2 offset=2220 suppressed=true
time=2026-09-03T23:45:12.635Z level=INFO msg=redelivery key=pf-s313-graded:4527 partition=2 offset=2221 suppressed=true
time=2026-09-03T23:45:12.653Z level=INFO msg=redelivery key=pf-s313-graded:4529 partition=2 offset=2222 suppressed=true
time=2026-09-03T23:45:12.672Z level=INFO msg=redelivery key=pf-s313-graded:4530 partition=2 offset=2223 suppressed=true
time=2026-09-03T23:45:12.696Z level=INFO msg=redelivery key=pf-s313-graded:4531 partition=2 offset=2224 suppressed=true
time=2026-09-03T23:45:12.712Z level=INFO msg=redelivery key=pf-s313-graded:4533 partition=2 offset=2225 suppressed=true
